minute,hours,r_primary,p_primary,hit_primary,n_primary,r_supp,p_supp,hit_supp,n_supp
1,0.016666666666666666,0.07133038907433825,0.08059023337547526,49.750415973377706,601,0.09918252222771558,0.0015407560950708935,51.524090462143555,1017
2,0.03333333333333333,0.10051905022257912,0.013687126984331487,48.25291181364393,601,0.04408732575778524,0.16004561171826479,51.130776794493606,1017
3,0.05,0.07832789681974132,0.054961088687403827,46.25623960066555,601,0.0014898846592773258,0.9621508591101878,50.442477876106196,1017
4,0.06666666666666667,0.07712186364559612,0.058818898249349855,45.92346089850249,601,-0.007740139378743379,0.805266903855994,49.6558505408063,1017
5,0.08333333333333333,0.07767812050452057,0.05701256755294408,48.58569051580699,601,-0.07536102587587962,0.016227451134867826,49.95083579154376,1017
6,0.1,0.0868692772253373,0.03323612264555541,48.91846921797005,601,-0.07889416971702182,0.011842629438570985,50.34414945919371,1017
7,0.11666666666666667,0.070253898210805,0.08528047663480427,49.91680532445923,601,-0.06557151308123067,0.03654752083963376,50.63913470993116,1017
8,0.13333333333333333,0.08608197359210477,0.034871304065319,49.08485856905158,601,-0.07863400563163632,0.012125392538230454,51.2291052114061,1017
9,0.15,0.06835163081232033,0.09410492707694561,50.08319467554077,601,-0.07762188701467777,0.013283073126279722,51.130776794493606,1017
10,0.16666666666666666,0.03895285708284116,0.34043059066611403,51.41430948419301,601,-0.06580590985827468,0.03588102921245301,50.34414945919371,1017
11,0.18333333333333332,0.05006422183329339,0.22036695481274568,50.74875207986689,601,-0.0816601667189843,0.009178634963626616,49.45919370698132,1017
12,0.2,0.06791660732240977,0.09622221238318274,49.91680532445923,601,-0.0624465075998646,0.0464874087116926,50.24582104228122,1017
13,0.21666666666666667,0.0597496210890928,0.14345703302566973,50.74875207986689,601,-0.04848140187550754,0.12232199392654385,48.86922320550639,1017
14,0.23333333333333334,0.0657393241399225,0.10739652687610303,50.41597337770383,601,-0.045581754575406634,0.14633777515281732,49.06588003933137,1017
15,0.25,0.07174866107615105,0.07882516251298033,49.91680532445923,601,-0.04376968933736736,0.1630802619881477,49.45919370698132,1017
16,0.26666666666666666,0.044637003066872336,0.2745887750215312,48.41930116472546,601,-0.03863737460794267,0.21828278631948358,49.6558505408063,1017
17,0.2833333333333333,0.02863324979346009,0.48353080500421103,49.08485856905158,601,-0.05700001910050774,0.06921750452125598,48.77089478859391,1017
18,0.3,0.034860268646263466,0.39360933148083604,47.587354409317804,601,-0.07820864133713223,0.0126005881697566,49.75417895771878,1017
19,0.31666666666666665,0.02068837721435396,0.6127302258669629,49.25124792013311,601,-0.07016378869762241,0.025249748612998214,50.24582104228122,1017
20,0.3333333333333333,0.021167142996807695,0.6045304151504829,48.58569051580699,601,-0.05468530889921003,0.08131647220009616,50.54080629301868,1017
21,0.35,0.03322668614285133,0.4161659216605581,49.25124792013311,601,-0.06738490622331766,0.031655490524932335,50.835791543756145,1017
22,0.36666666666666664,0.0286513240287916,0.48325466018670665,50.249584026622294,601,-0.0647644862750632,0.0389233773871265,51.720747295968536,1017
23,0.38333333333333336,0.03656729353744109,0.3708452337852687,50.249584026622294,601,-0.07236038447941959,0.021010696415315028,50.737463126843664,1017
24,0.4,0.021870198891950538,0.5925791050843597,52.079866888519135,601,-0.07097035322814586,0.02361432777738118,50.24582104228122,1017
25,0.4166666666666667,0.023384099450123253,0.5672183124938218,51.58069883527454,601,-0.08727371790486962,0.005351289589734125,50.24582104228122,1017
26,0.43333333333333335,0.018944818293438977,0.6429969610341734,51.24792013311148,601,-0.08739797319477752,0.005285958787894157,49.852507374631266,1017
27,0.45,0.0010894316902476395,0.9787371764966984,50.91514143094842,601,-0.08854276801626168,0.004717056868266696,49.95083579154376,1017
28,0.4666666666666667,0.013703191893591917,0.7374333061620193,50.74875207986689,601,-0.08844082246436383,0.0047653754376347085,50.54080629301868,1017
29,0.48333333333333334,0.02689540840283125,0.5104768177704283,50.249584026622294,601,-0.09084632727674626,0.003736823508461687,50.54080629301868,1017
30,0.5,0.020362172208154273,0.6183450497456666,49.750415973377706,601,-0.08517967636984067,0.006567435165329453,50.24582104228122,1017
31,0.5166666666666667,0.03946942570147579,0.33406075680619574,50.41597337770383,601,-0.08837169810616377,0.004798391918217874,49.75417895771878,1017
32,0.5333333333333333,0.03239545680189425,0.4279298531080094,51.08153078202995,601,-0.08689244606550169,0.00555632366756599,49.557522123893804,1017
33,0.55,0.025633389160673474,0.530524826133825,50.582362728785355,601,-0.08714790189322474,0.005418181970726051,50.04916420845624,1017
34,0.5666666666666667,0.0041113647265526585,0.9198823363077205,51.9134775374376,601,-0.09393118569882435,0.0027135288338409956,51.130776794493606,1017
35,0.5833333333333334,0.0005837886084317859,0.9886050321561776,51.41430948419301,601,-0.10925901115327885,0.0004821411523196806,50.24582104228122,1017
36,0.6,-0.005648264594304599,0.8900967876348319,49.750415973377706,601,-0.11127675451699465,0.00037748029524651725,51.2291052114061,1017
37,0.6166666666666667,-0.0050160688871890196,0.9023326229548482,50.91514143094842,601,-0.10884093995136697,0.000506961731309735,51.425762045231075,1017
38,0.6333333333333333,-0.017494394197958216,0.6686363894445646,51.58069883527454,601,-0.11799992760879982,0.00016218768164295494,51.32743362831859,1017
39,0.65,-0.01476145852927809,0.7179888910187301,51.74708818635607,601,-0.11403353880685108,0.0002684337202254444,51.130776794493606,1017
40,0.6666666666666666,-0.0033836757683925224,0.9340269700151168,51.24792013311148,601,-0.12146732942892252,0.00010306122439445933,51.425762045231075,1017
41,0.6833333333333333,0.009645761339326658,0.8134466835126901,50.41597337770383,601,-0.12068472736533192,0.00011428829381154432,50.24582104228122,1017
42,0.7,0.011881785254384176,0.7712888855936526,50.91514143094842,601,-0.10490268160550201,0.0008065808047546199,50.04916420845624,1017
43,0.7166666666666667,0.01687521030902721,0.679702595599203,50.249584026622294,601,-0.11000772038520504,0.0004404970716171449,48.67256637168141,1017
44,0.7333333333333333,0.011024802870527255,0.7873742230242989,50.582362728785355,601,-0.11052902744683853,0.00041350839983347664,49.164208456243855,1017
45,0.75,0.016436290230781424,0.6875891597676141,50.249584026622294,601,-0.12696392925276628,4.898912414914301e-05,48.96755162241888,1017
46,0.7666666666666667,0.01426255796019409,0.7271338058302534,50.582362728785355,601,-0.12099716398563957,0.00010967460463545652,49.75417895771878,1017
47,0.7833333333333333,0.011389982415460125,0.7805083909930981,49.58402662229617,601,-0.13046107958267633,3.0036186082502226e-05,48.86922320550639,1017
48,0.8,0.005585136180950153,0.8913174829692416,49.58402662229617,601,-0.12929139526628608,3.542485028399272e-05,48.96755162241888,1017
49,0.8166666666666667,-0.0002061558913085057,0.9959759244273279,48.91846921797005,601,-0.12527427419818032,6.17741936294554e-05,47.984267453294,1017
50,0.8333333333333334,-0.011772772254988042,0.7733297536173326,48.91846921797005,601,-0.12874451516527088,3.824770705668188e-05,48.37758112094395,1017
51,0.85,-0.005204364242541673,0.8986857047557905,48.75207986688852,601,-0.1255192756061325,5.9742394343155865e-05,47.885939036381515,1017
52,0.8666666666666667,-0.011388871815700013,0.7805292460953406,49.25124792013311,601,-0.11464766582902103,0.00024854500792213997,47.29596853490659,1017
53,0.8833333333333333,-0.019521430874345616,0.6329185917211475,48.91846921797005,601,-0.11352302065539428,0.00028609088976231804,47.29596853490659,1017
54,0.9,-0.012328211384181522,0.7629477987938168,49.417637271214645,601,-0.10250182647999773,0.0010624940080122514,47.09931170108162,1017
55,0.9166666666666666,0.0028222854586808614,0.9449535821701056,49.91680532445923,601,-0.10056944049387831,0.0013208800838396106,47.09931170108162,1017
56,0.9333333333333333,0.0035646862506767407,0.9305064171473404,50.74875207986689,601,-0.10099381369917296,0.001259617033739993,47.09931170108162,1017
57,0.95,-0.00043755112816496345,0.9914593141107896,50.41597337770383,601,-0.1026574025181019,0.0010438690173507638,46.11602753195674,1017
58,0.9666666666666667,-0.004395862832952976,0.9143589533169131,50.41597337770383,601,-0.10333697328495475,0.0009659966754779274,47.590953785644054,1017
59,0.9833333333333333,0.0079868521999778,0.8450832792234501,51.41430948419301,601,-0.1061027412052053,0.0007012952674733655,47.09931170108162,1017
60,1.0,0.01176500905680829,0.7734751508204819,50.74875207986689,601,-0.11222464218023773,0.0003360147679317796,47.590953785644054,1017
61,1.0166666666666666,0.009059171800792316,0.8246015235192367,50.41597337770383,601,-0.10695954364934357,0.0006340902895183268,47.590953785644054,1017
62,1.0333333333333334,0.01977207738930089,0.6285586115648834,50.41597337770383,601,-0.12188057694259996,9.756055476515776e-05,47.49262536873156,1017
63,1.05,0.018417994442918167,0.6522627999610224,50.74875207986689,601,-0.11594410025918014,0.00021100388586115768,47.984267453294,1017
64,1.0666666666666667,0.009094073565603048,0.8239368031253934,51.41430948419301,601,-0.11158081230695356,0.0003636855714949878,47.68928220255654,1017
65,1.0833333333333333,0.016400989521156893,0.6882249362850579,50.582362728785355,601,-0.11481049262591184,0.00024350816145005718,47.885939036381515,1017
66,1.1,0.014690987562288399,0.7192782269267203,52.079866888519135,601,-0.10370532612178945,0.0009260671271075825,48.279252704031464,1017
67,1.1166666666666667,0.003036459284847807,0.9407836818921924,51.24792013311148,601,-0.09801714952654667,0.0017510168196180655,48.08259587020649,1017
68,1.1333333333333333,0.005126527558727036,0.9001929970499954,49.91680532445923,601,-0.09207419991922339,0.0032935782036858795,48.37758112094395,1017
69,1.15,0.011085829669827456,0.7862256791831304,50.41597337770383,601,-0.08492109128068166,0.006733671366402909,48.574237954768925,1017
70,1.1666666666666667,0.011497231693177418,0.7784951831406168,50.41597337770383,601,-0.09718703192491798,0.0019165174098552888,48.86922320550639,1017
71,1.1833333333333333,0.016073163201884913,0.6941396364065348,50.08319467554077,601,-0.09627130075538465,0.0021156397283859842,49.36086529006883,1017
72,1.2,0.005214195443082173,0.8984953512776555,48.75207986688852,601,-0.08937750930905103,0.004337776070625292,49.852507374631266,1017
73,1.2166666666666666,0.001229925580412166,0.9759958857720931,49.750415973377706,601,-0.09466754350884632,0.002510559227645604,49.06588003933137,1017
74,1.2333333333333334,0.00553917981814514,0.8922062892700383,49.08485856905158,601,-0.09374186613664226,0.0027680778863992672,49.06588003933137,1017
75,1.25,-0.014594617526106503,0.7210427019066197,48.91846921797005,601,-0.09549080492283138,0.0023001217432420595,48.67256637168141,1017
76,1.2666666666666666,-0.02491514112506208,0.5421100968194161,49.08485856905158,601,-0.09392041856855149,0.00271660469219075,47.68928220255654,1017
77,1.2833333333333334,-0.029016397870670105,0.47769525470275526,48.25291181364393,601,-0.09251724902995201,0.0031457683876015548,48.67256637168141,1017
78,1.3,-0.020639001011919515,0.6135786727350099,47.920133111480865,601,-0.09446773632843537,0.002564216977269985,48.475909537856445,1017
79,1.3166666666666667,-0.06452155289748535,0.11407960549739736,48.41930116472546,601,-0.09457543343867211,0.0025351664482003234,48.67256637168141,1017
80,1.3333333333333333,-0.06873211038578697,0.0922838066126182,48.0865224625624,601,-0.09848151188342504,0.0016642633219670741,49.45919370698132,1017
81,1.35,-0.052157375627863004,0.2016513236481288,48.41930116472546,601,-0.10395357103106614,0.0009000246338020294,49.557522123893804,1017
82,1.3666666666666667,-0.05518548128926945,0.17666278937848107,49.08485856905158,601,-0.10743448786620251,0.0005994647057025553,49.852507374631266,1017
83,1.3833333333333333,-0.05306189755359576,0.19393173798886634,48.58569051580699,601,-0.10708440929485831,0.000624811325798406,49.557522123893804,1017
84,1.4,-0.03703821453306191,0.3647116397217979,48.58569051580699,601,-0.10459454522142858,0.0008358840587448083,49.06588003933137,1017
85,1.4166666666666667,-0.046851678467406614,0.2514553356707906,48.25291181364393,601,-0.11218759908131723,0.00033755193355877603,49.95083579154376,1017
86,1.4333333333333333,-0.04414754190039198,0.27989110554806795,48.75207986688852,601,-0.10603375659101462,0.0007069841168616792,49.45919370698132,1017
87,1.45,-0.0297565003311863,0.46653271190932266,47.75374376039934,601,-0.10860036264250247,0.0005217786170330244,49.164208456243855,1017
88,1.4666666666666666,-0.01908613912368407,0.6405207107156549,47.42096505823628,601,-0.11029478086166589,0.000425438988607676,49.164208456243855,1017
89,1.4833333333333334,-0.01807319683066815,0.6583563712445145,49.08485856905158,601,-0.11359652135149176,0.0002834834555060713,49.75417895771878,1017
90,1.5,-0.021125860554176375,0.6052355209711762,49.417637271214645,601,-0.11540419976148142,0.00022594101362937355,49.36086529006883,1017
91,1.5166666666666666,-0.01614107577776328,0.6929128043791112,49.58402662229617,601,-0.11489735851205898,0.00024086034066072735,48.96755162241888,1017
92,1.5333333333333334,-0.007307791968889688,0.8581087706185498,48.58569051580699,601,-0.11768140479945516,0.00016898325252120413,49.06588003933137,1017
93,1.55,-0.008351062460107656,0.8381142575733033,49.08485856905158,601,-0.12730608322799308,4.672537305282996e-05,49.75417895771878,1017
94,1.5666666666666667,0.002132626089095214,0.9583906976577103,47.920133111480865,601,-0.13147113284046644,2.601790430166299e-05,50.24582104228122,1017
95,1.5833333333333333,0.0074867496595661855,0.8546721754816434,47.25457570715474,601,-0.12734360411763201,4.6483244582356506e-05,50.835791543756145,1017
96,1.6,0.0027470281906531117,0.9464191818222313,49.08485856905158,601,-0.12920556400314268,3.5854422541251574e-05,51.130776794493606,1017
97,1.6166666666666667,0.010808212388306147,0.7914542341150822,49.08485856905158,601,-0.12565394467134733,5.865266162828473e-05,51.32743362831859,1017
98,1.6333333333333333,-0.0011214008384053276,0.9781133772317963,48.91846921797005,601,-0.12766090862679924,4.448260356807729e-05,51.2291052114061,1017
99,1.65,0.00229811999496766,0.9551650443925297,48.0865224625624,601,-0.12671898498087897,5.067306279087767e-05,51.2291052114061,1017
100,1.6666666666666667,-0.002546644909570135,0.9503224200634283,48.25291181364393,601,-0.13090548555876305,2.8200570322322556e-05,52.409046214355946,1017
101,1.6833333333333333,0.0033260796825709954,0.9351474550258044,48.25291181364393,601,-0.12743983707168957,4.5867656864977355e-05,51.425762045231075,1017
102,1.7,-0.006233609247697516,0.8787908999648928,48.0865224625624,601,-0.13227820350482508,2.3179706635639796e-05,50.04916420845624,1017
103,1.7166666666666666,0.0034178762323036765,0.9333616893470869,47.75374376039934,601,-0.12846155527991526,3.979070529397345e-05,50.24582104228122,1017
104,1.7333333333333334,0.0005296704575362271,0.9896613021716413,47.088186356073216,601,-0.12748562140629313,4.5577498920164196e-05,50.93411996066863,1017
105,1.75,0.005204320709358095,0.8986865476660794,47.088186356073216,601,-0.13075701309361693,2.8801652308407628e-05,49.75417895771878,1017
106,1.7666666666666666,0.012634236581734255,0.7572457365967031,47.088186356073216,601,-0.1313517167376099,2.6464891514021422e-05,51.425762045231075,1017
107,1.7833333333333334,0.010584269518598102,0.7956787446546394,47.088186356073216,601,-0.13944923980017904,8.064908552122197e-06,50.24582104228122,1017
108,1.8,0.00949578663029682,0.8162951739491255,47.25457570715474,601,-0.13837790954322482,9.474666647159053e-06,49.852507374631266,1017
109,1.8166666666666667,-0.004495121063785103,0.9124328628661366,46.75540765391015,601,-0.13275553071992602,2.1642256248448483e-05,49.95083579154376,1017
110,1.8333333333333333,0.004092491849069544,0.9202488827988476,47.587354409317804,601,-0.1327706350671336,2.1595224677951874e-05,50.737463126843664,1017
111,1.85,0.004662239235488523,0.9091911255857617,46.75540765391015,601,-0.13050516629379852,2.9849140442605525e-05,50.54080629301868,1017
112,1.8666666666666667,0.008729758742585796,0.8308814669443328,46.58901830282861,601,-0.13396826004415402,1.8160165004756697e-05,51.03244837758112,1017
113,1.8833333333333333,0.007707960783495563,0.8504279755546604,47.75374376039934,601,-0.13797673244436404,1.0060754208558503e-05,51.03244837758112,1017
114,1.9,0.008108635286660379,0.8427516328776342,47.587354409317804,601,-0.14420194854843904,3.890282323787829e-06,50.835791543756145,1017
115,1.9166666666666667,0.005148332385195121,0.8997707143709283,48.25291181364393,601,-0.13985741933337992,7.582405078020908e-06,50.54080629301868,1017
116,1.9333333333333333,0.009179074459119554,0.822318449287909,47.587354409317804,601,-0.13825505406459554,9.650597202753693e-06,50.54080629301868,1017
117,1.95,0.012217288091459489,0.7650177848290478,48.58569051580699,601,-0.12905554154414345,3.6617147167040576e-05,50.54080629301868,1017
118,1.9666666666666666,0.006142897252510049,0.8805414413172334,47.25457570715474,601,-0.13029526972324368,3.074967038680499e-05,50.34414945919371,1017
119,1.9833333333333334,-0.004772251396686838,0.9070579430603241,46.92179700499168,601,-0.1281082225968674,4.1800338508338134e-05,50.24582104228122,1017
120,2.0,-0.010502340792295953,0.7972257682746218,47.587354409317804,601,-0.13036222860148056,3.0459629914166937e-05,49.95083579154376,1017
121,2.0166666666666666,-0.01208971295401402,0.7674005888938018,47.75374376039934,601,-0.12210283276614345,9.471780486781733e-05,49.557522123893804,1017
122,2.033333333333333,-0.004698120726790243,0.9084952957011716,48.25291181364393,601,-0.12830711817021218,4.065755919093996e-05,50.63913470993116,1017
123,2.05,-0.00665834979724007,0.8706023419802746,48.25291181364393,601,-0.12377261092855152,7.572718158353064e-05,50.93411996066863,1017
124,2.066666666666667,-0.005439960886392432,0.8941256647417164,48.41930116472546,601,-0.1254602459743286,6.022606822763539e-05,50.93411996066863,1017
125,2.0833333333333335,-0.022422121767682865,0.5832733429108956,49.08485856905158,601,-0.1251458574930825,6.286507658226575e-05,50.835791543756145,1017
126,2.1,-0.012987409172983265,0.7506815547907965,48.41930116472546,601,-0.1237645997535353,7.580903498558463e-05,50.93411996066863,1017
127,2.1166666666666667,-0.006379099304714784,0.875984500235721,47.25457570715474,601,-0.1387140702535539,9.008782829272474e-06,51.2291052114061,1017
128,2.1333333333333333,-0.0062973013169920836,0.8775621361497369,47.920133111480865,601,-0.1418820700088108,5.569312939552745e-06,51.130776794493606,1017
129,2.15,-0.005965107049692726,0.883974081675497,47.75374376039934,601,-0.1389371996878876,8.711706057213018e-06,50.93411996066863,1017
130,2.1666666666666665,-0.0039528738219353765,0.9229610452849459,48.0865224625624,601,-0.12971291228829904,3.3385118026821186e-05,50.737463126843664,1017
131,2.183333333333333,-0.0034414523022515547,0.9329031055093923,49.417637271214645,601,-0.1378496912664225,1.0253449768337252e-05,50.34414945919371,1017
132,2.2,-0.008843234941157189,0.8287169141759921,48.91846921797005,601,-0.14561932353858495,3.1158812814266516e-06,50.835791543756145,1017
133,2.216666666666667,-0.004820242264995694,0.9061275882694418,48.75207986688852,601,-0.14410578251677442,3.9490143520182e-06,50.93411996066863,1017
134,2.2333333333333334,-0.0072569501217180366,0.8590855990723326,48.75207986688852,601,-0.14071310454672992,6.658819705064082e-06,50.54080629301868,1017
135,2.25,-0.006244036958353592,0.8785897058646994,48.75207986688852,601,-0.13577146516269314,1.3951756749312783e-05,50.54080629301868,1017
136,2.2666666666666666,-0.006309592344195605,0.8773250482604805,48.75207986688852,601,-0.12593602897735331,5.643067676562705e-05,50.04916420845624,1017
137,2.283333333333333,-0.004623533202269891,0.9099418081513138,48.41930116472546,601,-0.1303764171210579,3.0398504860133462e-05,50.24582104228122,1017
138,2.3,-0.0019840603365122098,0.9612869836263755,48.41930116472546,601,-0.13469640475950545,1.6332878284227703e-05,49.852507374631266,1017
139,2.316666666666667,-0.00518774508771571,0.8990075010463502,49.417637271214645,601,-0.13567155913215598,1.4158273359671659e-05,49.45919370698132,1017
140,2.3333333333333335,-0.003156215206826081,0.938452768243798,49.58402662229617,601,-0.12729949307595184,4.6768023487459567e-05,49.45919370698132,1017
141,2.35,6.26523866912379e-05,0.9987770472872026,48.91846921797005,601,-0.12560024045971074,5.90849596745182e-05,49.852507374631266,1017
142,2.3666666666666667,-0.0017759949022222651,0.9653440627930905,48.91846921797005,601,-0.12174177362396225,9.93765096658323e-05,50.04916420845624,1017
143,2.3833333333333333,0.005750923356687435,0.8881122618050301,49.417637271214645,601,-0.12128761432839225,0.00010554345412008251,49.164208456243855,1017
144,2.4,0.012265169938270308,0.7641240352727716,48.41930116472546,601,-0.11905063552644425,0.00014154729590874025,49.75417895771878,1017
145,2.4166666666666665,0.0072959582538486625,0.8583361134350199,47.75374376039934,601,-0.1161266235646578,0.0002061671805465994,49.6558505408063,1017
146,2.433333333333333,0.009087588439088,0.8240603058716498,48.25291181364393,601,-0.11501690707162723,0.00023726037663135538,49.164208456243855,1017
147,2.45,0.014802308112656076,0.7172418739178857,48.0865224625624,601,-0.12015583046592801,0.00012251751608097013,49.36086529006883,1017
148,2.466666666666667,0.01684036058516284,0.6803275170826294,47.587354409317804,601,-0.12483121851904408,6.561536436523e-05,49.45919370698132,1017
149,2.4833333333333334,0.018491040218911826,0.6509748190739822,48.25291181364393,601,-0.12769855915783374,4.425069976462791e-05,49.26253687315634,1017
150,2.5,0.012661046691090489,0.7567468152944119,47.75374376039934,601,-0.12391128803063647,7.432341946144413e-05,49.6558505408063,1017
151,2.5166666666666666,0.007348558996789864,0.8573256669116877,48.41930116472546,601,-0.12345524933092678,7.903445508748384e-05,49.45919370698132,1017
152,2.533333333333333,0.009603379593740656,0.8142513981637102,48.91846921797005,601,-0.12046655561402844,0.00011761771698713468,50.14749262536873,1017
153,2.55,0.007753896637350627,0.849547178786928,48.75207986688852,601,-0.11941633631748598,0.00013496237659541127,49.164208456243855,1017
154,2.566666666666667,0.011504697015981714,0.7783551043719198,49.25124792013311,601,-0.11348035732809075,0.0002876146432497047,49.164208456243855,1017
155,2.5833333333333335,0.015337262218240891,0.7074842879708547,48.25291181364393,601,-0.12122359087987347,0.00010644127691481381,49.06588003933137,1017
156,2.6,0.012683354404357784,0.7563317581508757,48.58569051580699,601,-0.12167695017812363,0.00010023546240405652,49.06588003933137,1017
157,2.6166666666666667,0.013919152465567564,0.7334511724704411,48.41930116472546,601,-0.11611591368318704,0.0002064480866073379,49.164208456243855,1017
158,2.6333333333333333,0.01031898377604495,0.8006908888718923,49.08485856905158,601,-0.11824686872495277,0.00015709687550084247,48.67256637168141,1017
159,2.65,0.009315346882720125,0.8197254991751316,48.91846921797005,601,-0.11693596172881796,0.0001859466671445761,49.852507374631266,1017
160,2.6666666666666665,0.006718102307282703,0.8694514641205049,49.417637271214645,601,-0.11238931819258124,0.0003292600883575614,49.852507374631266,1017
161,2.683333333333333,0.005757660469192134,0.8879820490817362,49.58402662229617,601,-0.11909549438943241,0.00014072359416524217,49.45919370698132,1017
162,2.7,0.006690438625767389,0.869984253096687,49.91680532445923,601,-0.11939285780087847,0.00013537632829788498,48.67256637168141,1017
163,2.716666666666667,0.00014031007141766805,0.9972612006911439,50.41597337770383,601,-0.11825316431941714,0.00015696907338988607,48.86922320550639,1017
164,2.7333333333333334,0.001155618806688432,0.9774457125778719,49.750415973377706,601,-0.11897889983200584,0.000142873941339458,48.77089478859391,1017
165,2.75,0.00014391977988034363,0.9971907408395887,49.25124792013311,601,-0.1218548571710083,9.789466591221611e-05,49.6558505408063,1017
166,2.7666666666666666,0.005472398793060194,0.8934980896640834,48.75207986688852,601,-0.12625121884424345,5.404216925910061e-05,49.45919370698132,1017
167,2.783333333333333,-0.0044141940950992685,0.914003199929114,49.58402662229617,601,-0.12903152295790493,3.67406787544249e-05,49.06588003933137,1017
168,2.8,-0.003410043710541908,0.9335140465115471,49.58402662229617,601,-0.125358875214093,6.10653238011601e-05,49.36086529006883,1017
169,2.816666666666667,-0.00421005130922893,0.9179659370523588,48.58569051580699,601,-0.12482398029743268,6.567995266633706e-05,48.96755162241888,1017
170,2.8333333333333335,-0.007477665226000203,0.8548465617745845,47.920133111480865,601,-0.12693008793652466,4.921858058989369e-05,48.67256637168141,1017
171,2.85,-0.012465655177978312,0.7603852477762919,48.25291181364393,601,-0.12889834086314167,3.743285702918675e-05,49.852507374631266,1017
172,2.8666666666666667,-0.012455334279264752,0.7605775836222641,49.08485856905158,601,-0.12862812257394463,3.8875408639906956e-05,49.852507374631266,1017
173,2.8833333333333333,-0.013261198298428395,0.7456051511593758,48.75207986688852,601,-0.1317184776122297,2.5114767014786853e-05,49.6558505408063,1017
174,2.9,-0.019954254982768517,0.6253977231232031,48.25291181364393,601,-0.1296455273051691,3.3703538803278245e-05,48.96755162241888,1017
175,2.9166666666666665,-0.022257378465191796,0.5860438958887595,49.08485856905158,601,-0.13047286552629042,2.9986073498415677e-05,49.36086529006883,1017
176,2.933333333333333,-0.027122936439473895,0.5069048890569289,48.91846921797005,601,-0.1272933624058533,4.6807733319423835e-05,49.45919370698132,1017
177,2.95,-0.028075699609189545,0.4920910760802352,48.91846921797005,601,-0.12832596002578534,4.0550849625987217e-05,50.14749262536873,1017
178,2.966666666666667,-0.027715684364564248,0.4976613119008859,48.58569051580699,601,-0.1310717365984953,2.7541649804084577e-05,50.14749262536873,1017
179,2.9833333333333334,-0.022499136534267432,0.5819802478151141,48.41930116472546,601,-0.12523320198135932,6.212113506716176e-05,49.95083579154376,1017
180,3.0,-0.022614814279777923,0.5800405071757562,48.75207986688852,601,-0.12460006583906155,6.770792741212945e-05,50.63913470993116,1017
181,3.0166666666666666,-0.02032483602082789,0.6189891296884125,48.25291181364393,601,-0.1251498114755258,6.283121802465932e-05,49.557522123893804,1017
182,3.033333333333333,-0.012608942347472542,0.7577165408254731,48.25291181364393,601,-0.1378814722504486,1.0204917044307068e-05,50.34414945919371,1017
183,3.05,-0.004062109502228697,0.9208390001317197,48.0865224625624,601,-0.1432117255432187,4.5372172394186205e-06,50.54080629301868,1017
184,3.066666666666667,-0.00767441119208331,0.8510713897315266,47.920133111480865,601,-0.1421015431008167,5.384734682322847e-06,49.95083579154376,1017
185,3.0833333333333335,-0.0056713209742719865,0.8896510179080133,48.0865224625624,601,-0.13623470112396663,1.3031120258098851e-05,50.34414945919371,1017
186,3.1,0.0022797459029800307,0.9555231399226497,47.587354409317804,601,-0.1329132757135883,2.115583849953098e-05,49.36086529006883,1017
187,3.1166666666666667,-0.0028806756623333506,0.9438165883776503,47.088186356073216,601,-0.1408514595135927,6.519967597822654e-06,49.36086529006883,1017
188,3.1333333333333333,-0.01031325175708421,0.8007992772812565,46.92179700499168,601,-0.1391467280392914,8.441266776766484e-06,49.6558505408063,1017
189,3.15,-0.010778047876909027,0.7920229115595168,47.25457570715474,601,-0.14015452062334938,7.248671382901148e-06,49.6558505408063,1017
190,3.1666666666666665,-0.015789011695103557,0.6992814398891044,46.92179700499168,601,-0.13832639610371375,9.548058811027487e-06,50.34414945919371,1017
191,3.183333333333333,-0.017148195191753864,0.6748150811818959,46.92179700499168,601,-0.143665651612698,4.2288192282809565e-06,50.14749262536873,1017
192,3.2,-0.010673371085742638,0.7939971886625935,47.587354409317804,601,-0.148271795765113,2.045164099938325e-06,50.14749262536873,1017
193,3.216666666666667,-0.008700790281561368,0.8314342446941362,47.587354409317804,601,-0.14797180754079048,2.145698849615903e-06,49.45919370698132,1017
194,3.2333333333333334,-0.014024442238476143,0.7315122999198069,46.75540765391015,601,-0.1508238952039577,1.354478222917916e-06,49.557522123893804,1017
195,3.25,-0.010085070666966805,0.805117106201795,47.42096505823628,601,-0.15431829945335693,7.619276628081103e-07,50.04916420845624,1017
196,3.2666666666666666,-0.016314139770444075,0.6897900617048249,46.92179700499168,601,-0.15449497899282283,7.398303813284566e-07,50.24582104228122,1017
197,3.283333333333333,-0.01702040311331203,0.6771013796839341,46.92179700499168,601,-0.1547684515973377,7.068381902342618e-07,50.34414945919371,1017
198,3.3,-0.013691210106517047,0.737654447493394,46.75540765391015,601,-0.15454167659978155,7.340937217849464e-07,50.835791543756145,1017
199,3.316666666666667,-0.019739681561217484,0.6291214124988705,47.088186356073216,601,-0.15731714369324262,4.602813690575673e-07,50.63913470993116,1017
200,3.3333333333333335,-0.01877994155500687,0.645890969057964,46.92179700499168,601,-0.15546971869356047,6.285772806289905e-07,50.54080629301868,1017
201,3.35,-0.02541325062449759,0.5340622720069876,47.920133111480865,601,-0.15608057904469175,5.672612409132686e-07,50.34414945919371,1017
202,3.3666666666666667,-0.018167612607112676,0.6566854977868408,47.42096505823628,601,-0.16017571802998798,2.821732297392936e-07,49.852507374631266,1017
203,3.3833333333333333,-0.02035107199875785,0.6185365069652735,47.25457570715474,601,-0.16190989537643788,2.0881234485986482e-07,49.95083579154376,1017
204,3.4,-0.018999175901149492,0.6420440265362208,47.42096505823628,601,-0.1682553827479055,6.751406313195497e-08,50.34414945919371,1017
205,3.4166666666666665,-0.017316457806155955,0.6718092969540504,47.42096505823628,601,-0.16496349005952501,1.2193300130545367e-07,50.835791543756145,1017
206,3.433333333333333,-0.020239978900292846,0.6204540700914275,47.42096505823628,601,-0.1732774880176732,2.6789802676788182e-08,50.54080629301868,1017
207,3.45,-0.015266887273058746,0.7087652367092716,47.587354409317804,601,-0.1793311140197914,8.478459129421798e-09,50.737463126843664,1017
208,3.466666666666667,-0.01366570601402025,0.7381252347746241,47.25457570715474,601,-0.18412950603114975,3.310765998845793e-09,50.442477876106196,1017
209,3.4833333333333334,-0.011084472701831403,0.7862512127203876,47.088186356073216,601,-0.17957616230295437,8.085859226842226e-09,50.54080629301868,1017
210,3.5,-0.013159835339024895,0.7474832804305617,47.088186356073216,601,-0.18410870489958503,3.3244708157669737e-09,50.63913470993116,1017
211,3.5166666666666666,-0.012831213374468275,0.7535824730623394,47.587354409317804,601,-0.18659935201180017,2.0204195941779432e-09,50.93411996066863,1017
212,3.533333333333333,-0.013522237032253751,0.7407753907173315,46.58901830282861,601,-0.18523851453117868,2.6544862715160055e-09,50.54080629301868,1017
213,3.55,-0.01164348366122192,0.7757522346316731,47.088186356073216,601,-0.18791323024185563,1.5493575243817236e-09,51.130776794493606,1017
214,3.566666666666667,-0.009478212612702798,0.8166291190004287,47.25457570715474,601,-0.1851956011187375,2.677343838973799e-09,50.442477876106196,1017
215,3.5833333333333335,-0.006663919422703057,0.8704950552533527,48.25291181364393,601,-0.1751911333514634,1.8702148816680824e-08,50.24582104228122,1017
216,3.6,-0.010847259691952356,0.7907182579586542,48.58569051580699,601,-0.1797299595942905,7.848532305917059e-09,50.442477876106196,1017
217,3.6166666666666667,-0.0108673718413289,0.790339250262956,47.920133111480865,601,-0.1792828918110847,8.557867562537111e-09,50.34414945919371,1017
218,3.6333333333333333,-0.0096792773778084,0.8128104436695567,47.75374376039934,601,-0.1795775019034724,8.083762299573099e-09,50.835791543756145,1017
219,3.65,-0.003846870034733711,0.9250208299149958,47.42096505823628,601,-0.17917727434005243,8.734320397564926e-09,51.03244837758112,1017
220,3.6666666666666665,-0.006638415453960669,0.8709863532207878,48.0865224625624,601,-0.1731228128355709,2.7574624630992886e-08,51.2291052114061,1017
221,3.683333333333333,-0.00911415136589936,0.8235544690920308,48.91846921797005,601,-0.17576407293017954,1.67813347078593e-08,51.32743362831859,1017
222,3.7,-0.013036490062564838,0.749770732131131,47.920133111480865,601,-0.17561246452641588,1.7270132731039075e-08,51.130776794493606,1017
223,3.716666666666667,-0.01400019462862542,0.7319586597245041,47.75374376039934,601,-0.1787223209109629,9.535620585277724e-09,51.130776794493606,1017
224,3.7333333333333334,-0.014424082284649944,0.7241687228710265,48.41930116472546,601,-0.1825618733720449,4.513922010814346e-09,51.03244837758112,1017
225,3.75,-0.015458685837350092,0.7052761052482971,47.75374376039934,601,-0.1852031331220082,2.6733181619774428e-09,51.524090462143555,1017
226,3.7666666666666666,-0.013327098292626249,0.7443849140550671,47.25457570715474,601,-0.18198385783306864,5.057053314949262e-09,51.2291052114061,1017
227,3.783333333333333,-0.01179270311891471,0.7729565041322973,47.42096505823628,601,-0.18802069646327277,1.515950771583645e-09,51.62241887905604,1017
228,3.8,-0.01622031586398976,0.6914823573570925,47.75374376039934,601,-0.18403050726700398,3.3764863677598245e-09,50.04916420845624,1017
229,3.816666666666667,-0.016135895558594838,0.6930063561314205,47.587354409317804,601,-0.17916032367192253,8.762966447831335e-09,51.524090462143555,1017
230,3.8333333333333335,-0.017872426844985374,0.6619150461745422,47.587354409317804,601,-0.18162348655998095,5.427263226915667e-09,51.130776794493606,1017
231,3.85,-0.02003453585682318,0.6240069759404188,47.75374376039934,601,-0.18264742269819556,4.438512442654455e-09,51.2291052114061,1017
232,3.8666666666666667,-0.016121454952644144,0.6932671697444822,48.0865224625624,601,-0.17864397827076695,9.68062219086921e-09,51.03244837758112,1017
233,3.8833333333333333,-0.01642580149185904,0.6877780421654978,47.920133111480865,601,-0.17810848932925955,1.0730637948841523e-08,50.93411996066863,1017
234,3.9,-0.023986003123690782,0.5572813815864901,47.75374376039934,601,-0.1763852765728649,1.491494689918364e-08,50.34414945919371,1017
235,3.9166666666666665,-0.02905238353513285,0.47714915457897417,48.25291181364393,601,-0.1779472080675369,1.1067986357640542e-08,51.130776794493606,1017
236,3.933333333333333,-0.028572724744139886,0.48445615064565106,48.91846921797005,601,-0.17844681335988422,1.0055082336310934e-08,50.63913470993116,1017
237,3.95,-0.024310941443706033,0.5519522952500225,46.75540765391015,601,-0.18025500676565032,7.088198876921557e-09,50.63913470993116,1017
238,3.966666666666667,-0.029272290162279856,0.4738193809096362,46.422628951747086,601,-0.18257617948664817,4.501225421820203e-09,50.54080629301868,1017
239,3.9833333333333334,-0.026927244020743382,0.5099762465134261,46.92179700499168,601,-0.17236142862820678,3.177414734842854e-08,50.442477876106196,1017
240,4.0,-0.02772039368423683,0.4975882327637806,49.08485856905158,601,-0.1679553827642512,7.128528844737077e-08,51.03244837758112,1017
241,4.016666666666667,-0.02569927800421675,0.5294683584047913,48.75207986688852,601,-0.1737043918081507,2.4734345914040783e-08,51.720747295968536,1017
242,4.033333333333333,-0.022443724619126047,0.5829104914235145,48.41930116472546,601,-0.17217515795981705,3.289227963200676e-08,51.130776794493606,1017
243,4.05,-0.023760256563046377,0.5609983463742959,49.750415973377706,601,-0.1734519257180453,2.5930667517688206e-08,50.63913470993116,1017
244,4.066666666666666,-0.015767695750405344,0.6996677168755624,48.25291181364393,601,-0.1744624049702254,2.1455091836726328e-08,50.835791543756145,1017
245,4.083333333333333,-0.015937961994462332,0.6965844076910522,47.75374376039934,601,-0.17374639243219822,2.454058454828321e-08,50.14749262536873,1017
246,4.1,-0.011317674893213857,0.7818665266344955,47.25457570715474,601,-0.17768759900061432,1.1632729316541973e-08,50.14749262536873,1017
247,4.116666666666666,-0.011530068643785783,0.7778790867281755,48.0865224625624,601,-0.17418881771561517,2.2586869896999024e-08,50.737463126843664,1017
248,4.133333333333334,-0.013785115760135427,0.7359218636312816,48.41930116472546,601,-0.17728699993430314,1.2559425651308518e-08,50.04916420845624,1017
249,4.15,-0.007962499109378997,0.8455497041086737,48.58569051580699,601,-0.17511622129573387,1.896853669603275e-08,50.14749262536873,1017
250,4.166666666666667,-0.004128302067653435,0.9195533959987049,48.75207986688852,601,-0.17696497354877624,1.3355920896208257e-08,50.442477876106196,1017
251,4.183333333333334,-0.0032383310503726163,0.9368547789193976,48.58569051580699,601,-0.17072941679154563,4.2965368073477375e-08,51.130776794493606,1017
252,4.2,-0.009403860053449262,0.8180423482489562,49.08485856905158,601,-0.17687241791614441,1.359377100125693e-08,50.54080629301868,1017
253,4.216666666666667,-0.0037493905471098488,0.9269154198330899,49.417637271214645,601,-0.17736013840800416,1.238505482371682e-08,50.835791543756145,1017
254,4.233333333333333,0.003249106436551741,0.9366451066248356,49.417637271214645,601,-0.17136452633791624,3.821818867863293e-08,50.442477876106196,1017
255,4.25,0.003919516901893915,0.9236091565712233,50.249584026622294,601,-0.17132500731077446,3.849812790023866e-08,50.63913470993116,1017
256,4.266666666666667,0.005522211211967554,0.8925345001025923,50.74875207986689,601,-0.17175522951796707,3.55545696876497e-08,50.442477876106196,1017
257,4.283333333333333,0.014978163020429123,0.7140290993639529,49.58402662229617,601,-0.1750695625230614,1.913631096219412e-08,50.442477876106196,1017
258,4.3,0.013354700575369256,0.7438740063760779,50.08319467554077,601,-0.1735823896294586,2.5305623599013836e-08,50.54080629301868,1017
259,4.316666666666666,0.011615155450546609,0.7762833121665637,49.08485856905158,601,-0.17804356683220857,1.0865217528721676e-08,50.24582104228122,1017
260,4.333333333333333,0.011332835791606936,0.7815817078220487,49.58402662229617,601,-0.17694735497842362,1.3400883901182587e-08,50.63913470993116,1017
261,4.35,0.010132778602776935,0.8042138426222173,49.25124792013311,601,-0.18095951243052943,6.179486280137695e-09,50.835791543756145,1017
262,4.366666666666666,0.013216960339581404,0.7464246406849042,48.91846921797005,601,-0.17826485859385188,1.0413102284796187e-08,51.03244837758112,1017
263,4.383333333333334,0.014472843277900618,0.723274431253565,49.25124792013311,601,-0.1777246781533244,1.1550390215113117e-08,50.737463126843664,1017
264,4.4,0.016216506709366342,0.6915510953816179,48.91846921797005,601,-0.17802317287050057,1.0907829754226493e-08,50.442477876106196,1017
265,4.416666666666667,0.01457050505056047,0.721484418433389,50.08319467554077,601,-0.17243533205713912,3.1340803957112524e-08,49.6558505408063,1017
266,4.433333333333334,0.019175217453872472,0.6389619098172123,49.91680532445923,601,-0.16953524908216516,5.348286206593005e-08,49.75417895771878,1017
267,4.45,0.010273625551174434,0.8015486852391953,50.249584026622294,601,-0.17065998900330376,4.351766936649402e-08,50.04916420845624,1017
268,4.466666666666667,0.00936296924694903,0.8188198171753318,49.58402662229617,601,-0.16646996159147925,9.316698887662918e-08,49.75417895771878,1017
269,4.483333333333333,0.006496546441032269,0.8737201608775118,49.58402662229617,601,-0.16275440065480967,1.801253459999326e-07,49.95083579154376,1017
270,4.5,0.004801614729977491,0.9064886879583899,48.0865224625624,601,-0.1629332508129148,1.745580979272639e-07,49.557522123893804,1017
271,4.516666666666667,0.003056554794744027,0.9403925096329752,48.75207986688852,601,-0.1602180794066712,2.8011623186026687e-07,50.835791543756145,1017
272,4.533333333333333,0.0002035447462888848,0.9960268924478741,47.42096505823628,601,-0.15517114835625417,6.608204906809068e-07,50.04916420845624,1017
273,4.55,0.003133807129010728,0.9388888767483301,48.25291181364393,601,-0.1510285171590063,1.3100715853550204e-06,51.2291052114061,1017
274,4.566666666666666,-0.004399013283827136,0.9142978115403533,48.41930116472546,601,-0.15018659572913007,1.5022370095633547e-06,51.425762045231075,1017
275,4.583333333333333,-0.005481369928772621,0.8933245371299183,49.25124792013311,601,-0.14767433817615624,2.2500592574527944e-06,50.63913470993116,1017
276,4.6,-0.006366150698227449,0.8762342071332121,48.58569051580699,601,-0.1497931273258173,1.601062063695066e-06,50.835791543756145,1017
277,4.616666666666666,-0.0065911266332183485,0.871897436891576,49.08485856905158,601,-0.1533107347562556,9.005973810893812e-07,50.63913470993116,1017
278,4.633333333333334,-0.007436440685125251,0.8556380036440216,48.58569051580699,601,-0.15623869810641794,5.523532710310707e-07,50.442477876106196,1017
279,4.65,-0.008166448191744554,0.8416452328273587,49.25124792013311,601,-0.15741093711302528,4.530128812157344e-07,50.34414945919371,1017
280,4.666666666666667,-0.008630371904571513,0.8327783183734205,48.58569051580699,601,-0.16302300392902433,1.718272290079588e-07,51.32743362831859,1017
281,4.683333333333334,-0.00303274943463671,0.9408558981168506,48.75207986688852,601,-0.16660503545904268,9.093530587188129e-08,50.835791543756145,1017
282,4.7,-0.00314951202835137,0.9385832243250147,49.08485856905158,601,-0.16275904335773422,1.7997868501673935e-07,50.54080629301868,1017
283,4.716666666666667,-0.0031844078776552473,0.9379041055191454,48.58569051580699,601,-0.16104144384745822,2.4289173810554653e-07,50.93411996066863,1017
284,4.733333333333333,0.002720590428296709,0.9469340879128162,48.25291181364393,601,-0.16085754169430283,2.5076752394752126e-07,50.24582104228122,1017
285,4.75,0.0010653427463182367,0.9792072215550792,48.75207986688852,601,-0.1686962352042423,6.232025393812722e-08,50.835791543756145,1017
286,4.766666666666667,0.0019087900012168153,0.9627545740345798,48.75207986688852,601,-0.16476207164018342,1.2637626601968272e-07,50.24582104228122,1017
287,4.783333333333333,0.0016148759484500737,0.9684863503510915,48.41930116472546,601,-0.16311666626988375,1.6902140931016434e-07,50.54080629301868,1017
288,4.8,0.00459151123674972,0.910562917497535,48.58569051580699,601,-0.16292925622106674,1.7468060799353606e-07,50.34414945919371,1017
289,4.816666666666666,-0.001428791762258498,0.9721161367748471,48.58569051580699,601,-0.1611847431599266,2.3692075229247014e-07,50.04916420845624,1017
290,4.833333333333333,0.0008725938104311506,0.9829685571728108,48.58569051580699,601,-0.160157195575029,2.83077219209627e-07,50.54080629301868,1017
291,4.85,0.0023918387876958463,0.9533386862739673,48.0865224625624,601,-0.1623546688017327,1.931946795941287e-07,50.14749262536873,1017
292,4.866666666666666,1.6515660575318336e-05,0.9996776199549362,48.25291181364393,601,-0.16290920761106537,1.7529673322976067e-07,50.04916420845624,1017
293,4.883333333333334,-0.005749685668809963,0.8881361837621143,47.920133111480865,601,-0.16202255968800514,2.0474482558047837e-07,49.95083579154376,1017
294,4.9,-0.006025003853109931,0.8828173929597984,47.75374376039934,601,-0.15895725002102662,3.4798325530530495e-07,49.95083579154376,1017
295,4.916666666666667,-0.008675003544399117,0.8319263786108836,47.75374376039934,601,-0.160091913054282,2.862856564749182e-07,49.852507374631266,1017
296,4.933333333333334,-0.009446717262384285,0.8172276831031569,47.75374376039934,601,-0.1589448532210107,3.487234060330397e-07,50.24582104228122,1017
297,4.95,-0.009484392265229895,0.8165116881990547,48.25291181364393,601,-0.1575973158632167,4.3889625318694537e-07,50.14749262536873,1017
298,4.966666666666667,-0.011242441339685647,0.78328032580333,47.42096505823628,601,-0.15600976083164814,5.740631009207262e-07,50.24582104228122,1017
299,4.983333333333333,-0.00706984232139464,0.8626823581682194,48.41930116472546,601,-0.15430251783264667,7.639320646604527e-07,50.442477876106196,1017
300,5.0,-0.009780000630244423,0.8108991426984052,48.41930116472546,601,-0.1531128342941799,9.305485543134623e-07,50.04916420845624,1017
301,5.016666666666667,-0.009968523281515061,0.8073248094459564,48.58569051580699,601,-0.15403490415560528,7.98703492368645e-07,50.442477876106196,1017
302,5.033333333333333,-0.016612629589330363,0.6844165402486488,48.91846921797005,601,-0.15344548175595357,8.807368868152776e-07,50.63913470993116,1017
303,5.05,-0.014289975243645107,0.7266302212684633,48.25291181364393,601,-0.15224144264749265,1.074206266841624e-06,50.24582104228122,1017
304,5.066666666666666,-0.020858613738884764,0.6098089714145458,47.75374376039934,601,-0.14712957414166344,2.4539240478483937e-06,50.63913470993116,1017
305,5.083333333333333,-0.016323714382150148,0.6896174518757878,48.0865224625624,601,-0.14570970249734472,3.0718715536274183e-06,50.442477876106196,1017
306,5.1,-0.01783927866218602,0.6625033382718859,46.75540765391015,601,-0.14132926442358892,6.0614081956224204e-06,49.75417895771878,1017
307,5.116666666666666,-0.014854695036637538,0.7162842680186441,47.088186356073216,601,-0.14273413547788313,4.88487148446826e-06,49.26253687315634,1017
308,5.133333333333334,-0.01706264570076032,0.6763452976317567,46.92179700499168,601,-0.14023643194579732,7.159156364078806e-06,49.06588003933137,1017
309,5.15,-0.021599621835211125,0.5971658738975206,47.25457570715474,601,-0.1393656994757233,8.16720960920695e-06,48.96755162241888,1017
310,5.166666666666667,-0.019661922123193572,0.630473175731571,48.0865224625624,601,-0.13965713433908988,7.815609339442899e-06,49.26253687315634,1017
311,5.183333333333334,-0.028336080081505906,0.48808329793372823,48.0865224625624,601,-0.13841678270614216,9.419639917873029e-06,49.164208456243855,1017
312,5.2,-0.03222441177230257,0.4303742953115697,46.92179700499168,601,-0.1398992249323703,7.534573505597137e-06,49.164208456243855,1017
313,5.216666666666667,-0.034822526395884096,0.3941219982785328,47.75374376039934,601,-0.14417050388236674,3.9093940997558745e-06,49.164208456243855,1017
314,5.233333333333333,-0.03428489686133139,0.40146850381894,48.0865224625624,601,-0.14649589663084775,2.713353777868344e-06,49.36086529006883,1017
315,5.25,-0.03172847466341927,0.4375073762471197,48.0865224625624,601,-0.14393890117123234,4.052954246170954e-06,48.77089478859391,1017
316,5.266666666666667,-0.027028458236122266,0.5083864959092111,48.0865224625624,601,-0.14515453563217134,3.3519146283385525e-06,49.45919370698132,1017
317,5.283333333333333,-0.023938113732329284,0.5580688899768366,48.75207986688852,601,-0.14884231758059485,1.866294426396958e-06,49.557522123893804,1017
318,5.3,-0.022108963820024048,0.5885450455538038,48.25291181364393,601,-0.1445462678915963,3.686774379280163e-06,49.36086529006883,1017
319,5.316666666666666,-0.026410565977388226,0.5181318487205252,48.91846921797005,601,-0.14650132944870933,2.7110217744659392e-06,49.557522123893804,1017
320,5.333333333333333,-0.02466400431562356,0.5461904036211144,48.58569051580699,601,-0.1459380323079681,2.963323538222356e-06,49.45919370698132,1017
321,5.35,-0.02833102093569518,0.4881610006847023,48.41930116472546,601,-0.145315486934407,3.268304247264845e-06,48.96755162241888,1017
322,5.366666666666666,-0.024765749447027384,0.5445354870407701,47.088186356073216,601,-0.1455895205156995,3.1305257055451346e-06,49.06588003933137,1017
323,5.383333333333334,-0.02757699681751427,0.4998160157435066,47.920133111480865,601,-0.14474351711762098,3.574824847514676e-06,49.164208456243855,1017
324,5.4,-0.032734677564931494,0.42310589613602084,48.58569051580699,601,-0.14679578201051746,2.587463255743517e-06,49.26253687315634,1017
325,5.416666666666667,-0.029070014652031143,0.47688171818632186,47.587354409317804,601,-0.14094972660342295,6.423032010315004e-06,50.24582104228122,1017
326,5.433333333333334,-0.03271746788588789,0.4233498625256508,47.587354409317804,601,-0.14208900545527267,5.3951194921911595e-06,49.45919370698132,1017
327,5.45,-0.03554678720586822,0.3843545531055962,47.25457570715474,601,-0.14091294698239565,6.45915093547275e-06,49.36086529006883,1017
328,5.466666666666667,-0.03836741533587138,0.3477428982000021,46.92179700499168,601,-0.1420128169026518,5.458638595527219e-06,49.6558505408063,1017
329,5.483333333333333,-0.03725683316913518,0.361885817712753,47.25457570715474,601,-0.14197787331947317,5.488009931773845e-06,49.06588003933137,1017
330,5.5,-0.03633061176064287,0.37395191283757745,47.42096505823628,601,-0.13718903674345168,1.1313606573360577e-05,49.36086529006883,1017
331,5.516666666666667,-0.03489901239789619,0.3930834801282997,47.088186356073216,601,-0.13484363100409286,1.5985325189582127e-05,49.557522123893804,1017
332,5.533333333333333,-0.03189637271989923,0.43508492605429744,47.42096505823628,601,-0.13402586858941648,1.8008789790169345e-05,50.04916420845624,1017
333,5.55,-0.03023241290923006,0.4594317748006357,47.42096505823628,601,-0.13207877967180492,2.3852304048233816e-05,49.557522123893804,1017
334,5.566666666666666,-0.0268035337741183,0.511922855351076,47.25457570715474,601,-0.13282192539382703,2.143624203039837e-05,49.164208456243855,1017
335,5.583333333333333,-0.025568546012132837,0.5315655683287981,47.088186356073216,601,-0.13822616574103264,9.692415821782355e-06,49.26253687315634,1017
336,5.6,-0.025094610154837015,0.5392035221089997,47.42096505823628,601,-0.13977492257444413,7.677644992588977e-06,48.96755162241888,1017
337,5.616666666666666,-0.0318842705079487,0.43525927932975694,48.0865224625624,601,-0.1425714432705699,5.009012731198296e-06,49.852507374631266,1017
338,5.633333333333334,-0.036786740303665605,0.36797910386325033,47.75374376039934,601,-0.13976147361095498,7.69327926582703e-06,49.557522123893804,1017
339,5.65,-0.03395766290167558,0.4059799004513365,48.25291181364393,601,-0.1411473056697691,6.232281132541547e-06,49.164208456243855,1017
340,5.666666666666667,-0.03630039884347247,0.37434963960846934,48.0865224625624,601,-0.13915849565869393,8.426318350839471e-06,48.77089478859391,1017
341,5.683333333333334,-0.034699152090216664,0.39580064706280865,47.42096505823628,601,-0.13984268846658332,7.599328261549577e-06,48.67256637168141,1017
342,5.7,-0.0320517561422186,0.4328499343916514,47.42096505823628,601,-0.13804213963336376,9.962896523019462e-06,48.96755162241888,1017
343,5.716666666666667,-0.030406188766205117,0.4568540492381212,46.75540765391015,601,-0.1417591907164916,5.67528024523757e-06,49.164208456243855,1017
344,5.733333333333333,-0.03196422033588406,0.43410820880128004,46.92179700499168,601,-0.13978854711292918,7.661837547295973e-06,49.45919370698132,1017
345,5.75,-0.033665590022124256,0.41003194380948077,47.75374376039934,601,-0.14304148204286987,4.658336922544239e-06,49.557522123893804,1017
346,5.766666666666667,-0.02781048945853596,0.4961912263548581,48.0865224625624,601,-0.1457036089412429,3.074819973678516e-06,49.26253687315634,1017
347,5.783333333333333,-0.02638687318409118,0.5185074387116979,47.42096505823628,601,-0.14582559147504828,3.016310486883233e-06,49.557522123893804,1017
348,5.8,-0.02767661995246089,0.49826773239925265,47.920133111480865,601,-0.14371935429946223,4.193689309007114e-06,50.14749262536873,1017
349,5.816666666666666,-0.02720351194164325,0.5056430949301451,48.25291181364393,601,-0.1467005620763067,2.6268168031762456e-06,50.04916420845624,1017
350,5.833333333333333,-0.027582874703955523,0.4997245944834546,47.75374376039934,601,-0.1492244484688297,1.7549888666104287e-06,49.36086529006883,1017
351,5.85,-0.02656255902799696,0.5157257210222788,48.41930116472546,601,-0.15098404860773648,1.3196015070768256e-06,49.75417895771878,1017
352,5.866666666666666,-0.024455114626515836,0.5495958337920003,48.0865224625624,601,-0.15227625926651195,1.0680785558727106e-06,49.557522123893804,1017
353,5.883333333333334,-0.02826176741899413,0.4892253250363384,48.0865224625624,601,-0.1508855008064949,1.3409588278578495e-06,49.45919370698132,1017
354,5.9,-0.028768774380901925,0.48146229298763915,48.75207986688852,601,-0.15422114844114154,7.743474330452336e-07,49.852507374631266,1017
355,5.916666666666667,-0.023718246103334374,0.5616913761584553,49.25124792013311,601,-0.15361074245367892,8.569535074109951e-07,50.34414945919371,1017
356,5.933333333333334,-0.024711595417409252,0.5454160099353245,48.58569051580699,601,-0.15270322704752537,9.956117242183408e-07,50.04916420845624,1017
357,5.95,-0.02333156119559277,0.5680896775988626,48.0865224625624,601,-0.1538733562792011,8.20425134831742e-07,49.557522123893804,1017
358,5.966666666666667,-0.021448647787836766,0.5997321368056913,48.41930116472546,601,-0.15587573728974188,5.87151120965296e-07,49.26253687315634,1017
359,5.983333333333333,-0.02116290691038731,0.6046027507509695,48.41930116472546,601,-0.15524615819088566,6.525734871378111e-07,49.75417895771878,1017
360,6.0,-0.014437242487398746,0.7239273236454734,48.91846921797005,601,-0.15393094691591638,8.12617156644262e-07,50.04916420845624,1017
361,6.016666666666667,-0.013861629799112391,0.7345111490039663,48.25291181364393,601,-0.15757084715744396,4.4087490209392716e-07,50.04916420845624,1017
362,6.033333333333333,-0.011496115933804167,0.7785161197842952,48.0865224625624,601,-0.1560027138293078,5.747442214537312e-07,49.852507374631266,1017
363,6.05,-0.01136873159854931,0.780907471119016,48.58569051580699,601,-0.15186786703943236,1.142117642886739e-06,49.6558505408063,1017
364,6.066666666666666,-0.012235698513801619,0.7646741038755764,48.41930116472546,601,-0.14972551722859131,1.6186597719672455e-06,49.164208456243855,1017
365,6.083333333333333,-0.009326045494184837,0.819522012073881,48.91846921797005,601,-0.15096689688429202,1.3232950042991214e-06,49.06588003933137,1017
366,6.1,-0.011181470509223228,0.7844266220581809,49.58402662229617,601,-0.1504525371943609,1.4387878492574776e-06,49.06588003933137,1017
367,6.116666666666666,-0.010649422455339619,0.7944490621126592,49.91680532445923,601,-0.14890837906636079,1.846579921147975e-06,49.36086529006883,1017
368,6.133333333333334,-0.013516520914634702,0.7408810425417288,49.750415973377706,601,-0.15155084431040586,1.202966827425948e-06,49.45919370698132,1017
369,6.15,-0.012316666089373873,0.7631631718420585,49.91680532445923,601,-0.15280616832812166,9.788605654629171e-07,49.36086529006883,1017
370,6.166666666666667,-0.013046081822938302,0.7495927728491608,50.249584026622294,601,-0.15107074998565,1.301082017285326e-06,49.852507374631266,1017
371,6.183333333333334,-0.012662119894712817,0.756726845672215,49.750415973377706,601,-0.15233914252817138,1.057096149851263e-06,49.852507374631266,1017
372,6.2,-0.016481596363936996,0.6867735053146677,50.249584026622294,601,-0.15320904770309268,9.158694898808397e-07,50.04916420845624,1017
373,6.216666666666667,-0.00974146528024672,0.8116302483883535,48.91846921797005,601,-0.1560133461799835,5.737168611747096e-07,50.442477876106196,1017
374,6.233333333333333,-0.011277811620107967,0.7826155534616829,49.58402662229617,601,-0.1585605483943288,3.7243587703573943e-07,49.95083579154376,1017
375,6.25,-0.012038011382412572,0.7683668792024294,48.75207986688852,601,-0.1572861347007349,4.6270901069551686e-07,49.75417895771878,1017
376,6.266666666666667,-0.007962577583311266,0.8455482010424064,48.41930116472546,601,-0.15562344276254955,6.125722371925426e-07,49.26253687315634,1017
377,6.283333333333333,-0.007559086248098498,0.85328384369733,48.58569051580699,601,-0.15500226812357762,6.797568205748938e-07,49.45919370698132,1017
378,6.3,-0.008933913069647536,0.8269881646128038,47.920133111480865,601,-0.15374711567442464,8.377936915486076e-07,49.6558505408063,1017
379,6.316666666666666,-0.0074461153355633684,0.8554522535841962,48.91846921797005,601,-0.15362994671693778,8.54230130666036e-07,49.26253687315634,1017
380,6.333333333333333,-0.011661715137297999,0.7754104989312349,49.58402662229617,601,-0.1543454956383115,7.584853773722269e-07,49.6558505408063,1017
381,6.35,-0.009724770815494933,0.811947032331795,49.417637271214645,601,-0.15416557518999413,7.815392205105985e-07,50.24582104228122,1017
382,6.366666666666666,-0.008066989483567783,0.8435488254793742,49.25124792013311,601,-0.15596720099433825,5.781885319129786e-07,49.36086529006883,1017
383,6.383333333333334,-0.00835868419773788,0.8379685518100265,49.417637271214645,601,-0.15794882310001646,4.134171929404554e-07,48.96755162241888,1017
384,6.4,-0.012515955371585868,0.7594480865955409,49.08485856905158,601,-0.15680912968393437,5.016433935603164e-07,49.45919370698132,1017
385,6.416666666666667,-0.017699927463352173,0.6649787206648426,49.58402662229617,601,-0.15928993941753267,3.28676180833838e-07,49.852507374631266,1017
386,6.433333333333334,-0.01854590532298162,0.6500080919781642,48.91846921797005,601,-0.1600354003046788,2.8909137768165804e-07,49.45919370698132,1017
387,6.45,-0.01958871985215745,0.6317468460729571,49.750415973377706,601,-0.1605644996467892,2.63828738042456e-07,49.557522123893804,1017
388,6.466666666666667,-0.018289721523664707,0.6545270775860336,49.750415973377706,601,-0.15854470244381685,3.7344623427076885e-07,49.164208456243855,1017
389,6.483333333333333,-0.01870501576240728,0.6472078805733386,49.750415973377706,601,-0.15401437276786106,8.014331343072318e-07,49.557522123893804,1017
390,6.5,-0.013071051819932428,0.7491295581532084,49.25124792013311,601,-0.14905166367517866,1.804504344242888e-06,49.852507374631266,1017
391,6.516666666666667,-0.015390612781452706,0.7065137629887113,48.41930116472546,601,-0.14118223590087808,6.199126078632124e-06,49.164208456243855,1017
392,6.533333333333333,-0.015539234079007286,0.7038126367059667,48.25291181364393,601,-0.14446939049266827,3.7313089164769485e-06,49.95083579154376,1017
393,6.55,-0.015261841056157313,0.708857118426835,48.58569051580699,601,-0.1487978639604668,1.8796740586284105e-06,49.45919370698132,1017
394,6.566666666666666,-0.010110996381226527,0.8046262173689547,47.920133111480865,601,-0.1473415985740953,2.3725585443990473e-06,49.557522123893804,1017
395,6.583333333333333,-0.010116649862242866,0.8045191820787506,48.41930116472546,601,-0.14647471335143203,2.7224649421641404e-06,50.14749262536873,1017
396,6.6,-0.008393600015835098,0.8373011324324208,48.25291181364393,601,-0.14784469115937493,2.189713882529755e-06,50.34414945919371,1017
397,6.616666666666666,-0.0067199690015162,0.8694155146288715,48.58569051580699,601,-0.13981177532451086,7.634959359416791e-06,50.24582104228122,1017
398,6.633333333333334,-0.008011480201708405,0.8446116441589719,48.58569051580699,601,-0.1331003603025786,2.0592419544490425e-05,50.04916420845624,1017
399,6.65,-0.01006494744846598,0.8054981808759695,48.58569051580699,601,-0.12338097857614715,7.98278930536542e-05,49.6558505408063,1017
400,6.666666666666667,-0.010217114690708845,0.8026177295643758,48.41930116472546,601,-0.13497631081234254,1.5678151897050434e-05,49.557522123893804,1017
401,6.683333333333334,-0.01087379209087027,0.7902182729085917,48.58569051580699,601,-0.13290100906868535,2.119328776489559e-05,49.45919370698132,1017
402,6.7,-0.011533787487472389,0.7778093214739131,47.75374376039934,601,-0.12828065010450795,4.08079087593798e-05,48.96755162241888,1017
403,6.716666666666667,-0.014647123492760653,0.7200811661859867,47.920133111480865,601,-0.12268622670821432,8.762297183320095e-05,49.164208456243855,1017
404,6.733333333333333,-0.01261048463460577,0.7576878315051016,47.920133111480865,601,-0.11774861567251892,0.00016752744630529364,48.77089478859391,1017
405,6.75,-0.01397936217977221,0.7323422241385187,47.920133111480865,601,-0.12008343109195019,0.00012368645814435041,48.96755162241888,1017
406,6.766666666666667,-0.01313751268548963,0.7478970928057194,48.25291181364393,601,-0.12145459594318887,0.00010323527265541224,49.26253687315634,1017
407,6.783333333333333,-0.008335806895828643,0.8384059168357437,47.42096505823628,601,-0.1257751723907895,5.768779601580836e-05,49.36086529006883,1017
408,6.8,-0.008256779725772255,0.8399171294211951,48.0865224625624,601,-0.1230806609417755,8.31135152343804e-05,50.14749262536873,1017
409,6.816666666666666,-0.00985505296135898,0.8094756972126028,48.75207986688852,601,-0.1260729769252226,5.538087143141701e-05,49.557522123893804,1017
410,6.833333333333333,-0.008962241740148825,0.8264482585495216,48.41930116472546,601,-0.1313023015600619,2.665198269358739e-05,49.75417895771878,1017
411,6.85,-0.005671371983667992,0.889650031736021,47.920133111480865,601,-0.13291850043793876,2.113990686745205e-05,49.36086529006883,1017
412,6.866666666666666,-0.008532544372649296,0.8346463585608691,48.41930116472546,601,-0.12891183380207874,3.7362172331937334e-05,49.6558505408063,1017
413,6.883333333333334,-0.008382782709045687,0.8375078938778117,47.75374376039934,601,-0.12917736616971606,3.599662291745269e-05,49.6558505408063,1017
414,6.9,-0.010567141400600909,0.7960021012598987,48.75207986688852,601,-0.13132635608426324,2.656075334349509e-05,49.852507374631266,1017
415,6.916666666666667,-0.009825413774005138,0.8100377603763506,47.75374376039934,601,-0.13834168037148648,9.526226638748196e-06,49.95083579154376,1017
416,6.933333333333334,-0.005340779255889001,0.8960449368750165,48.58569051580699,601,-0.13428351576142533,1.7346350715361517e-05,50.04916420845624,1017
417,6.95,-0.0023930671560814295,0.953314749874541,47.920133111480865,601,-0.13231137602142398,2.306958869004938e-05,50.14749262536873,1017
418,6.966666666666667,-0.0052327894093135725,0.8981353474866145,47.75374376039934,601,-0.13257426908191333,2.2214313047477512e-05,49.95083579154376,1017
419,6.983333333333333,-0.005670234074050082,0.8896720311469166,48.25291181364393,601,-0.13219101429924124,2.347152233453839e-05,49.75417895771878,1017
420,7.0,-0.0065193850042581,0.8732799606324543,48.75207986688852,601,-0.12292226633090031,8.489742740366314e-05,49.852507374631266,1017
421,7.016666666666667,-0.007900151644654057,0.8467440655850254,48.75207986688852,601,-0.1231856118082422,8.195105902593907e-05,49.45919370698132,1017
422,7.033333333333333,-0.007854453510041146,0.8476197068109937,48.41930116472546,601,-0.12551229766085248,5.979937785000103e-05,50.14749262536873,1017
423,7.05,-0.012623365259621797,0.757448074654958,48.0865224625624,601,-0.12756893615754925,4.505394615261492e-05,50.14749262536873,1017
424,7.066666666666666,-0.014212929777818179,0.7280456460953835,48.41930116472546,601,-0.12306950860423403,8.32379511909156e-05,49.557522123893804,1017
425,7.083333333333333,-0.01435091869348809,0.7255112699975793,47.920133111480865,601,-0.12589729608892425,5.6730989933265976e-05,48.96755162241888,1017
426,7.1,-0.012962017504545554,0.751152898939869,48.25291181364393,601,-0.12498476186400892,6.425932156170212e-05,49.75417895771878,1017
427,7.116666666666666,-0.013290265137528602,0.7450668564186911,48.0865224625624,601,-0.12761453970163258,4.476978903311174e-05,50.442477876106196,1017
428,7.133333333333334,-0.016800383999721735,0.6810446426334299,47.587354409317804,601,-0.12542555938235,6.051200590003546e-05,50.24582104228122,1017
429,7.15,-0.01715484973710056,0.6746961079956362,47.920133111480865,601,-0.12572018256179338,5.8123591352136244e-05,50.442477876106196,1017
430,7.166666666666667,-0.022071277954545217,0.5891809266178617,48.58569051580699,601,-0.12957655878831137,3.4032423931958516e-05,50.54080629301868,1017
431,7.183333333333334,-0.019994147858006232,0.6247064715217109,48.91846921797005,601,-0.12932449320139305,3.52605076603132e-05,50.63913470993116,1017
432,7.2,-0.018287486272453014,0.6545665625051387,48.58569051580699,601,-0.12804419217515053,4.217466282096762e-05,50.737463126843664,1017
433,7.216666666666667,-0.0173526701772234,0.6711630937708843,48.58569051580699,601,-0.12718619459926184,4.750706276051027e-05,50.63913470993116,1017
434,7.233333333333333,-0.01831457720923208,0.6540880757061548,48.91846921797005,601,-0.13063500837925626,2.9304663393453475e-05,50.63913470993116,1017
435,7.25,-0.021336107539322982,0.6016483338879847,48.41930116472546,601,-0.12439211860229099,6.964414983111346e-05,50.835791543756145,1017
436,7.266666666666667,-0.020720839784728225,0.6121726931694653,48.41930116472546,601,-0.12300378339694064,8.397488087385859e-05,49.95083579154376,1017
437,7.283333333333333,-0.017081757861099035,0.6760033240926079,48.0865224625624,601,-0.1255575673308565,5.943060811006681e-05,49.95083579154376,1017
438,7.3,-0.017829402932330797,0.6626786464038824,48.91846921797005,601,-0.11868931640718965,0.00014834914941758913,50.04916420845624,1017
439,7.316666666666666,-0.01784442715826404,0.6624119525191932,49.25124792013311,601,-0.11699042447632227,0.00018465510451884143,50.54080629301868,1017
440,7.333333333333333,-0.021211958434441555,0.6037653821291906,48.75207986688852,601,-0.1165371488987911,0.0001956659606635824,50.24582104228122,1017
441,7.35,-0.022192904259052695,0.5871298396186738,48.75207986688852,601,-0.11710443940828391,0.00018197850326916707,49.852507374631266,1017
442,7.366666666666666,-0.02087059375806241,0.6096036272397702,48.41930116472546,601,-0.11960643475236563,0.00013165431838144218,50.14749262536873,1017
443,7.383333333333334,-0.02157259591907771,0.597624895296472,48.25291181364393,601,-0.11762107847471893,0.00017030004875668805,49.852507374631266,1017
444,7.4,-0.019096200026383132,0.6403445733767005,49.08485856905158,601,-0.11712497313625177,0.00018150034317765382,50.14749262536873,1017
445,7.416666666666667,-0.017722154240607267,0.6645836473474168,48.58569051580699,601,-0.10868938729734648,0.0005162493348050838,50.24582104228122,1017
446,7.433333333333334,-0.017168322602930546,0.6744552584072206,48.0865224625624,601,-0.11024982658494087,0.0004277649829123593,50.14749262536873,1017
447,7.45,-0.017583790781111205,0.6670445177692447,48.41930116472546,601,-0.10942955389877006,0.00047234499923682363,50.54080629301868,1017
448,7.466666666666667,-0.017094507394900052,0.6757752339798625,48.91846921797005,601,-0.10427921706245474,0.0008668895936426396,49.95083579154376,1017
449,7.483333333333333,-0.017442631958246604,0.6695587923219705,48.25291181364393,601,-0.11007891526712853,0.00043671682026046363,50.14749262536873,1017
450,7.5,-0.01758742322179505,0.6669798669742201,48.58569051580699,601,-0.10647172704810832,0.0006715812234321182,49.557522123893804,1017
451,7.516666666666667,-0.02236364778650074,0.5842560254812171,48.91846921797005,601,-0.10760971828608734,0.0005871395705415267,49.45919370698132,1017
452,7.533333333333333,-0.02232191156879914,0.5849578918224366,49.25124792013311,601,-0.10841771919809243,0.0005332954639902295,49.75417895771878,1017
453,7.55,-0.021639499651483297,0.5964888618206865,48.58569051580699,601,-0.10940398860994308,0.0004738015869065466,49.95083579154376,1017
454,7.566666666666666,-0.02032570580564228,0.6189741218616143,48.58569051580699,601,-0.10788409234446075,0.0005683132920280922,49.6558505408063,1017
455,7.583333333333333,-0.019364934946615057,0.6356473068081654,48.41930116472546,601,-0.11037146890747879,0.00042149824365099117,49.75417895771878,1017
456,7.6,-0.022000910120678688,0.5903691025715112,49.58402662229617,601,-0.1107242283028562,0.00040380559224622404,49.557522123893804,1017
457,7.616666666666666,-0.02209512297043853,0.5887785482074729,49.08485856905158,601,-0.1119281497250062,0.00034850376571991045,49.06588003933137,1017
458,7.633333333333334,-0.021867341540063055,0.592627458054561,49.58402662229617,601,-0.10863841281954628,0.0005194086274692147,49.75417895771878,1017
459,7.65,-0.023270174460997745,0.5691086062742519,49.08485856905158,601,-0.10826078209200321,0.0005433798324609,49.6558505408063,1017
460,7.666666666666667,-0.02285521197031076,0.5760191011789668,48.41930116472546,601,-0.10956370539797491,0.0004647698199357037,50.34414945919371,1017
461,7.683333333333334,-0.02307937695557306,0.5722811076190464,48.91846921797005,601,-0.11251337918529077,0.0003242553867740562,50.54080629301868,1017
462,7.7,-0.02196326362009863,0.5910052233051638,48.91846921797005,601,-0.11140242007699139,0.00037172082941889405,50.442477876106196,1017
463,7.716666666666667,-0.021005893011634334,0.6072866546936038,48.75207986688852,601,-0.12177680574590168,9.891520412873602e-05,50.63913470993116,1017
464,7.733333333333333,-0.019042852974326098,0.6412787564462119,48.0865224625624,601,-0.12111073501012332,0.00010804144060442251,50.14749262536873,1017
465,7.75,-0.018241352064645923,0.6553817220220408,49.08485856905158,601,-0.12268351609129488,8.765474543018936e-05,49.95083579154376,1017
466,7.766666666666667,-0.019349183405645645,0.6359222302433786,48.91846921797005,601,-0.12221484991148218,9.331483535763079e-05,49.852507374631266,1017
467,7.783333333333333,-0.017863820182277224,0.6620677715621232,49.08485856905158,601,-0.12535210123787452,6.112179833129689e-05,49.75417895771878,1017
468,7.8,-0.017689512919952383,0.6651638675342096,49.25124792013311,601,-0.1282582632551016,4.093548639852178e-05,49.95083579154376,1017
469,7.816666666666666,-0.018066622278830206,0.6584727844379796,48.41930116472546,601,-0.1279396112603455,4.2792884146857886e-05,50.04916420845624,1017
470,7.833333333333333,-0.017565960807517166,0.6673618944143049,48.75207986688852,601,-0.1280238590825104,4.229419367377986e-05,50.24582104228122,1017
471,7.85,-0.0195229106086136,0.6328928142718631,49.08485856905158,601,-0.13070424976467435,2.901817523343449e-05,50.835791543756145,1017
472,7.866666666666666,-0.01829299434607035,0.654469266079253,48.91846921797005,601,-0.12675267812236227,5.043822313180099e-05,50.835791543756145,1017
473,7.883333333333334,-0.016338133380585495,0.6893575384855218,49.08485856905158,601,-0.12380171640116362,7.543050103729335e-05,50.737463126843664,1017
474,7.9,-0.016938388281637365,0.6785702547556058,49.08485856905158,601,-0.12555422435354602,5.9457766523854816e-05,50.14749262536873,1017
475,7.916666666666667,-0.015239243473553463,0.709268627920871,48.41930116472546,601,-0.12646124437940826,5.250404417674145e-05,50.04916420845624,1017
476,7.933333333333334,-0.014180709612477378,0.7286378469891941,48.0865224625624,601,-0.12465546237644921,6.720076829095693e-05,49.852507374631266,1017
477,7.95,-0.013983201497350883,0.7322715300921874,48.0865224625624,601,-0.12634510256173345,5.334941466450529e-05,50.14749262536873,1017
478,7.966666666666667,-0.016732553140426307,0.6822620938269799,48.58569051580699,601,-0.12473375072556073,6.649015083857711e-05,50.63913470993116,1017
479,7.983333333333333,-0.016009687971504247,0.695287031668056,48.75207986688852,601,-0.11858583733252837,0.00015035304027466906,50.63913470993116,1017
480,8.0,-0.01656120875765833,0.6853411104924111,48.0865224625624,601,-0.11695217677354953,0.00018556124999319205,50.24582104228122,1017
481,8.016666666666667,-0.019696930651097753,0.6298644375080892,48.91846921797005,601,-0.12121238057717226,0.00010659922128941289,50.34414945919371,1017
482,8.033333333333333,-0.020305342135958155,0.6193255312837095,48.25291181364393,601,-0.11818347436593152,0.00015838925794689108,50.24582104228122,1017
483,8.05,-0.021643249409766623,0.5964252195099652,48.58569051580699,601,-0.11915361203496974,0.00013966313618405548,50.54080629301868,1017
484,8.066666666666666,-0.0172084830727294,0.6737375215562909,48.58569051580699,601,-0.11642195599693654,0.00019856078550535244,50.04916420845624,1017
485,8.083333333333334,-0.018755545574633707,0.6463196366669108,49.58402662229617,601,-0.11523881342026453,0.00023071137652487577,50.442477876106196,1017
486,8.1,-0.019741101254678657,0.6290967441746846,49.417637271214645,601,-0.11349428006674016,0.0002871165494041966,50.34414945919371,1017
487,8.116666666666667,-0.019914122151713374,0.6260934642902986,49.58402662229617,601,-0.11829150710575054,0.0001561928126600381,50.24582104228122,1017
488,8.133333333333333,-0.02068209281192917,0.6128381840160071,49.08485856905158,601,-0.11923223542318793,0.00013824047289785738,50.54080629301868,1017
489,8.15,-0.02059289148296707,0.614371453769933,49.25124792013311,601,-0.11839105463519306,0.00015419425290448945,50.34414945919371,1017
490,8.166666666666666,-0.013622753055131399,0.7389183370256996,48.58569051580699,601,-0.12089473899551105,0.00011116740596598513,50.54080629301868,1017
491,8.183333333333334,-0.010836926039706145,0.7909130118820547,48.91846921797005,601,-0.12244935664076886,9.044094045870455e-05,50.442477876106196,1017
492,8.2,-0.008400686239034281,0.8371656928019043,48.58569051580699,601,-0.12242595100219211,9.072398321544036e-05,50.24582104228122,1017
493,8.216666666666667,-0.009653391161495658,0.8133018346747056,49.08485856905158,601,-0.11948736457068689,0.0001337173099049956,50.04916420845624,1017
494,8.233333333333333,-0.007575296033184692,0.8529727967536124,49.08485856905158,601,-0.1220217479385298,9.574574328594992e-05,49.852507374631266,1017
495,8.25,-0.006055032791311057,0.882237586960561,49.08485856905158,601,-0.12269832350419739,8.748130672277016e-05,50.14749262536873,1017
496,8.266666666666667,-0.00827568662364528,0.8395555247618198,48.41930116472546,601,-0.1235853473049913,7.766252397852228e-05,50.442477876106196,1017
497,8.283333333333333,-0.005950850819545119,0.884249425310166,48.58569051580699,601,-0.12255806306301151,8.913724397727916e-05,50.63913470993116,1017
498,8.3,-0.00608707140194284,0.8816190471236008,48.75207986688852,601,-0.12260088960592438,8.862851706119579e-05,51.03244837758112,1017
499,8.316666666666666,-0.005711162844631936,0.88888080130151,48.58569051580699,601,-0.12311288212545428,8.275498208999298e-05,51.03244837758112,1017
500,8.333333333333334,-0.003724362051004743,0.9274019353191739,48.58569051580699,601,-0.12241363726761978,9.087322753735804e-05,51.2291052114061,1017
501,8.35,-0.0034401580515303633,0.9329282797182898,47.920133111480865,601,-0.12614821913626775,5.481197624560133e-05,51.62241887905604,1017
502,8.366666666666667,-0.005437741419740668,0.8941686071087367,47.920133111480865,601,-0.1262371816196103,5.414647641080769e-05,50.835791543756145,1017
503,8.383333333333333,-0.007327529706708132,0.8577296061936656,48.25291181364393,601,-0.125583473210221,5.9220545528342327e-05,51.130776794493606,1017
504,8.4,-0.0063442381786927675,0.876656806245585,48.0865224625624,601,-0.12604190125123943,5.5617455913005414e-05,51.425762045231075,1017
505,8.416666666666666,-0.0069132840026475215,0.8656940535722379,48.41930116472546,601,-0.12862701322608455,3.888143802394351e-05,51.32743362831859,1017
506,8.433333333333334,-0.008682604830057724,0.8317813029907565,48.75207986688852,601,-0.12753536809490953,4.5264200224262835e-05,51.425762045231075,1017
507,8.45,-0.008442911123833548,0.8363587446586274,48.41930116472546,601,-0.128207142993093,4.1228227497940244e-05,51.720747295968536,1017
508,8.466666666666667,-0.003918735172872731,0.9236243458540971,47.75374376039934,601,-0.13039870846231238,3.0302707365201548e-05,52.015732546706,1017
509,8.483333333333333,-0.00010131890583744496,0.9980222915817287,48.25291181364393,601,-0.1341698714689672,1.763563316475428e-05,52.21238938053098,1017
510,8.5,-0.0006995906711564546,0.9863448940109906,47.088186356073216,601,-0.12931911591908224,3.528715843859032e-05,52.015732546706,1017
511,8.516666666666667,-0.0005502879066635749,0.9892588916361258,47.587354409317804,601,-0.13020364613882227,3.1150797780912836e-05,52.31071779744346,1017
512,8.533333333333333,0.0024160461070995283,0.952866982074268,47.75374376039934,601,-0.13109907118688768,2.743472082829245e-05,52.11406096361848,1017
513,8.55,0.003005046153242695,0.9413951875823269,47.920133111480865,601,-0.13159656554614008,2.555612137093479e-05,51.524090462143555,1017
514,8.566666666666666,0.0005195082286482424,0.9898596491143417,48.25291181364393,601,-0.1314533118575154,2.6084151959232208e-05,51.81907571288102,1017
515,8.583333333333334,0.0013084589452966016,0.9744636784680303,48.0865224625624,601,-0.1299947804449504,3.2083849240361753e-05,52.015732546706,1017
516,8.6,0.002437465889207749,0.9524496095983538,48.25291181364393,601,-0.13248220911976305,2.2510326176829595e-05,51.62241887905604,1017
517,8.616666666666667,0.0026530014324803895,0.9482505620268468,48.91846921797005,601,-0.1319539224843596,2.4282805030189902e-05,51.62241887905604,1017
518,8.633333333333333,0.003245870337705785,0.9367080756270497,48.58569051580699,601,-0.13421064873436522,1.7531310302086068e-05,51.32743362831859,1017
519,8.65,0.0024062607030515245,0.9530576586347033,47.920133111480865,601,-0.13273257976619057,2.171390680596648e-05,51.425762045231075,1017
520,8.666666666666666,0.0033290635370364285,0.9350894033971059,47.920133111480865,601,-0.13121245995576883,2.699535442261647e-05,52.21238938053098,1017
521,8.683333333333334,0.002217382797244787,0.9567386105178204,48.25291181364393,601,-0.1339707935474616,1.8153482471652098e-05,52.015732546706,1017
522,8.7,0.0029720641364784865,0.9420372711548846,48.0865224625624,601,-0.13289988337241432,2.119672759705149e-05,51.91740412979351,1017
523,8.716666666666667,0.001710607329824811,0.9666192484008534,47.75374376039934,601,-0.13263462724966413,2.2022247010307472e-05,51.32743362831859,1017
524,8.733333333333333,0.002623391645249363,0.9488273354033068,47.25457570715474,601,-0.13745216683895184,1.0879409315233134e-05,51.524090462143555,1017
525,8.75,-0.0005764366918821111,0.9887485246409428,47.920133111480865,601,-0.13522204189674983,1.512402827438908e-05,51.425762045231075,1017
526,8.766666666666667,-0.004093596978666848,0.9202274186536255,47.25457570715474,601,-0.13330962710354058,1.9979106181240466e-05,51.130776794493606,1017
527,8.783333333333333,-0.0029937575543369883,0.9416149462348682,47.920133111480865,601,-0.13176016318629855,2.496552216236466e-05,51.2291052114061,1017
528,8.8,-0.0011064599149428899,0.9784049109518319,47.587354409317804,601,-0.13092623850044666,2.8117507982378928e-05,51.62241887905604,1017
529,8.816666666666666,0.00010818197831832278,0.9978883271897923,47.42096505823628,601,-0.13178534062168482,2.4875789070454466e-05,51.2291052114061,1017
530,8.833333333333334,0.00018576577611380263,0.9963739279457654,47.25457570715474,601,-0.13545204944803696,1.4622295633091468e-05,51.720747295968536,1017
531,8.85,0.0008789514693691661,0.9828444862502241,47.587354409317804,601,-0.13749953542808427,1.0802952006513585e-05,51.720747295968536,1017
532,8.866666666666667,4.885186191851869e-05,0.9990464285662362,47.42096505823628,601,-0.13657500298686154,1.2391992782178681e-05,51.2291052114061,1017
533,8.883333333333333,-0.00019961816460130864,0.9961035370516611,47.75374376039934,601,-0.134518733434166,1.6761881223218394e-05,51.130776794493606,1017
534,8.9,0.003997779808150792,0.9220886210231332,47.25457570715474,601,-0.1346238519388171,1.650678564223891e-05,51.32743362831859,1017
535,8.916666666666666,0.0007274386386920623,0.9858013938066919,48.0865224625624,601,-0.13707240953562447,1.1511294637208456e-05,51.720747295968536,1017
536,8.933333333333334,0.0007680479743218411,0.9850088457623059,47.42096505823628,601,-0.13515466663093073,1.5274075433968333e-05,51.425762045231075,1017
537,8.95,0.00037570250440661966,0.9926665184246695,47.75374376039934,601,-0.13711367220560233,1.144097924630984e-05,51.32743362831859,1017
538,8.966666666666667,0.002013314303834705,0.9607166366951303,47.920133111480865,601,-0.13371185651960216,1.8848708359118e-05,51.524090462143555,1017
539,8.983333333333333,0.002962657028157561,0.9422204126987511,47.75374376039934,601,-0.1342626022848436,1.73992448982594e-05,51.2291052114061,1017
540,9.0,0.00458639509221756,0.9106621571038894,47.088186356073216,601,-0.12615058287259606,5.479419426421652e-05,51.91740412979351,1017
541,9.016666666666667,0.003637596906267972,0.9290887248162331,47.587354409317804,601,-0.12445973666788482,6.900888263198555e-05,51.81907571288102,1017
542,9.033333333333333,0.0031770691136948897,0.9380469237265796,47.42096505823628,601,-0.12054091262802391,0.00011647286057625367,51.62241887905604,1017
543,9.05,0.0015159961594724469,0.9704150382373962,47.587354409317804,601,-0.11944194183407207,0.00013451228118122055,51.91740412979351,1017
544,9.066666666666666,0.0015585345046770427,0.9695852898250505,47.25457570715474,601,-0.1178403469052246,0.00016555952680347082,51.425762045231075,1017
545,9.083333333333334,0.002334446596969331,0.9544570962436502,47.75374376039934,601,-0.11759741257077751,0.00017081925254876094,50.93411996066863,1017
546,9.1,-0.001984823821695278,0.9612720981644802,48.25291181364393,601,-0.11511700160424926,0.00023428506889410213,50.93411996066863,1017
547,9.116666666666667,-0.000964707642664292,0.9811709798914042,47.42096505823628,601,-0.11524308993830648,0.00023058684589231698,50.54080629301868,1017
548,9.133333333333333,0.0007813827981731571,0.9847486011844295,47.587354409317804,601,-0.11868220063904562,0.00014848613960336085,50.737463126843664,1017
549,9.15,0.0022878144935816963,0.9553658888012394,46.92179700499168,601,-0.11364652707413138,0.0002817222313754521,50.54080629301868,1017
550,9.166666666666666,-0.0006466048166261828,0.9873790198596634,47.25457570715474,601,-0.1140260153298245,0.0002686863594262579,51.130776794493606,1017
551,9.183333333333334,-0.002411798307630814,0.9529497535735009,46.92179700499168,601,-0.11609469014425647,0.00020700581287616833,50.93411996066863,1017
552,9.2,-0.00449249699217509,0.9124837760130875,46.58901830282861,601,-0.1163658305084157,0.00019998574491971304,51.03244837758112,1017
553,9.216666666666667,-0.006460350652208496,0.8744178938283613,47.42096505823628,601,-0.11626775897178987,0.00020249871708488663,51.03244837758112,1017
554,9.233333333333333,-0.007604066540280847,0.8524207803300005,47.587354409317804,601,-0.11539765706848235,0.00022612795986657483,50.442477876106196,1017
555,9.25,-0.008439610601798143,0.8364218138495033,46.75540765391015,601,-0.11424180797029605,0.00026152766074718104,50.835791543756145,1017
556,9.266666666666667,-0.008280835876674993,0.8394570483588486,47.088186356073216,601,-0.1108434679407308,0.0003979835006388195,50.93411996066863,1017
557,9.283333333333333,-0.009481914995812104,0.8165587628012444,47.587354409317804,601,-0.10923015968049479,0.0004838170060306724,50.835791543756145,1017
558,9.3,-0.013472033611963771,0.7417034742039319,47.920133111480865,601,-0.10912105387239616,0.000490203645997265,50.63913470993116,1017
559,9.316666666666666,-0.013848282503484317,0.7347571733174707,47.42096505823628,601,-0.11006998261628692,0.0004371894547144213,50.835791543756145,1017
560,9.333333333333334,-0.015239162606701774,0.7092701006851633,47.42096505823628,601,-0.11046305507140983,0.0004168365352497901,51.32743362831859,1017
561,9.35,-0.014965809245968457,0.7142546318816255,47.920133111480865,601,-0.10661234656982664,0.0006605681271957129,50.93411996066863,1017
562,9.366666666666667,-0.015899555761853226,0.6972794621957166,47.587354409317804,601,-0.10633844503595864,0.0006821767748032231,50.54080629301868,1017
563,9.383333333333333,-0.016197488967228495,0.6918943175930958,47.75374376039934,601,-0.1080423310756205,0.0005577124681020213,50.63913470993116,1017
564,9.4,-0.017015644905055867,0.6771865651830321,47.587354409317804,601,-0.10647750356923483,0.000671125478613101,50.14749262536873,1017
565,9.416666666666666,-0.017644291306803467,0.6659680409922839,47.920133111480865,601,-0.10620410199355354,0.0006930135214830492,50.63913470993116,1017
566,9.433333333333334,-0.016641679940226275,0.6838944099190357,48.25291181364393,601,-0.10786942754449184,0.0005693051532222745,50.835791543756145,1017
567,9.45,-0.015701558984893386,0.7008667076524491,48.0865224625624,601,-0.10702892468883472,0.0006289187919103612,50.63913470993116,1017
568,9.466666666666667,-0.011921740612742199,0.7705412626742453,47.920133111480865,601,-0.10889136114228966,0.0005039064120529807,50.14749262536873,1017
569,9.483333333333333,-0.01187417576378715,0.7714312942870425,48.0865224625624,601,-0.11012293483133385,0.00043439465497436104,50.04916420845624,1017
570,9.5,-0.012124717812583867,0.7667465608734679,47.587354409317804,601,-0.10800806912408245,0.0005599920447885884,50.34414945919371,1017
571,9.516666666666667,-0.0133944389457473,0.7431386618841006,47.088186356073216,601,-0.10799301848119633,0.000560996157460443,50.14749262536873,1017
572,9.533333333333333,-0.016049797458350782,0.6945619206915856,46.92179700499168,601,-0.10954136022391604,0.00046602368589604415,50.04916420845624,1017
573,9.55,-0.014654778939698063,0.719941009710302,46.92179700499168,601,-0.10852450166628033,0.0005265337481741643,49.557522123893804,1017
574,9.566666666666666,-0.013395182005545068,0.7431249140489185,46.422628951747086,601,-0.11165877451281495,0.0003602251223450324,50.24582104228122,1017
575,9.583333333333334,-0.012176531569261602,0.7657787810471518,47.25457570715474,601,-0.10821261904557666,0.0005465100602215077,50.737463126843664,1017
576,9.6,-0.013127614586328572,0.7480806047588726,47.25457570715474,601,-0.10909658619699514,0.000491646626365961,51.03244837758112,1017
577,9.616666666666667,-0.013396947793784461,0.743092244373909,47.25457570715474,601,-0.10826398710519168,0.0005431721242438747,50.34414945919371,1017
578,9.633333333333333,-0.015137140727836527,0.7111290063497575,47.42096505823628,601,-0.10789748356586273,0.0005674089737787727,50.442477876106196,1017
579,9.65,-0.015335595510589387,0.7075146154751893,47.75374376039934,601,-0.10715231258304714,0.0006198184318297606,49.852507374631266,1017
580,9.666666666666666,-0.012781096497882952,0.7545139976056797,47.587354409317804,601,-0.10683370961646835,0.0006435705736071613,50.14749262536873,1017
581,9.683333333333334,-0.013399831268777859,0.7430388968450048,47.088186356073216,601,-0.10861168917616328,0.000521072083804155,49.557522123893804,1017
582,9.7,-0.012473565503576093,0.7602378443388558,47.25457570715474,601,-0.1078864923438137,0.0005681511199389862,49.557522123893804,1017
583,9.716666666666667,-0.00883645708327534,0.8288461652248464,47.25457570715474,601,-0.1088025565390456,0.0005092991609484996,49.557522123893804,1017
584,9.733333333333333,-0.0071506525462575275,0.8611285964324169,47.25457570715474,601,-0.1076578469466653,0.0005837958280423274,49.6558505408063,1017
585,9.75,-0.005871735458182332,0.8857777053215431,47.25457570715474,601,-0.10838081235876285,0.0005356512177136664,49.852507374631266,1017
586,9.766666666666667,-0.006957686259661648,0.864839692540375,47.088186356073216,601,-0.10890747995696698,0.0005029332989706857,49.75417895771878,1017
587,9.783333333333333,-0.007522387689957486,0.8539881303960869,47.088186356073216,601,-0.10756254438607396,0.0005904342498414577,49.36086529006883,1017
588,9.8,-0.005890431251740911,0.8854165181911665,47.088186356073216,601,-0.10751337710555814,0.0005938864323438096,49.6558505408063,1017
589,9.816666666666666,-0.003850265711649551,0.9249548398662988,46.75540765391015,601,-0.11030675236757864,0.0004248215582076136,49.557522123893804,1017
590,9.833333333333334,-0.0037355858481577034,0.9271837585984927,46.25623960066555,601,-0.1074644613156337,0.0005973395660245438,49.6558505408063,1017
591,9.85,-0.000917512740990307,0.9820919646821119,46.422628951747086,601,-0.10811508460775368,0.0005529004925024895,49.95083579154376,1017
592,9.866666666666667,-0.003521492416110437,0.9313463925148876,46.422628951747086,601,-0.10789060439358052,0.0005678733616757902,50.24582104228122,1017
593,9.883333333333333,-0.004109904988846103,0.9199106865324929,46.58901830282861,601,-0.10758384705108034,0.0005889443250712203,49.164208456243855,1017
594,9.9,-0.0028596105065364866,0.9442267631713008,46.58901830282861,601,-0.1058885168448248,0.0007191016261662777,48.77089478859391,1017
595,9.916666666666666,-0.004788157651084586,0.9067495689902173,46.422628951747086,601,-0.10740760170461257,0.0006013769305280016,49.36086529006883,1017
596,9.933333333333334,-0.0004543592016249898,0.9911312457358302,46.58901830282861,601,-0.10549672180715855,0.000752757080943424,49.45919370698132,1017
597,9.95,0.00011609574173589805,0.9977338538107686,46.75540765391015,601,-0.10788039104890917,0.0005685634793220821,49.26253687315634,1017
598,9.966666666666667,0.0005224402322012624,0.989802422042931,46.92179700499168,601,-0.10951583803843276,0.0004674596800307361,49.26253687315634,1017
599,9.983333333333333,-0.00019557743872317037,0.9961824097214754,46.58901830282861,601,-0.10639623678949714,0.0006775635789351876,48.86922320550639,1017
600,10.0,-0.00047532074596333927,0.9907221099434499,46.92179700499168,601,-0.1029746720194292,0.0010068180175753704,48.96755162241888,1017
601,10.016666666666667,-0.0008819762766700033,0.9827854567059422,46.75540765391015,601,-0.10276993449069949,0.0010305856224666406,49.26253687315634,1017
602,10.033333333333333,-0.000524714337288245,0.9897580359205296,46.422628951747086,601,-0.10390368812700648,0.0009052026200001335,48.67256637168141,1017
603,10.05,0.0017023756409354695,0.96677978854339,46.25623960066555,601,-0.10278818882226456,0.001028445644038557,49.557522123893804,1017
604,10.066666666666666,0.0005514124218394122,0.9892369434720131,47.42096505823628,601,-0.10369575260843025,0.0009270852751815086,49.36086529006883,1017
605,10.083333333333334,-0.00011624778360963973,0.9977308860172771,47.25457570715474,601,-0.10187457853680854,0.0011407424602335409,49.26253687315634,1017
606,10.1,0.0031950833317187398,0.9376963562162763,46.75540765391015,601,-0.10350859086279493,0.000947199229365853,48.86922320550639,1017
607,10.116666666666667,0.0015726611608027049,0.9693097440013042,45.92346089850249,601,-0.10445252863031873,0.0008497188801656979,48.475909537856445,1017
608,10.133333333333333,-0.00014791950628082091,0.9971126680425298,46.422628951747086,601,-0.10222421124475826,0.0010964936355411564,48.96755162241888,1017
609,10.15,-0.0026913954884116003,0.9475027189153774,46.25623960066555,601,-0.10296063600909974,0.001008431114568142,48.86922320550639,1017
610,10.166666666666666,-0.004187160229195942,0.9184104180467823,46.75540765391015,601,-0.10333918211720071,0.0009657525638474126,48.37758112094395,1017
611,10.183333333333334,-0.0037184171378721025,0.927517499276989,47.088186356073216,601,-0.10358538715922522,0.0009388977207847361,48.08259587020649,1017
612,10.2,-0.004696011923813638,0.9085361886174691,47.42096505823628,601,-0.10383217943146947,0.000912673523463013,49.26253687315634,1017
613,10.216666666666667,-0.0021903455918165886,0.9572656029241928,46.92179700499168,601,-0.10378010546530825,0.0009181498331958926,49.06588003933137,1017
614,10.233333333333333,-0.0007817453061676888,0.984741526442285,47.088186356073216,601,-0.10166808905773102,0.0011676436143661466,49.164208456243855,1017
615,10.25,-0.0020948777548314684,0.9591265501738916,46.92179700499168,601,-0.10378541968358625,0.0009175895785479315,48.96755162241888,1017
616,10.266666666666667,-0.0026935037112352043,0.9474616560787644,46.92179700499168,601,-0.10518263043527662,0.000780786246957645,48.86922320550639,1017
617,10.283333333333333,0.0008206963504644319,0.9839813610688706,46.58901830282861,601,-0.10487601331215657,0.0008090787811452115,48.77089478859391,1017
618,10.3,0.0006904867291434953,0.9865225742262653,46.422628951747086,601,-0.10621181739681171,0.0006923868616391661,48.77089478859391,1017
619,10.316666666666666,-0.00037595097386293203,0.9926616685902244,46.92179700499168,601,-0.10640886386121945,0.0006765594920951711,48.67256637168141,1017
620,10.333333333333334,0.0012943435439072499,0.9747390670220777,46.089850249584025,601,-0.1063561282846961,0.0006807621327093563,48.77089478859391,1017
621,10.35,0.0037860883505243578,0.9262021202837647,45.75707154742096,601,-0.10614194478389243,0.00069808128381591,48.96755162241888,1017
622,10.366666666666667,0.002329034158114517,0.9545625738772816,46.422628951747086,601,-0.10846525239038293,0.0005302756345638033,49.26253687315634,1017
623,10.383333333333333,0.001498630412310133,0.9707537818777824,46.089850249584025,601,-0.11083373960607673,0.00039845555424180163,48.574237954768925,1017
624,10.4,0.005316372975956826,0.8965173183630295,45.59068219633943,601,-0.11153106452588502,0.0003659098828351135,48.574237954768925,1017
625,10.416666666666666,0.0021219595299683362,0.9585986241856669,46.58901830282861,601,-0.11114801487213981,0.000383466942274828,49.26253687315634,1017
626,10.433333333333334,0.0035963020939085997,0.9298916438076434,46.089850249584025,601,-0.11102001416873228,0.00038950697494588793,49.06588003933137,1017
627,10.45,0.00246472598664013,0.9519184552194419,45.92346089850249,601,-0.10912652436164767,0.0004898815639493944,48.86922320550639,1017
628,10.466666666666667,0.003212043371478226,0.9373663146565953,46.089850249584025,601,-0.1080348386246813,0.0005582102305556222,48.574237954768925,1017
629,10.483333333333333,0.002168417206242547,0.9576930310831755,46.58901830282861,601,-0.10908649314845759,0.0004922430150270232,48.77089478859391,1017
630,10.5,0.0005412636515251821,0.9894350263523668,46.25623960066555,601,-0.10759595583105355,0.0005880989862820036,48.96755162241888,1017
631,10.516666666666667,-0.0022350643234133943,0.95639398338406,46.75540765391015,601,-0.10885674587714156,0.0005060021058110227,48.574237954768925,1017
632,10.533333333333333,-0.0010801750286341671,0.9789177999100173,46.92179700499168,601,-0.10948773538787987,0.00046904563052050296,48.67256637168141,1017
633,10.55,-0.0018087593083661244,0.9647051258058611,47.75374376039934,601,-0.10792730962582961,0.0005653996066941016,48.279252704031464,1017
634,10.566666666666666,-0.0011837107610475437,0.9768975911229248,47.42096505823628,601,-0.11202918199789613,0.0003442001365691788,48.96755162241888,1017
635,10.583333333333334,-0.0005139131414491349,0.9899688546018428,47.25457570715474,601,-0.11393113954727262,0.00027189145724726047,48.08259587020649,1017
636,10.6,-0.0005767348632430853,0.9887427050153613,47.25457570715474,601,-0.11349355433415455,0.00028714249294975545,47.984267453294,1017
637,10.616666666666667,-0.0007623034800281203,0.9851209567335578,46.75540765391015,601,-0.11263474217531376,0.00031942838921249244,49.06588003933137,1017
638,10.633333333333333,0.00036208855446754305,0.9929322472822583,47.25457570715474,601,-0.11157975410510046,0.000363732753876309,48.67256637168141,1017
639,10.65,-0.00269843603524806,0.9473655874536233,47.088186356073216,601,-0.1125489297359305,0.00032283441329763524,48.67256637168141,1017
640,10.666666666666666,-0.0037200778493928707,0.9274852163310305,46.75540765391015,601,-0.11375311726160334,0.0002780021904726355,48.77089478859391,1017
641,10.683333333333334,-0.0044520481365982,0.9132686239362006,45.92346089850249,601,-0.11246147573080997,0.00032634049374832846,49.164208456243855,1017
642,10.7,-0.00449202020674146,0.9124930268078089,46.25623960066555,601,-0.11139717851165234,0.00037195941067422487,49.557522123893804,1017
643,10.716666666666667,-0.0013938254126647422,0.9727982622774359,45.92346089850249,601,-0.11116431191675644,0.00038270422931473787,48.96755162241888,1017
644,10.733333333333333,-0.0037373014084095754,0.9271504107119558,45.59068219633943,601,-0.11170201031178953,0.00035831932479021014,48.96755162241888,1017
645,10.75,-0.0021365020278040006,0.9583151434873526,46.422628951747086,601,-0.1123260543645428,0.00033183989329519346,49.164208456243855,1017
646,10.766666666666667,-0.0009545330806762439,0.98136952928117,46.422628951747086,601,-0.11189450288729949,0.0003499481258016726,49.06588003933137,1017
647,10.783333333333333,-0.0001416960183467826,0.9972341476409877,46.25623960066555,601,-0.10718789487032566,0.0006172169104090138,48.86922320550639,1017
648,10.8,-0.0031259814330007567,0.9390411856293466,46.089850249584025,601,-0.10671437845291909,0.0006526823873572844,48.96755162241888,1017
649,10.816666666666666,-0.0045361910390221815,0.91163605582125,46.089850249584025,601,-0.10865087188513767,0.0005186347831720361,49.164208456243855,1017
650,10.833333333333334,-0.002768594692428048,0.9459991657060391,46.75540765391015,601,-0.106570832946902,0.0006638018368634735,48.96755162241888,1017
651,10.85,-0.002467795649700063,0.9518586451356124,46.58901830282861,601,-0.10728579556737694,0.0006101113775035433,48.77089478859391,1017
652,10.866666666666667,-0.0008683271898155664,0.983051821315695,46.422628951747086,601,-0.1069209936945057,0.0006369807544582346,48.96755162241888,1017
653,10.883333333333333,-0.00031194346583574874,0.9939110290402372,46.58901830282861,601,-0.10460422989605933,0.0008349482481315316,49.06588003933137,1017
654,10.9,-0.0008974295322590371,0.9824838857012655,47.75374376039934,601,-0.10784362944077575,0.0005710539285383568,49.6558505408063,1017
655,10.916666666666666,-0.004420759475971375,0.9138757902660033,47.587354409317804,601,-0.10600075010871271,0.0007097211297898875,49.36086529006883,1017
656,10.933333333333334,-0.005424765825206386,0.8944196658379913,47.75374376039934,601,-0.10265340036316656,0.0010443443361881882,49.6558505408063,1017
657,10.95,-0.005905412681150073,0.8851271066114781,47.75374376039934,601,-0.09938721321199373,0.001506316236673108,49.164208456243855,1017
658,10.966666666666667,-0.005478429688243695,0.8933814174602766,48.0865224625624,601,-0.09866066794795322,0.0016318618463631214,49.164208456243855,1017
659,10.983333333333333,-0.004620304952080068,0.910004421949488,48.0865224625624,601,-0.09795609691711941,0.0017627266273620246,49.164208456243855,1017
660,11.0,-0.006890051451251784,0.8661411425586878,47.920133111480865,601,-0.09421995881106318,0.002632210856646964,49.164208456243855,1017
661,11.016666666666667,-0.009229642458810665,0.8213560293054287,47.587354409317804,601,-0.09374468430153948,0.00276725860199913,48.86922320550639,1017
662,11.033333333333333,-0.007736437082030371,0.8498819349247831,47.75374376039934,601,-0.09266299332141642,0.003098481363794302,49.06588003933137,1017
663,11.05,-0.008996761083947862,0.8257904772819579,47.587354409317804,601,-0.09457172341971032,0.0025361621795772548,48.67256637168141,1017
664,11.066666666666666,-0.008050175756811053,0.8438707226841484,47.25457570715474,601,-0.09439918279234269,0.002582866799306897,48.86922320550639,1017
665,11.083333333333334,-0.009496433141168163,0.8162828894523955,47.587354409317804,601,-0.09082145941385081,0.0037463349644404906,49.26253687315634,1017
666,11.1,-0.01120911199946094,0.7839068838321306,48.25291181364393,601,-0.0906476569133171,0.0038134266932270846,49.164208456243855,1017
667,11.116666666666667,-0.011607861942612619,0.7764200626666943,48.41930116472546,601,-0.09140423542167089,0.0035291152398254913,49.6558505408063,1017
668,11.133333333333333,-0.014836921037891963,0.7166091177347672,48.25291181364393,601,-0.09261832564972303,0.003112904641875549,49.75417895771878,1017
669,11.15,-0.012755060364679775,0.7549980730646866,48.25291181364393,601,-0.09221683522795941,0.0032453168117724056,49.75417895771878,1017
670,11.166666666666666,-0.016872934907404956,0.679743391163585,48.58569051580699,601,-0.09258806618820033,0.003122710181098835,49.75417895771878,1017
671,11.183333333333334,-0.014888981844161158,0.7156577636792704,47.920133111480865,601,-0.08967018750554948,0.004211474092089291,49.6558505408063,1017
672,11.2,-0.015392286764682473,0.7064833184693975,47.25457570715474,601,-0.09151491822043485,0.003489176831982787,49.557522123893804,1017
673,11.216666666666667,-0.012661334596748832,0.7567414580777874,47.587354409317804,601,-0.09004383102365708,0.004055075828764134,50.14749262536873,1017
674,11.233333333333333,-0.015611235222050936,0.702505384467485,47.75374376039934,601,-0.08847276267236444,0.0047501890147520825,49.95083579154376,1017
675,11.25,-0.01602062978057958,0.6950891948494804,47.25457570715474,601,-0.09214767017568663,0.003268638235444666,49.95083579154376,1017
676,11.266666666666667,-0.015710008579865764,0.700713483787426,47.75374376039934,601,-0.09074817428346171,0.0037744929768249095,49.852507374631266,1017
677,11.283333333333333,-0.010586113084265955,0.795643942616345,47.920133111480865,601,-0.08726818589022288,0.005354215062723741,49.164208456243855,1017
678,11.3,-0.011566177918908375,0.77720175479413,47.920133111480865,601,-0.08734417524753368,0.005314155792729469,49.164208456243855,1017
679,11.316666666666666,-0.011051302577681662,0.7868754332514545,48.0865224625624,601,-0.08708757015989475,0.005450525056922481,48.96755162241888,1017
680,11.333333333333334,-0.009868811254783505,0.8092148249052982,47.920133111480865,601,-0.08424435813203084,0.007186737540233418,49.45919370698132,1017
681,11.35,-0.00841409770012426,0.8369093715019709,47.25457570715474,601,-0.08350222630848825,0.007714831039333232,49.75417895771878,1017
682,11.366666666666667,-0.00904928704067477,0.8247898062114483,47.088186356073216,601,-0.08164185961875553,0.009194347957635967,49.45919370698132,1017
683,11.383333333333333,-0.006751113790651452,0.8688157564745473,47.088186356073216,601,-0.08418491079387083,0.00722781364489557,49.164208456243855,1017
684,11.4,-0.007233845478321361,0.8595295816300436,47.25457570715474,601,-0.08267990356124925,0.008340313718994253,49.06588003933137,1017
685,11.416666666666666,-0.008374170466938387,0.8376725158349426,46.75540765391015,601,-0.08135836024982493,0.009440754334126673,49.26253687315634,1017
686,11.433333333333334,-0.007439684515626359,0.8555757222913012,46.25623960066555,601,-0.08228109198435445,0.008659668700053247,49.06588003933137,1017
687,11.45,-0.009079370640841772,0.8242168118595765,46.58901830282861,601,-0.0821408315221375,0.008774552064627574,49.26253687315634,1017
688,11.466666666666667,-0.0047073251439395175,0.9083168108026501,46.75540765391015,601,-0.08066825264901006,0.01006531694868299,48.77089478859391,1017
689,11.483333333333333,-0.003889749266390922,0.9241875722603715,46.75540765391015,601,-0.08119659476515115,0.009583974677457774,49.06588003933137,1017
690,11.5,-0.0020216778652888626,0.9605535810626613,46.25623960066555,601,-0.08060518019474688,0.01012419159646897,48.86922320550639,1017
691,11.516666666666667,-0.0004760154447022496,0.9907085505771396,46.25623960066555,601,-0.0806659506124211,0.010067460407848094,49.06588003933137,1017
692,11.533333333333333,0.005060124772484707,0.9014791582083859,45.59068219633943,601,-0.08337726219739156,0.007807093041237923,49.26253687315634,1017
693,11.55,0.0021006004893183144,0.9590149909867053,45.4242928452579,601,-0.08180397879802268,0.00905603110952554,48.574237954768925,1017
694,11.566666666666666,0.0026641803161842996,0.9480328139335196,46.089850249584025,601,-0.07895877247801089,0.011773326382597331,48.77089478859391,1017
695,11.583333333333334,0.0031643709456218704,0.9382940449112872,46.089850249584025,601,-0.07917428634880073,0.011544723028846255,48.86922320550639,1017
696,11.6,0.0031620114139871043,0.938339964807135,45.75707154742096,601,-0.0766544804530265,0.014479715515527023,48.86922320550639,1017
697,11.616666666666667,0.0032088120445801713,0.9374291952969555,46.089850249584025,601,-0.07728835776755677,0.013685391620579669,48.67256637168141,1017
698,11.633333333333333,0.003006482537613861,0.9413672253615539,46.089850249584025,601,-0.07600697829140482,0.015332751679430188,48.574237954768925,1017
699,11.65,0.004093522004404942,0.9202288748234921,46.089850249584025,601,-0.0747144304209532,0.017168598716234006,48.96755162241888,1017
700,11.666666666666666,0.0021190617631449494,0.9586551117343074,45.92346089850249,601,-0.07534201320198387,0.016254465346195252,48.96755162241888,1017
701,11.683333333333334,0.0014562887783616243,0.9715797377126872,45.75707154742096,601,-0.076872689749396,0.014201806306703575,48.96755162241888,1017
702,11.7,0.001040355946483185,0.9796947939894277,45.92346089850249,601,-0.07527496515689813,0.016350045950396692,50.04916420845624,1017
703,11.716666666666667,0.0024845119423360477,0.9515329454593572,45.59068219633943,601,-0.07741082538852945,0.013536433722851975,49.75417895771878,1017
704,11.733333333333333,0.0038364321085209395,0.9252236790703552,45.92346089850249,601,-0.08064923269789867,0.010083038878052246,49.6558505408063,1017
705,11.75,0.005228678790918376,0.8982149327002784,45.75707154742096,601,-0.08020606969167014,0.010503888851069112,50.14749262536873,1017
706,11.766666666666667,0.005369306853495653,0.8954928342375641,45.92346089850249,601,-0.07941930977519661,0.011289603150790634,49.6558505408063,1017
707,11.783333333333333,0.005688155973547377,0.8893255537011454,46.089850249584025,601,-0.08229460451573828,0.00864867217653551,49.75417895771878,1017
708,11.8,0.0061451728865780444,0.8804975194430072,46.422628951747086,601,-0.08347805094325637,0.007732603414886887,49.557522123893804,1017
709,11.816666666666666,0.004326298628720851,0.9157091355642627,46.25623960066555,601,-0.08502020006139795,0.0066695162301072825,49.95083579154376,1017
710,11.833333333333334,0.004449710311861858,0.9133139884216663,45.75707154742096,601,-0.08003634831971587,0.01066915181637582,50.04916420845624,1017
711,11.85,0.0059354221297026576,0.8845474294460782,45.92346089850249,601,-0.07545330723878844,0.016096891815382666,50.14749262536873,1017
712,11.866666666666667,0.006943984758515538,0.8651033116692541,45.59068219633943,601,-0.07975670410784078,0.010946489842638544,50.04916420845624,1017
713,11.883333333333333,0.007984436527283516,0.8451295432074458,45.4242928452579,601,-0.07526842604409209,0.01635939414526501,49.75417895771878,1017
714,11.9,0.007119286935575921,0.8617316088497133,45.25790349417637,601,-0.07966165175767914,0.011042204643707617,49.852507374631266,1017
715,11.916666666666666,0.01081690606483972,0.7912903568269523,45.75707154742096,601,-0.08264011512728114,0.008371695664720218,50.14749262536873,1017
716,11.933333333333334,0.01352171339585355,0.7407850689614045,45.59068219633943,601,-0.07970321262716097,0.011000263152566754,49.852507374631266,1017
717,11.95,0.012500463186954986,0.7597366896406804,45.59068219633943,601,-0.0767434279480632,0.014365859906036935,50.24582104228122,1017
718,11.966666666666667,0.011659350556105327,0.7754548188313888,45.92346089850249,601,-0.07878522886277506,0.011960314952522118,49.6558505408063,1017
719,11.983333333333333,0.011485989940254264,0.7787061361099956,45.4242928452579,601,-0.0790969193884965,0.01162633240001864,49.45919370698132,1017
720,12.0,0.010078587269313575,0.8052398776799027,45.92346089850249,601,-0.07686227453708853,0.014214963446195755,49.557522123893804,1017
721,12.016666666666667,0.00964610650502629,0.8134401305553012,45.75707154742096,601,-0.0780970442668465,0.012727953667430635,49.6558505408063,1017
722,12.033333333333333,0.009822026429464519,0.8101020025626375,45.4242928452579,601,-0.07359042251107697,0.018918770851101243,48.96755162241888,1017
723,12.05,0.010010692435899912,0.8065258408984284,45.75707154742096,601,-0.07062353427367027,0.024305951157438884,48.574237954768925,1017
724,12.066666666666666,0.009167674589751418,0.8225354507099849,44.92512479201331,601,-0.07408795494623238,0.018125722165480078,48.475909537856445,1017
725,12.083333333333334,0.011217958101894979,0.7837405723736768,46.25623960066555,601,-0.07006865619392409,0.02544895017566708,48.279252704031464,1017
726,12.1,0.0137328405486912,0.7368861902804623,46.089850249584025,601,-0.07222106224840394,0.02125988094453062,48.08259587020649,1017
727,12.116666666666667,0.012655576043689873,0.756848612811206,46.25623960066555,601,-0.06751141331401299,0.031336190657847776,47.984267453294,1017
728,12.133333333333333,0.009435517632901031,0.817440555920109,46.75540765391015,601,-0.0664298293322318,0.03415719399224421,48.279252704031464,1017
729,12.15,0.007850032418317682,0.8477044311866987,46.58901830282861,601,-0.06747854150760779,0.0314188915853044,48.08259587020649,1017
730,12.166666666666666,0.01294752375168896,0.7514219872211807,46.25623960066555,601,-0.06790997131741991,0.030348220355592793,47.68928220255654,1017
731,12.183333333333334,0.012912867129761953,0.7520655377205935,46.92179700499168,601,-0.06914531167770277,0.02745396086291478,47.885939036381515,1017
732,12.2,0.010874342587210456,0.7902079000899583,47.088186356073216,601,-0.07070655272675101,0.024138819793465077,48.77089478859391,1017
733,12.216666666666667,0.007880672694040818,0.8471172869555107,47.42096505823628,601,-0.07285814566588905,0.020141068701512322,49.06588003933137,1017
734,12.233333333333333,0.006963082865353746,0.8647358650787945,46.92179700499168,601,-0.07327615021778096,0.019435179013670225,49.164208456243855,1017
735,12.25,0.008279916776039772,0.8394746254283391,47.088186356073216,601,-0.07149960821476589,0.02259176656402023,48.574237954768925,1017
736,12.266666666666667,0.006354276715524812,0.8764632012926835,46.92179700499168,601,-0.068785443940429,0.02827147452366141,48.86922320550639,1017
737,12.283333333333333,0.007567358649557411,0.8531251030777894,46.422628951747086,601,-0.06829610459436214,0.029416654709035078,49.45919370698132,1017
738,12.3,0.007354355647007833,0.8572143290098256,46.422628951747086,601,-0.06823293391055352,0.029567355437367774,48.96755162241888,1017
739,12.316666666666666,0.006820507157034677,0.8674797130823706,46.089850249584025,601,-0.07080694067906715,0.023938050141233506,48.96755162241888,1017
740,12.333333333333334,0.007490531331017989,0.8545995839763356,45.92346089850249,601,-0.07408665063745556,0.01812776258865826,48.86922320550639,1017
741,12.35,0.004409713383564308,0.9140901551673432,46.58901830282861,601,-0.07122038834917169,0.023126347910874607,49.164208456243855,1017
742,12.366666666666667,0.004956628678358634,0.9034842960304442,45.92346089850249,601,-0.07133040263733632,0.022914424205276875,48.86922320550639,1017
743,12.383333333333333,0.007503801002283421,0.8543448742051084,45.92346089850249,601,-0.07233881545577088,0.021049106612523513,47.984267453294,1017
744,12.4,0.004852784873334286,0.9054967876974074,45.4242928452579,601,-0.0721169559516747,0.021447754193574028,47.78761061946903,1017
745,12.416666666666666,0.006441608948678134,0.8747792090885097,46.089850249584025,601,-0.07257795081877039,0.020626651074582093,48.37758112094395,1017
746,12.433333333333334,0.005890768536710871,0.8854100023448453,46.422628951747086,601,-0.07250592328909075,0.02075311086979023,47.885939036381515,1017
747,12.45,0.002197988724836907,0.9571166258260433,46.422628951747086,601,-0.07178661522795664,0.022053485750941407,48.279252704031464,1017
748,12.466666666666667,0.0023602760184067116,0.9539537433485192,46.58901830282861,601,-0.07017338226877452,0.025229735270691864,48.86922320550639,1017
749,12.483333333333333,0.004710995901295969,0.908245631618236,46.92179700499168,601,-0.06996162315889984,0.02567469252908526,49.45919370698132,1017
750,12.5,0.008739546481968553,0.8306947156179098,46.92179700499168,601,-0.06852912352863358,0.02886645403379105,48.67256637168141,1017
751,12.516666666666667,0.005389211486575413,0.8951076441492701,45.75707154742096,601,-0.069955771829691,0.02568708321408565,48.86922320550639,1017
752,12.533333333333333,0.008786707780474752,0.8297950058509505,45.09151414309484,601,-0.07037181091810105,0.024818852924598983,48.475909537856445,1017
753,12.55,0.006330432993744226,0.8769230674444252,45.4242928452579,601,-0.07408842480947017,0.01812498717413472,49.06588003933137,1017
754,12.566666666666666,0.0014595307753445426,0.9715164951766053,45.4242928452579,601,-0.07366982851512482,0.018790203577199658,48.86922320550639,1017
755,12.583333333333334,0.002861146699307048,0.9441968503574384,46.422628951747086,601,-0.07242693039920753,0.02089257526756777,48.67256637168141,1017
756,12.6,0.0012372876119589715,0.9758522466941968,46.25623960066555,601,-0.07670555747565325,0.01441423856746581,48.67256637168141,1017
757,12.616666666666667,0.0032869063731162523,0.9359096132616418,45.75707154742096,601,-0.07548651842169096,0.0160501308791357,48.96755162241888,1017
758,12.633333333333333,0.0019937560011860297,0.9610979509045634,45.75707154742096,601,-0.07525158925669266,0.01638348528788117,48.96755162241888,1017
759,12.65,0.004035636853525735,0.9213532147277789,45.92346089850249,601,-0.07421911714841775,0.017921558579803213,49.06588003933137,1017
760,12.666666666666666,0.005445222947635726,0.8940238553186086,46.422628951747086,601,-0.07120273504612123,0.023160511733646118,48.86922320550639,1017
761,12.683333333333334,0.004444810690457591,0.9134090643856055,46.25623960066555,601,-0.07192051375279457,0.02180619386037502,49.06588003933137,1017
762,12.7,0.005848239765269787,0.8862316560623201,46.089850249584025,601,-0.07064159472851335,0.024269507155289183,48.96755162241888,1017
763,12.716666666666667,0.005628551280227316,0.8904779503535503,46.25623960066555,601,-0.07081862217209983,0.023914782074095486,49.45919370698132,1017
764,12.733333333333333,0.004768542959906565,0.9071298404220046,46.089850249584025,601,-0.0718098446237126,0.022010410459469557,49.06588003933137,1017
765,12.75,0.008085675438368366,0.8431911152300172,46.25623960066555,601,-0.07231668775756832,0.021088575171195327,49.06588003933137,1017
766,12.766666666666667,0.004569788616369521,0.910984288171016,46.422628951747086,601,-0.0723879871026164,0.020961630531800984,48.574237954768925,1017
767,12.783333333333333,0.0014370026549300596,0.9719559611528347,46.75540765391015,601,-0.07190627718329637,0.021832371838401723,48.67256637168141,1017
768,12.8,0.004303218582343501,0.9161571534941687,45.92346089850249,601,-0.07318311910646906,0.019590386758754633,49.06588003933137,1017
769,12.816666666666666,0.00623263072092636,0.8788097802350168,46.089850249584025,601,-0.0722284984549191,0.021246516287106165,48.77089478859391,1017
770,12.833333333333334,0.005719878526448785,0.8887123250698045,46.089850249584025,601,-0.07107590190079308,0.023407256594736275,48.77089478859391,1017
771,12.85,0.00499575171115038,0.9027262518072671,46.25623960066555,601,-0.07327146760844307,0.019442965493140906,48.77089478859391,1017
772,12.866666666666667,0.004324188927060229,0.9157500868954734,46.25623960066555,601,-0.07243331629327485,0.02088127054856579,48.18092428711898,1017
773,12.883333333333333,0.004596895797891468,0.9104584728255735,45.75707154742096,601,-0.0728606770774399,0.02013672751687233,47.78761061946903,1017
774,12.9,0.004925070793261512,0.9040958226414324,46.58901830282861,601,-0.0743947387380215,0.017651342243407652,48.475909537856445,1017
775,12.916666666666666,0.006111970705768917,0.881138388994995,45.92346089850249,601,-0.07433288380807154,0.017746104440463914,48.86922320550639,1017
776,12.933333333333334,0.008123250237653833,0.8424719085086747,46.422628951747086,601,-0.07373780216996605,0.018680753435893413,48.67256637168141,1017
777,12.95,0.006959041434344428,0.8648136195721469,45.92346089850249,601,-0.07282981626844306,0.020189707192380547,47.49262536873156,1017
778,12.966666666666667,0.004837825258117981,0.9057867550586111,46.089850249584025,601,-0.07292631013228074,0.02002445591660011,48.08259587020649,1017
779,12.983333333333333,0.002623693415636308,0.9488214570383788,45.92346089850249,601,-0.07202962573954279,0.021606464500430578,47.984267453294,1017
780,13.0,0.0035237141692199374,0.9313031849917254,46.25623960066555,601,-0.06794732210901026,0.030257017487463487,47.39429695181908,1017
781,13.016666666666667,0.0024268635026418496,0.9526561994522179,45.25790349417637,601,-0.06672981716793157,0.03335383774729104,48.18092428711898,1017
782,13.033333333333333,0.00014071622122297997,0.9972532728323786,45.4242928452579,601,-0.06654112783527802,0.033857234485875055,48.18092428711898,1017
783,13.05,0.0007669907364957745,0.9850294790550674,45.59068219633943,601,-0.0684449376870772,0.02906420298347917,48.18092428711898,1017
784,13.066666666666666,0.0025349897842768827,0.9505494861385934,45.25790349417637,601,-0.06850271008521486,0.028928373196105056,48.475909537856445,1017
785,13.083333333333334,0.004515601728161381,0.9120355022523515,46.25623960066555,601,-0.06918624167485572,0.02736228256334429,49.164208456243855,1017
786,13.1,0.0018005739894092609,0.9648647451846029,46.25623960066555,601,-0.06907774244357058,0.027605886849753753,49.36086529006883,1017
787,13.116666666666667,-0.0010297433659951002,0.9799018816999574,46.422628951747086,601,-0.06871808587977081,0.028426797178248968,49.6558505408063,1017
788,13.133333333333333,0.0027725412396392268,0.9459223067618646,46.422628951747086,601,-0.06833660782684042,0.029320377248913447,48.96755162241888,1017
789,13.15,0.0011221802162392335,0.9780981697562177,46.75540765391015,601,-0.07028631300823573,0.024995176826287362,49.6558505408063,1017
790,13.166666666666666,0.0007424129535727238,0.9855091474171733,46.422628951747086,601,-0.07064910317219068,0.02425436987009428,49.75417895771878,1017
791,13.183333333333334,-0.0004514297795190844,0.9911884235539405,46.58901830282861,601,-0.06991960813049254,0.02576377756353415,50.04916420845624,1017
792,13.2,-0.00281446035471657,0.9451059637917333,46.75540765391015,601,-0.06981569365756538,0.025985256148184914,50.14749262536873,1017
793,13.216666666666667,-0.0036628367003125033,0.9285980082606766,46.75540765391015,601,-0.07094342019437366,0.023667419967713144,49.06588003933137,1017
794,13.233333333333333,-0.001176929736216038,0.9770298993787507,46.75540765391015,601,-0.07311890949340276,0.01969813992019829,49.26253687315634,1017
795,13.25,-0.0008779557802078269,0.9828639172862005,46.58901830282861,601,-0.0715029313860709,0.02258546929909064,49.6558505408063,1017
796,13.266666666666667,-0.000854733969474485,0.9833170975526462,46.75540765391015,601,-0.07486461670022039,0.016945833565295998,49.06588003933137,1017
797,13.283333333333333,-0.0018978847590652662,0.9629672105718743,47.42096505823628,601,-0.07465299505290594,0.017260459976277596,48.574237954768925,1017
798,13.3,-0.0017168197560995576,0.9664980902205389,47.088186356073216,601,-0.07592256368395972,0.015447154748082796,48.86922320550639,1017
799,13.316666666666666,-0.0012184467684498053,0.9762198480503612,47.587354409317804,601,-0.07696536136584242,0.014085209442439732,48.08259587020649,1017
800,13.333333333333334,0.00141655408530178,0.9723548677723243,47.25457570715474,601,-0.07642504014570344,0.01477708219178325,48.37758112094395,1017
801,13.35,-0.0019303853513815208,0.9623335035782985,47.75374376039934,601,-0.076706708327437,0.014412766269528633,48.574237954768925,1017
802,13.366666666666667,-0.0038470815234298156,0.925016719924339,47.75374376039934,601,-0.07542308928976993,0.01613954216768823,48.96755162241888,1017
803,13.383333333333333,-0.005940682239607628,0.8844458289344665,47.587354409317804,601,-0.07372622539602937,0.018699354738990464,48.86922320550639,1017
804,13.4,-0.004423997351637529,0.9138129559353775,47.587354409317804,601,-0.07350903692078299,0.019051339746288844,48.77089478859391,1017
805,13.416666666666666,-0.003783573527518935,0.9262509993143848,46.92179700499168,601,-0.0712627746820624,0.02304449748167041,48.475909537856445,1017
806,13.433333333333334,-0.0029375020123129404,0.9427101560764306,47.25457570715474,601,-0.07122621399305351,0.02311508333860153,48.37758112094395,1017
807,13.45,-0.004447194533892883,0.9133628063279444,46.92179700499168,601,-0.07239981516458384,0.02094063573512968,49.06588003933137,1017
808,13.466666666666667,-0.002502688336293574,0.9511788063848411,47.088186356073216,601,-0.07197100421618013,0.02171357257017583,48.96755162241888,1017
809,13.483333333333333,0.00037940991543383533,0.9925941541068686,46.92179700499168,601,-0.07533258605583693,0.0162678745610213,48.96755162241888,1017
810,13.5,0.004892354157533911,0.9047298633513239,47.25457570715474,601,-0.07416041671570181,0.01801268009446867,49.164208456243855,1017
811,13.516666666666667,0.0059216906266626405,0.8848126662343939,47.75374376039934,601,-0.07666980973673639,0.014460037062150927,48.279252704031464,1017
812,13.533333333333333,0.004159066765052913,0.9189559495941328,47.75374376039934,601,-0.07675947272762575,0.01434540623400838,47.885939036381515,1017
813,13.55,0.002895205364228057,0.9435336787584805,47.75374376039934,601,-0.07759391804092498,0.013316404981322225,48.574237954768925,1017
814,13.566666666666666,0.005498304633071176,0.892996938005135,47.75374376039934,601,-0.07643582750335404,0.014762981733783551,48.475909537856445,1017
815,13.583333333333334,0.008405571358272891,0.8370723258750192,47.587354409317804,601,-0.07781709417271311,0.013052479964917249,49.164208456243855,1017
816,13.6,0.009787115972653797,0.8107641659885264,47.920133111480865,601,-0.0773823720206904,0.013570913532766005,49.164208456243855,1017
817,13.616666666666667,0.011468743909238558,0.7790297917554152,47.920133111480865,601,-0.07625411260244377,0.015002093323927289,49.06588003933137,1017
818,13.633333333333333,0.011574652641891963,0.7770428117646596,47.25457570715474,601,-0.0751654802469844,0.0165071827439646,48.86922320550639,1017
819,13.65,0.010777767447415335,0.7920281988841712,47.587354409317804,601,-0.0758317078478673,0.015571124874264413,48.86922320550639,1017
820,13.666666666666666,0.012365656792459098,0.762249395086731,47.088186356073216,601,-0.07670742480614602,0.014411849736957406,49.164208456243855,1017
821,13.683333333333334,0.012909466961815615,0.7521286858571158,47.25457570715474,601,-0.07534973040754746,0.01624349557874093,49.557522123893804,1017
822,13.7,0.013345762936198644,0.7440394263533869,47.42096505823628,601,-0.07368508603600642,0.01876558751999618,49.36086529006883,1017
823,13.716666666666667,0.012196815217712608,0.7654000212895504,47.75374376039934,601,-0.07327054094613084,0.0194445067166023,49.164208456243855,1017
824,13.733333333333333,0.012318478622897483,0.7631293585135643,47.920133111480865,601,-0.07362084887578661,0.018869416641788678,48.96755162241888,1017
825,13.75,0.009403106205769715,0.8180566797639627,47.920133111480865,601,-0.07272290295821104,0.020374188763565712,49.36086529006883,1017
826,13.766666666666667,0.010261760045469586,0.801773120302783,47.42096505823628,601,-0.0695898105704003,0.02647236914005175,48.96755162241888,1017
827,13.783333333333333,0.011345527738251798,0.7813432942089428,47.42096505823628,601,-0.07060729449238735,0.024338761675085047,48.67256637168141,1017
828,13.8,0.011481330949595844,0.7787935674491794,47.42096505823628,601,-0.07046720487086075,0.024623390859966343,48.77089478859391,1017
829,13.816666666666666,0.009630258180810243,0.8137410237995658,47.088186356073216,601,-0.06773650038712402,0.03077489773053691,48.08259587020649,1017
830,13.833333333333334,0.0069471418909732765,0.8650425665942791,47.42096505823628,601,-0.0656344802063437,0.03636745143312329,48.574237954768925,1017
831,13.85,0.0079318357893842,0.8461370630476657,47.75374376039934,601,-0.0610881936901855,0.051468532987705394,48.279252704031464,1017
832,13.866666666666667,0.008663865250656898,0.8321389707110127,47.920133111480865,601,-0.06334933422172193,0.043405958384382964,47.78761061946903,1017
833,13.883333333333333,0.01078414326607397,0.7919079891248936,47.75374376039934,601,-0.0623841629360524,0.04670682055689592,47.29596853490659,1017
834,13.9,0.010624216087110696,0.7949247414492493,47.587354409317804,601,-0.06184100510686913,0.04865544349147157,47.984267453294,1017
835,13.916666666666666,0.010267892551780095,0.8016571224123714,47.587354409317804,601,-0.06004250385216562,0.05560047473000528,48.08259587020649,1017
836,13.933333333333334,0.01132393443592192,0.7817489287766315,47.920133111480865,601,-0.06247407676592382,0.04639066015583212,47.885939036381515,1017
837,13.95,0.009592814064302315,0.8144520394610958,47.920133111480865,601,-0.0631488300695404,0.04407499220589507,48.37758112094395,1017
838,13.966666666666667,0.010052457389366146,0.8057347291076465,48.0865224625624,601,-0.06211797031395005,0.047653455870472566,48.475909537856445,1017
839,13.983333333333333,0.008027531158347428,0.8443042924758358,47.920133111480865,601,-0.06423745934055121,0.040544619834724065,48.279252704031464,1017
840,14.0,0.009054135700495635,0.824697448770242,47.42096505823628,601,-0.05978074686195731,0.05667690475387535,48.37758112094395,1017
841,14.016666666666667,0.01190490060934398,0.7708563377701844,47.587354409317804,601,-0.0622598653516577,0.04714686312088439,47.49262536873156,1017
842,14.033333333333333,0.012284360620010003,0.7637659151141712,47.75374376039934,601,-0.060444960827562996,0.053978656956271034,47.68928220255654,1017
843,14.05,0.01266902239019454,0.7565984114518224,48.58569051580699,601,-0.05713795924036036,0.06854580612064168,48.37758112094395,1017
844,14.066666666666666,0.012591256225329438,0.7580457877436452,48.41930116472546,601,-0.05643426106262188,0.07202916011106335,48.279252704031464,1017
845,14.083333333333334,0.010530433655408879,0.7966952134095051,48.58569051580699,601,-0.054523984879378304,0.08221993132795793,48.18092428711898,1017
846,14.1,0.011085235988332193,0.786236850227939,48.0865224625624,601,-0.05470500680122215,0.08120671175796965,47.29596853490659,1017
847,14.116666666666667,0.010505873357855234,0.7971590479725172,48.25291181364393,601,-0.05759734335596539,0.06634731313300544,47.49262536873156,1017
848,14.133333333333333,0.010766321117815433,0.7922440204895075,48.25291181364393,601,-0.05770945814370849,0.06581965858309935,47.78761061946903,1017
849,14.15,0.009581465828747547,0.814667558011935,47.75374376039934,601,-0.05933822868396341,0.05853604437677604,47.885939036381515,1017
850,14.166666666666666,0.009687553702606938,0.8126533519450717,47.088186356073216,601,-0.05592681711398943,0.07462982972148906,47.78761061946903,1017
851,14.183333333333334,0.011382514712337392,0.78064862430077,47.42096505823628,601,-0.05840823866711082,0.06260826051120764,47.984267453294,1017
852,14.2,0.009649860478022357,0.8133688623652695,47.587354409317804,601,-0.05654904428430607,0.07145128993117254,47.984267453294,1017
853,14.216666666666667,0.009391318780591313,0.8182807802160406,47.75374376039934,601,-0.056028005590537944,0.07410520904112103,47.78761061946903,1017
854,14.233333333333333,0.008712391343689197,0.8312128625936358,47.587354409317804,601,-0.05868068976055084,0.061391723304944475,47.984267453294,1017
855,14.25,0.010197393366884322,0.8029908946104721,47.42096505823628,601,-0.05975536341036815,0.05678220468760445,47.885939036381515,1017
856,14.266666666666667,0.010529484739350049,0.7967131328757308,47.42096505823628,601,-0.06227288988625504,0.04710059050159196,48.279252704031464,1017
857,14.283333333333333,0.010037048181919014,0.8060265872890753,47.587354409317804,601,-0.0649959586675808,0.03822889330312161,48.18092428711898,1017
858,14.3,0.009321880645147718,0.8196012258720842,47.42096505823628,601,-0.0642115278843418,0.0406258443078821,48.08259587020649,1017
859,14.316666666666666,0.009633657683082227,0.8136764791899002,47.42096505823628,601,-0.06403201979930565,0.04119189831219083,48.279252704031464,1017
860,14.333333333333334,0.0093016091311543,0.8199868083368484,48.25291181364393,601,-0.06077236872402289,0.05268853061094984,48.08259587020649,1017
861,14.35,0.008290942760428728,0.8392637675063913,47.920133111480865,601,-0.060084168088441844,0.055430717041274884,48.08259587020649,1017
862,14.366666666666667,0.007216697265266209,0.859859133112703,48.0865224625624,601,-0.06067071394038957,0.05308631007982798,48.18092428711898,1017
863,14.383333333333333,0.005475297798125965,0.8934420059433452,48.0865224625624,601,-0.06012746400638834,0.05525476836008579,47.984267453294,1017
864,14.4,0.006888750400681879,0.8661661813395903,48.0865224625624,601,-0.061100966786707886,0.051419692826831065,48.279252704031464,1017
865,14.416666666666666,0.008549937243025527,0.8343141691744306,48.0865224625624,601,-0.06037932017406966,0.05424045217924142,47.68928220255654,1017
866,14.433333333333334,0.008442562430993152,0.8363654077293403,48.25291181364393,601,-0.060442245065792904,0.05398946733213908,47.39429695181908,1017
867,14.45,0.009494868490111618,0.8163126198121751,48.25291181364393,601,-0.0617876830364328,0.0488503626451072,47.590953785644054,1017
868,14.466666666666667,0.010795836670282324,0.7916875343726176,48.25291181364393,601,-0.06275374915439531,0.04541873773662904,47.885939036381515,1017
869,14.483333333333333,0.009370563448873192,0.8186754129198118,48.25291181364393,601,-0.06169647884548359,0.04918527729176357,47.590953785644054,1017
870,14.5,0.011669555860600964,0.7752635436366784,48.41930116472546,601,-0.06345332814055746,0.043062343186329864,48.18092428711898,1017
871,14.516666666666667,0.013530176273903521,0.7406286566614789,47.920133111480865,601,-0.06334441978215151,0.04342225367676117,48.18092428711898,1017
872,14.533333333333333,0.00932923405674776,0.8194613681037056,48.58569051580699,601,-0.06560709849877241,0.03644566292747858,48.18092428711898,1017
873,14.55,0.008778251564075466,0.8299563112000936,48.0865224625624,601,-0.06494823666112795,0.038371205886296514,48.475909537856445,1017
874,14.566666666666666,0.007434516019856188,0.8556749575267524,47.920133111480865,601,-0.06553585657579063,0.036649825047265244,48.475909537856445,1017
875,14.583333333333334,0.009357268724646125,0.8189282170150206,47.42096505823628,601,-0.06790291432102788,0.030365478536184543,48.37758112094395,1017
876,14.6,0.00887403249648157,0.8281296753753044,47.42096505823628,601,-0.07106904478240554,0.023420661306388313,48.279252704031464,1017
877,14.616666666666667,0.008082626387401905,0.8432494818302145,47.42096505823628,601,-0.0712293883561847,0.023108947334364284,47.78761061946903,1017
878,14.633333333333333,0.00813479406112764,0.8422509783162334,47.42096505823628,601,-0.07060008817610214,0.024353333441445583,47.68928220255654,1017
879,14.65,0.005985546286053023,0.8835793443730234,47.25457570715474,601,-0.07065842313981546,0.024235591857190715,47.590953785644054,1017
880,14.666666666666666,0.006582966443548234,0.8720546712692333,47.42096505823628,601,-0.07355332109482017,0.018979105071221938,47.78761061946903,1017
881,14.683333333333334,0.00566608002456865,0.8897523428504299,47.75374376039934,601,-0.07710727756322525,0.013908289304408503,47.78761061946903,1017
882,14.7,0.005894162085365586,0.8853444444386384,47.587354409317804,601,-0.07722172437259353,0.013767043849589374,47.885939036381515,1017
883,14.716666666666667,0.0032121269903291217,0.9373646874643141,48.25291181364393,601,-0.07744383464583214,0.013496529941805464,48.18092428711898,1017
884,14.733333333333333,0.002632613848303468,0.9486476918789263,48.0865224625624,601,-0.07930260168713923,0.0114104901910883,48.279252704031464,1017
885,14.75,0.00178122627485882,0.9652420445665676,48.58569051580699,601,-0.07970938832831685,0.010994042969668468,48.475909537856445,1017
886,14.766666666666667,0.0024434900940539066,0.9523322280498664,48.25291181364393,601,-0.08024124997884197,0.01046991860869536,48.574237954768925,1017
887,14.783333333333333,0.00283876028797779,0.9446327672939719,48.25291181364393,601,-0.08041379524735678,0.01030471733437124,48.475909537856445,1017
888,14.8,0.0019378737196420748,0.9621874963173375,48.75207986688852,601,-0.08044521708397664,0.010274883492648861,48.67256637168141,1017
889,14.816666666666666,0.002757168225594575,0.9462216987905706,48.75207986688852,601,-0.07862823769692895,0.012131728628695314,48.77089478859391,1017
890,14.833333333333334,0.0031144702570866656,0.939265227803117,48.75207986688852,601,-0.0749783717537646,0.016778795164029078,48.475909537856445,1017
891,14.85,0.0017545694666702173,0.9657618911308199,49.08485856905158,601,-0.07386516737703125,0.018477170631360715,48.77089478859391,1017
892,14.866666666666667,0.002192791984705938,0.9572179185841634,49.08485856905158,601,-0.07372344810718404,0.01870381963063001,48.279252704031464,1017
893,14.883333333333333,0.0008816178153301657,0.9827924521250201,48.75207986688852,601,-0.07575701986744762,0.01567368822455533,48.574237954768925,1017
894,14.9,-0.00027845636858229647,0.9945646687206764,48.25291181364393,601,-0.07521655674359051,0.016433711795466866,48.279252704031464,1017
895,14.916666666666666,0.0015490011959330245,0.9697712427023951,48.41930116472546,601,-0.07457241945976285,0.017381593016762658,48.574237954768925,1017
896,14.933333333333334,0.0017294211805658592,0.966252332628964,48.25291181364393,601,-0.07570404389660784,0.015746795402968108,48.86922320550639,1017
897,14.95,0.003049951341841991,0.9405210485901089,48.41930116472546,601,-0.07400629936933528,0.01825384973723337,48.475909537856445,1017
898,14.966666666666667,0.002316722633590673,0.9548025038780997,48.58569051580699,601,-0.07349668269773336,0.019071534258656077,48.96755162241888,1017
899,14.983333333333333,0.0030948381089656134,0.9396473396233094,47.920133111480865,601,-0.07242318240229684,0.020899212691966318,48.67256637168141,1017
900,15.0,0.0028656060395777887,0.9441100183304075,48.41930116472546,601,-0.07028012535321908,0.0250079796635916,49.164208456243855,1017
901,15.016666666666667,0.0029487220604051748,0.9424917101130595,47.920133111480865,601,-0.07042019971157686,0.024719537306007067,49.26253687315634,1017
902,15.033333333333333,0.0016876015421327592,0.9670679266949281,48.0865224625624,601,-0.06772148116327201,0.03081208047937793,49.852507374631266,1017
903,15.05,-0.0004914686453676605,0.9904069304488755,47.920133111480865,601,-0.0721258527493431,0.02143164255647056,49.36086529006883,1017
904,15.066666666666666,-0.0016961526982465745,0.9669011536072073,48.0865224625624,601,-0.07567978300736582,0.015780375453897964,48.77089478859391,1017
905,15.083333333333334,-7.892447325974841e-05,0.9984594221920102,48.0865224625624,601,-0.07194517795612741,0.021760906269008604,48.86922320550639,1017
906,15.1,-0.00024159340317272612,0.9952842066690861,47.587354409317804,601,-0.07246589482852783,0.02082368075266816,48.279252704031464,1017
907,15.116666666666667,-7.207636148541183e-05,0.99859309476739,47.42096505823628,601,-0.07764361788287251,0.013257226356472897,49.26253687315634,1017
908,15.133333333333333,-0.0002686960351498402,0.994755182839056,47.75374376039934,601,-0.07527691556022918,0.01634725859732639,48.77089478859391,1017
909,15.15,-0.004766998683734347,0.9071597803183408,48.25291181364393,601,-0.07771283822628425,0.013175191143141763,49.557522123893804,1017
910,15.166666666666666,-0.0019675452895820573,0.961608976267769,48.91846921797005,601,-0.07398104093248822,0.018293643325310714,48.67256637168141,1017
911,15.183333333333334,-0.0015323412648171088,0.9700962085325352,47.920133111480865,601,-0.0719456782516116,0.021759988489452427,48.86922320550639,1017
912,15.2,-0.004741464061900118,0.9076548558458036,48.58569051580699,601,-0.07337003148965084,0.019279641508737795,48.67256637168141,1017
913,15.216666666666667,-0.0023441011880209334,0.9542689495048288,48.75207986688852,601,-0.07210623823920707,0.02146717739629685,48.96755162241888,1017
914,15.233333333333333,-0.002359282296860256,0.9539731082382604,48.58569051580699,601,-0.07165375276499338,0.022301268227080593,48.96755162241888,1017
915,15.25,-0.0023631775619953332,0.9538972004289926,48.75207986688852,601,-0.07055895637245378,0.024436649959589395,48.475909537856445,1017
916,15.266666666666667,-0.004100126051266178,0.9201006103092735,49.417637271214645,601,-0.06890347055437405,0.02800107434661002,48.37758112094395,1017
917,15.283333333333333,-0.0044333050989141115,0.9136323324537595,48.41930116472546,601,-0.06977043094029327,0.02608223976208412,48.77089478859391,1017
918,15.3,-0.006366575369958244,0.8762260173727113,48.25291181364393,601,-0.06729722743904684,0.03187842004640203,48.574237954768925,1017
919,15.316666666666666,-0.008832432352757167,0.8289229174193148,48.91846921797005,601,-0.06711470335040323,0.032346814375633824,48.96755162241888,1017
920,15.333333333333334,-0.009340580352519215,0.8192455791556206,48.75207986688852,601,-0.06964655697975508,0.02634926142363667,48.86922320550639,1017
921,15.35,-0.010337520373403294,0.800340401189347,48.91846921797005,601,-0.06877754437940069,0.028289652444019233,48.37758112094395,1017
922,15.366666666666667,-0.011662799360264462,0.7753901773297526,48.91846921797005,601,-0.06899049137877081,0.02780313713059443,48.475909537856445,1017
923,15.383333333333333,-0.010927920569876945,0.7891985257285165,48.41930116472546,601,-0.07089514855194942,0.02376283504642376,48.18092428711898,1017
924,15.4,-0.00977335966910399,0.8110251255444864,48.0865224625624,601,-0.07012040823094469,0.025340416859636825,48.67256637168141,1017
925,15.416666666666666,-0.009118159917581945,0.8234781407426237,48.0865224625624,601,-0.07084152474584864,0.02386921986358367,48.67256637168141,1017
926,15.433333333333334,-0.00857067352111806,0.83391816202169,48.0865224625624,601,-0.07501418255869587,0.016726509983400664,48.77089478859391,1017
927,15.45,-0.007812205408852364,0.8484294074651123,48.41930116472546,601,-0.07486719388532206,0.016942033141461553,49.36086529006883,1017
928,15.466666666666667,-0.008020784343191104,0.8444334809628647,48.41930116472546,601,-0.07353126204225295,0.019015057020502626,49.6558505408063,1017
929,15.483333333333333,-0.007390771490675661,0.856514944496942,48.25291181364393,601,-0.0719411065354922,0.021768376439235595,49.36086529006883,1017
930,15.5,-0.005124720040387139,0.9002280035796281,48.25291181364393,601,-0.07270042192463214,0.020413166635468986,49.45919370698132,1017
931,15.516666666666667,-0.005785060858522425,0.8874524943606164,48.75207986688852,601,-0.0715462064511514,0.02250360391231747,49.6558505408063,1017
932,15.533333333333333,-0.007860521488728421,0.8475034248847733,48.58569051580699,601,-0.07359291524906039,0.018914723178457864,49.557522123893804,1017
933,15.55,-0.007863530268492621,0.8474457682458991,48.58569051580699,601,-0.07521763092861586,0.01643216971941067,50.24582104228122,1017
934,15.566666666666666,-0.007647138373627347,0.8515945008409208,48.25291181364393,601,-0.07259265888123628,0.020600910559440692,49.95083579154376,1017
935,15.583333333333334,-0.00498726918441778,0.9028906009655983,48.58569051580699,601,-0.07139563975890277,0.02278955331189677,49.557522123893804,1017
936,15.6,-0.006111790184697279,0.8811418736310832,48.25291181364393,601,-0.07106602228781188,0.023426571974763867,49.26253687315634,1017
937,15.616666666666667,-0.0046015266282873335,0.9103686495508094,48.75207986688852,601,-0.07145497761032724,0.02267648737969444,49.26253687315634,1017
938,15.633333333333333,-0.0034154589442895386,0.9334087098503132,48.25291181364393,601,-0.07220466603081781,0.02128937474005958,49.557522123893804,1017
939,15.65,-0.004800967985218424,0.906501225623251,47.920133111480865,601,-0.07067237925306785,0.024207496398480344,49.26253687315634,1017
940,15.666666666666666,-0.006490952285039563,0.8738279909858081,47.920133111480865,601,-0.06987364745451399,0.02586153419718838,49.26253687315634,1017
941,15.683333333333334,-0.00663169220007942,0.871115875498363,48.25291181364393,601,-0.07217910352216318,0.02133542800142075,49.75417895771878,1017
942,15.7,-0.008683778590503156,0.8317589014970994,48.58569051580699,601,-0.07077392180622735,0.024003925645283492,49.75417895771878,1017
943,15.716666666666667,-0.008196615719156372,0.8410680225368232,49.08485856905158,601,-0.07428196970843438,0.017824438920751282,49.45919370698132,1017
944,15.733333333333333,-0.008584637604859282,0.8336515092398241,49.417637271214645,601,-0.07676833171898798,0.014334123903509157,49.852507374631266,1017
945,15.75,-0.008709741833244692,0.8312634218038746,49.08485856905158,601,-0.07351341366727013,0.01904418988996365,50.14749262536873,1017
946,15.766666666666667,-0.00826684737708703,0.8397245759384531,48.91846921797005,601,-0.07193699561975354,0.021775921335247663,50.24582104228122,1017
947,15.783333333333333,-0.006568465724670288,0.8723340903883346,48.58569051580699,601,-0.07150623651152459,0.022579207741269272,50.34414945919371,1017
948,15.8,-0.007558756314753508,0.8532901749713728,48.75207986688852,601,-0.07159626838373437,0.022409220925928015,50.54080629301868,1017
949,15.816666666666666,-0.005338612738446193,0.8960868681529566,49.417637271214645,601,-0.07138463972339543,0.022810567096460004,50.442477876106196,1017
950,15.833333333333334,-0.006331605896263085,0.8769004450824011,48.91846921797005,601,-0.07265030567748709,0.02050029259622543,50.442477876106196,1017
951,15.85,-0.005138218368989301,0.8999665837253291,48.75207986688852,601,-0.07410233855400811,0.01810323417804546,50.24582104228122,1017
952,15.866666666666667,-0.005067624207054436,0.9013338880415119,48.91846921797005,601,-0.07385443113623211,0.018494256485132775,49.6558505408063,1017
953,15.883333333333333,-0.004046125801393302,0.9211494695596564,49.25124792013311,601,-0.07465726970672777,0.01725405439285704,49.852507374631266,1017
954,15.9,-0.002167096562774669,0.9577187734583186,49.25124792013311,601,-0.07596407739698656,0.015390799794882505,49.6558505408063,1017
955,15.916666666666666,-0.00047372675056736764,0.9907532220979288,48.91846921797005,601,-0.07680568133856955,0.014286643343687944,49.852507374631266,1017
956,15.933333333333334,0.0019230995464816492,0.9624755624937855,48.58569051580699,601,-0.07678364222357967,0.014314643700189214,49.557522123893804,1017
957,15.95,0.0027376322501778422,0.9466021761164882,48.91846921797005,601,-0.07696378142194174,0.014087190194452343,48.96755162241888,1017
958,15.966666666666667,0.002161227240435026,0.9578331805662251,48.58569051580699,601,-0.07810691515175568,0.012716642358186312,49.36086529006883,1017
959,15.983333333333333,0.002088015732367627,0.959260319733452,49.08485856905158,601,-0.07649346120764448,0.014687847541293543,49.164208456243855,1017
960,16.0,0.00044978339197510216,0.9912205585287631,48.75207986688852,601,-0.07185699408883281,0.021923203799898695,49.852507374631266,1017
961,16.016666666666666,0.002308141986031088,0.9549697280535312,48.58569051580699,601,-0.07138504789481268,0.022809787050941485,49.26253687315634,1017
962,16.033333333333335,0.002563891603800647,0.9499864259862928,48.58569051580699,601,-0.0705913513429082,0.024371010164609047,49.26253687315634,1017
963,16.05,0.0010245141017149809,0.9800039230132065,48.0865224625624,601,-0.0719980596450288,0.021664082075695774,49.557522123893804,1017
964,16.066666666666666,0.004972572927533225,0.903175351115912,48.41930116472546,601,-0.07159212909824511,0.022417011769182725,49.36086529006883,1017
965,16.083333333333332,0.002109865529155113,0.9588343796728572,48.41930116472546,601,-0.07078181144353271,0.023988170880945806,49.75417895771878,1017
966,16.1,0.0010354415421285502,0.979790690642992,48.58569051580699,601,-0.0709132597912134,0.023726996879563728,49.36086529006883,1017
967,16.116666666666667,0.0013316308504364854,0.9740116060028157,48.75207986688852,601,-0.0687274167341483,0.02840523722202783,49.6558505408063,1017
968,16.133333333333333,0.003488369680669675,0.9319905704707779,48.25291181364393,601,-0.06865013980136538,0.0285842188707798,49.75417895771878,1017
969,16.15,0.005341939283927276,0.8960224855440527,48.75207986688852,601,-0.06892565982237814,0.02795048786714801,50.04916420845624,1017
970,16.166666666666668,0.004891814772058465,0.9047403170238495,48.58569051580699,601,-0.06897859107676861,0.027830134202792865,50.24582104228122,1017
971,16.183333333333334,0.004573225198979234,0.9109176244218485,48.91846921797005,601,-0.06773109188415555,0.030788283002913905,49.95083579154376,1017
972,16.2,0.0062008916265881234,0.879422210176224,48.58569051580699,601,-0.06610514374166192,0.03504524139348167,50.14749262536873,1017
973,16.216666666666665,0.0060129149749426365,0.8830508256416614,48.58569051580699,601,-0.06485497946222803,0.03865060798162118,49.75417895771878,1017
974,16.233333333333334,0.004014649740716461,0.9217608995482387,48.91846921797005,601,-0.06385187714927978,0.04176664565341629,49.852507374631266,1017
975,16.25,0.0049970439750018514,0.9027012145290297,49.08485856905158,601,-0.06339697901099006,0.04324824512450101,50.34414945919371,1017
976,16.266666666666666,0.0051614537604209535,0.8995166131857831,48.75207986688852,601,-0.06517889386906985,0.03768750319952204,49.75417895771878,1017
977,16.283333333333335,0.004197016201283788,0.9182190394037325,49.08485856905158,601,-0.06408842972876673,0.041013302890477006,49.36086529006883,1017
978,16.3,0.004029054007889573,0.9214810874753704,49.417637271214645,601,-0.06257212047598268,0.046047965288814496,48.86922320550639,1017
979,16.316666666666666,0.003769813454064916,0.9265184501055157,49.58402662229617,601,-0.06256096711158726,0.04608684232100531,49.45919370698132,1017
980,16.333333333333332,0.0030206918537542503,0.9410906152450733,50.08319467554077,601,-0.06314369163010045,0.04409225153486424,49.06588003933137,1017
981,16.35,0.00419928038752717,0.9181750751644577,49.750415973377706,601,-0.06318816823359585,0.04394304917372531,49.6558505408063,1017
982,16.366666666666667,0.006103391080330239,0.8813040058400473,48.75207986688852,601,-0.06387516455167166,0.04169196750736314,49.557522123893804,1017
983,16.383333333333333,0.006937218396206684,0.8652335031150511,48.25291181364393,601,-0.0649512523837193,0.03836219935847674,49.164208456243855,1017
984,16.4,0.009563503207846156,0.8150087214034017,48.58569051580699,601,-0.06618978988023973,0.03481184976736719,49.6558505408063,1017
985,16.416666666666668,0.008267993021537256,0.8397026649961908,48.25291181364393,601,-0.06676889933462138,0.03325037522400993,49.6558505408063,1017
986,16.433333333333334,0.008311993992753884,0.8388612214466327,48.41930116472546,601,-0.06572200988989779,0.03611839415719,49.6558505408063,1017
987,16.45,0.008363522715633183,0.837876056100962,48.58569051580699,601,-0.06662692193799599,0.033627549283835816,49.6558505408063,1017
988,16.466666666666665,0.006098827114815963,0.8813921084827039,48.25291181364393,601,-0.06647141775219287,0.03404484509956161,49.75417895771878,1017
989,16.483333333333334,0.006596123424555013,0.8718011588547998,48.58569051580699,601,-0.06578113711626549,0.035950976231548804,50.04916420845624,1017
990,16.5,0.001073940435885913,0.9790394548975231,49.08485856905158,601,-0.06772700780216195,0.030798393829767134,49.95083579154376,1017
991,16.516666666666666,0.00537853408087491,0.8953142678982358,49.08485856905158,601,-0.06712383234696076,0.03232324839072506,50.14749262536873,1017
992,16.533333333333335,0.0037807940135472125,0.9263050232996135,48.75207986688852,601,-0.06690305056516693,0.03289731926363308,49.95083579154376,1017
993,16.55,0.0022934776243787192,0.955255519423935,48.91846921797005,601,-0.0674335433965377,0.03153240370506969,50.04916420845624,1017
994,16.566666666666666,0.0012154160918014488,0.9762789796782082,48.41930116472546,601,-0.06533900167971651,0.037219028450556114,49.852507374631266,1017
995,16.583333333333332,0.0024373632381829314,0.9524516097610818,48.75207986688852,601,-0.06329943493280137,0.043571654338805686,49.45919370698132,1017
996,16.6,0.0002591984304886226,0.9949405689825725,48.75207986688852,601,-0.061079221920959,0.05150286128629483,49.45919370698132,1017
997,16.616666666666667,0.0004063972669911108,0.9920673945048998,48.58569051580699,601,-0.06108823010737986,0.051468393685120954,49.6558505408063,1017
998,16.633333333333333,-0.0017492822534553743,0.9658650012172187,48.58569051580699,601,-0.060295541033402025,0.054576125255409697,49.45919370698132,1017
999,16.65,-0.00016968318874435208,0.9966878515966648,49.08485856905158,601,-0.059475549111492824,0.0579537868407808,49.45919370698132,1017
1000,16.666666666666668,0.00011195694531204378,0.997814641389852,49.08485856905158,601,-0.05765791449031168,0.06606181201232335,49.164208456243855,1017
1001,16.683333333333334,0.0005083459626355116,0.9900775155566663,48.75207986688852,601,-0.05662766362662103,0.07105767831195242,49.06588003933137,1017
1002,16.7,-0.0013599816157839357,0.9734585078659138,48.75207986688852,601,-0.056914617854165656,0.06963606427205021,49.557522123893804,1017
1003,16.716666666666665,-0.0005997141367010041,0.9882942037766391,48.41930116472546,601,-0.0591278710742736,0.05943739160383611,49.6558505408063,1017
1004,16.733333333333334,-0.003230319334016062,0.9370106773196627,48.58569051580699,601,-0.057877263053425776,0.06503636241909543,50.24582104228122,1017
1005,16.75,-0.003513929348525303,0.9314934767142621,48.0865224625624,601,-0.05681926906687333,0.07010582711261384,49.45919370698132,1017
1006,16.766666666666666,-0.003824365566435537,0.9254581845548523,47.920133111480865,601,-0.05787407213353908,0.06505118537357477,50.04916420845624,1017
1007,16.783333333333335,-0.0042435863981386095,0.9173148252743162,48.25291181364393,601,-0.05818201985206678,0.06363342757334078,49.6558505408063,1017
1008,16.8,-0.001584000706194676,0.9690885644796491,48.0865224625624,601,-0.05780634782102511,0.06536644564991881,49.6558505408063,1017
1009,16.816666666666666,0.0014859428321133007,0.971001274537009,48.0865224625624,601,-0.05720466531946776,0.06822290562718503,49.852507374631266,1017
1010,16.833333333333332,0.003791233780854774,0.926102112661635,48.0865224625624,601,-0.05653226396575772,0.07153553204996446,49.36086529006883,1017
1011,16.85,0.005905774494015608,0.8851201172915492,48.25291181364393,601,-0.05803984951041342,0.06428476497677656,49.95083579154376,1017
1012,16.866666666666667,0.0037329056389700027,0.9272358580510539,48.41930116472546,601,-0.057776956446050146,0.06550365497390173,49.75417895771878,1017
1013,16.883333333333333,0.006449052483576749,0.8746357044571117,48.25291181364393,601,-0.06093277721703903,0.0520659070463359,49.75417895771878,1017
1014,16.9,0.004415362596789306,0.9139805234890238,48.41930116472546,601,-0.06190831819822557,0.04841031165227363,49.852507374631266,1017
1015,16.916666666666668,0.0028694554602345665,0.9440350631570384,48.25291181364393,601,-0.06421233320847675,0.040623319739861455,50.04916420845624,1017
1016,16.933333333333334,0.002867298484368558,0.9440770633124382,48.58569051580699,601,-0.0652725309932887,0.03741291698770786,50.14749262536873,1017
1017,16.95,0.0011586125722715928,0.977387298646948,48.75207986688852,601,-0.06820220332266061,0.02964090609807399,49.6558505408063,1017
1018,16.966666666666665,0.0014980136202507972,0.9707658133828246,48.75207986688852,601,-0.06965171131477285,0.026338103933097066,49.75417895771878,1017
1019,16.983333333333334,-0.0002889093912982815,0.9943606341892438,48.41930116472546,601,-0.06904398679783827,0.027682055534337908,49.75417895771878,1017
1020,17.0,0.0032962534877225384,0.9357277498964744,48.41930116472546,601,-0.06556564774189483,0.03656433272025084,49.36086529006883,1017
1021,17.016666666666666,0.002120622199607178,0.958624693377504,48.0865224625624,601,-0.06620177680802859,0.03477890603456213,49.75417895771878,1017
1022,17.033333333333335,0.0035458045887856917,0.9308735927669235,49.08485856905158,601,-0.06749452868963439,0.03137864671895143,49.45919370698132,1017
1023,17.05,0.004557821549621208,0.9112164334092753,48.41930116472546,601,-0.0654855698476152,0.036794519673441106,49.45919370698132,1017
1024,17.066666666666666,0.004954358457600416,0.9035282863162206,48.75207986688852,601,-0.06725121536168882,0.03199594576808003,49.36086529006883,1017
1025,17.083333333333332,0.007253824845137044,0.8591456522955384,47.920133111480865,601,-0.06555316170545636,0.036600143482748225,49.36086529006883,1017
1026,17.1,0.009049488876821655,0.824785961581223,48.0865224625624,601,-0.06429151633236058,0.04037574033546789,49.36086529006883,1017
1027,17.116666666666667,0.011451509263419642,0.7793532719222303,48.25291181364393,601,-0.0642768240614382,0.04042158142836489,50.04916420845624,1017
1028,17.133333333333333,0.007731475334375099,0.8499770726019483,48.25291181364393,601,-0.06776500365203159,0.030704438621970444,50.24582104228122,1017
1029,17.15,0.006201857333136057,0.8794035750712884,48.25291181364393,601,-0.06865384024981794,0.028575626178848314,50.14749262536873,1017
1030,17.166666666666668,0.0034567763064557444,0.932605046499598,48.0865224625624,601,-0.0666462678422479,0.03357594131623912,49.75417895771878,1017
1031,17.183333333333334,0.0024444881930770473,0.9523127802036878,47.42096505823628,601,-0.06901934478931204,0.027737773762844854,50.04916420845624,1017
1032,17.2,0.001085621404105487,0.9788115257279207,48.58569051580699,601,-0.0682725328620549,0.02947281036982046,49.95083579154376,1017
1033,17.216666666666665,0.0007228963603465328,0.9858900436120229,48.25291181364393,601,-0.067437326298394,0.03152284746270545,50.04916420845624,1017
1034,17.233333333333334,-3.80742344660602e-05,0.9992568040539741,48.0865224625624,601,-0.06747556868417995,0.03142638000880434,49.75417895771878,1017
1035,17.25,0.0025147362910992437,0.9509440758152738,47.920133111480865,601,-0.06672600797254113,0.03336393655421714,49.36086529006883,1017
1036,17.266666666666666,0.0008721176803198486,0.982977848959011,48.25291181364393,601,-0.06463602388259519,0.039313398616320036,49.36086529006883,1017
1037,17.283333333333335,0.001675303388068792,0.9673077799527527,47.75374376039934,601,-0.06393398956530935,0.04150382970553217,49.36086529006883,1017
1038,17.3,0.00038598282817755084,0.9924658587039499,48.0865224625624,601,-0.0643067540212224,0.0403282439999471,49.36086529006883,1017
1039,17.316666666666666,-0.0005233078834006909,0.9897854871699463,47.75374376039934,601,-0.06440735996251026,0.04001583812998448,49.45919370698132,1017
1040,17.333333333333332,-0.0030359903314169656,0.9407928105483231,47.920133111480865,601,-0.06513982504573856,0.0378025757470193,49.557522123893804,1017
1041,17.35,-0.0036193142717884062,0.9294441958499601,48.58569051580699,601,-0.06806723584855906,0.02996580073487768,49.75417895771878,1017
1042,17.366666666666667,-0.005812100630407432,0.8869299582532671,48.25291181364393,601,-0.06800228652744789,0.030123233491165753,49.6558505408063,1017
1043,17.383333333333333,-0.00672589704503003,0.8693013519481368,48.0865224625624,601,-0.06718371383931754,0.03216903160941734,49.36086529006883,1017
1044,17.4,-0.006377666559122934,0.8760121293568561,48.91846921797005,601,-0.06776253400880457,0.03071053801879277,49.06588003933137,1017
1045,17.416666666666668,-0.007536545144587499,0.8537164190992078,48.0865224625624,601,-0.06809060331290687,0.029909332589370397,49.164208456243855,1017
1046,17.433333333333334,-0.004373321333068591,0.9147964379185688,48.41930116472546,601,-0.06831124979759293,0.02938062234401112,49.26253687315634,1017
1047,17.45,-0.0013754501151129906,0.9731567365964631,48.25291181364393,601,-0.06768006557932024,0.03091481168272247,48.77089478859391,1017
1048,17.466666666666665,-0.0012643855501041912,0.9753235511809848,48.58569051580699,601,-0.06736194429655643,0.031713743440052865,49.06588003933137,1017
1049,17.483333333333334,-0.0028814910522509066,0.9438007116323491,48.75207986688852,601,-0.06806826588190452,0.029963309703354236,48.96755162241888,1017
1050,17.5,0.006260306075308959,0.8782758222588867,48.25291181364393,601,-0.06271039745130835,0.04556826251886764,49.06588003933137,1017
