tday_min,tday_hour,tday_clock,r_primary,p_primary,hit_primary,n_primary,r_supp,p_supp,hit_supp,n_supp
0,0.0,00:00,-0.07620960453162207,0.06188373083341459,45.25790349417637,601,0.003586332401687972,0.9090559272245804,49.75417895771878,1017
1,0.016666666666666666,00:01,-0.08736292426825212,0.03224459791528659,47.088186356073216,601,-0.048289455432479644,0.12381019042568417,50.04916420845624,1017
2,0.03333333333333333,00:02,-0.07048949844182772,0.08423558926198992,45.59068219633943,601,-0.09486124550091043,0.002459522043969541,51.425762045231075,1017
3,0.05,00:03,-0.09237675383198148,0.023526574335743525,46.089850249584025,601,-0.07163165502871835,0.022342713092751584,48.77089478859391,1017
4,0.06666666666666667,00:04,-0.07599235110537933,0.06263273435866418,48.75207986688852,601,-0.034387353121924195,0.27325249441172866,51.03244837758112,1017
5,0.08333333333333333,00:05,-0.04698574837281644,0.25009980053700814,50.08319467554077,601,-0.05607314184978281,0.07387216876680786,49.06588003933137,1017
6,0.1,00:06,-0.055754281156717,0.17223752802913525,48.75207986688852,601,-0.05319292449612497,0.08998821604431238,48.67256637168141,1017
7,0.11666666666666667,00:07,-0.039471893448426984,0.3340305120738238,48.75207986688852,601,-0.06492874294246172,0.03842946765283678,49.06588003933137,1017
8,0.13333333333333333,00:08,-0.060144010259885125,0.14082861651638323,49.750415973377706,601,-0.058622782132973075,0.061648641242362495,49.6558505408063,1017
9,0.15,00:09,-0.05143353496242933,0.20798805596539297,49.25124792013311,601,-0.08644758604750138,0.005804481849183843,49.852507374631266,1017
10,0.16666666666666666,00:10,-0.0530818015368836,0.19376433663355497,50.41597337770383,601,-0.08473117233671179,0.006858159357693897,49.95083579154376,1017
11,0.18333333333333332,00:11,-0.07562746453443654,0.06390753639889882,49.25124792013311,601,-0.08330072487840502,0.007864087387179218,50.54080629301868,1017
12,0.2,00:12,-0.05789139213610617,0.15634870120778918,49.750415973377706,601,-0.08255733116821845,0.008437327263214488,50.04916420845624,1017
13,0.21666666666666667,00:13,-0.03813094577445727,0.3507245007244496,49.750415973377706,601,-0.08505043034760432,0.006650057051052202,51.81907571288102,1017
14,0.23333333333333334,00:14,-0.04687587629274691,0.25121030236434877,50.41597337770383,601,-0.07692642918868545,0.014134089682519323,51.81907571288102,1017
15,0.25,00:15,-0.01768901147060003,0.6651727826760768,48.41930116472546,601,-0.08135009261806438,0.00944802766450026,52.11406096361848,1017
16,0.26666666666666666,00:16,-0.02418543351152702,0.5540077014173644,49.25124792013311,601,-0.07896246018156568,0.011769381232030824,52.60570304818093,1017
17,0.2833333333333333,00:17,-0.03359344426086065,0.4110365316487558,49.25124792013311,601,-0.07936550371061506,0.011345194048146464,51.720747295968536,1017
18,0.3,00:18,-0.06260957632178159,0.12522617748915194,48.91846921797005,601,-0.08818343800082995,0.004889362899471838,51.720747295968536,1017
19,0.31666666666666665,00:19,-0.06605627458140967,0.10570885266842805,49.58402662229617,601,-0.10768445856430828,0.0005819545923929258,52.21238938053098,1017
20,0.3333333333333333,00:20,-0.07059583393947144,0.08376738827387067,50.74875207986689,601,-0.10861559332786748,0.000520828754723791,53.687315634218294,1017
21,0.35,00:21,-0.06989291644443021,0.0869016835611175,50.74875207986689,601,-0.1046728404974856,0.0008283462822259693,52.90068829891838,1017
22,0.36666666666666664,00:22,-0.08605905665130731,0.03491990968146326,51.9134775374376,601,-0.11623004884230727,0.0002034728573486747,52.31071779744346,1017
23,0.38333333333333336,00:23,-0.08177063739252835,0.04508987364388789,49.417637271214645,601,-0.10943626490831418,0.0004719633298360823,51.32743362831859,1017
24,0.4,00:24,-0.06591927015125545,0.10643577070078158,50.74875207986689,601,-0.11787167568284534,0.00016489241696354996,51.524090462143555,1017
25,0.4166666666666667,00:25,-0.04847033366631664,0.23542944580438913,49.58402662229617,601,-0.11782723448829399,0.00016583949241629582,51.81907571288102,1017
26,0.43333333333333335,00:26,-0.04491965961298801,0.27155812584254485,50.582362728785355,601,-0.09892696710789084,0.0015847700923657716,51.03244837758112,1017
27,0.45,00:27,-0.037266041204653204,0.3617670975857428,49.08485856905158,601,-0.10492155541076982,0.0008048172460124426,51.03244837758112,1017
28,0.4666666666666667,00:28,-0.04353142059055764,0.2866636230758302,49.91680532445923,601,-0.10404203335656831,0.0008909093509956273,50.737463126843664,1017
29,0.48333333333333334,00:29,-0.03660346735040488,0.37037182908588556,51.58069883527454,601,-0.12227417548808903,9.257976711892476e-05,50.34414945919371,1017
30,0.5,00:30,-0.038619987436316845,0.34457607643939414,50.582362728785355,601,-0.11516828058051375,0.00023277438020972996,50.34414945919371,1017
31,0.5166666666666667,00:31,-0.042922825758797765,0.29346092972316734,51.24792013311148,601,-0.12665162748095438,5.114564718241801e-05,50.442477876106196,1017
32,0.5333333333333333,00:32,-0.04959882891307022,0.22469190277262224,52.57903494176372,601,-0.12476150308504545,6.623995391484062e-05,49.26253687315634,1017
33,0.55,00:33,-0.05584211784739447,0.1715615975527055,51.58069883527454,601,-0.12098953625579073,0.00010978512153111508,48.77089478859391,1017
34,0.5666666666666667,00:34,-0.06940723663169694,0.08912197967766469,51.58069883527454,601,-0.12545180834805075,6.02955056812626e-05,49.557522123893804,1017
35,0.5833333333333334,00:35,-0.05981622762870111,0.1430105168779536,53.07820299500832,601,-0.12247834919358663,9.009149030979587e-05,49.26253687315634,1017
36,0.6,00:36,-0.06531746866538236,0.10967573137611172,52.57903494176372,601,-0.10972864977511289,0.0004556109835051652,48.96755162241888,1017
37,0.6166666666666667,00:37,-0.07428823780366754,0.06877082624961046,51.74708818635607,601,-0.10818341492084543,0.0005484162643352633,48.86922320550639,1017
38,0.6333333333333333,00:38,-0.06550438811155193,0.10866117961575397,50.41597337770383,601,-0.09557088104184437,0.0022805389396272128,49.36086529006883,1017
39,0.65,00:39,-0.04590373515366191,0.2611855429340639,49.58402662229617,601,-0.0918901007966833,0.0033568339189971046,49.164208456243855,1017
40,0.6666666666666666,00:40,-0.04419366012750964,0.2793885654459475,49.58402662229617,601,-0.09183729401945764,0.003375180893606923,49.06588003933137,1017
41,0.6833333333333333,00:41,-0.04971906408208311,0.22356879105451458,50.582362728785355,601,-0.09362852141341108,0.0028012129124541456,49.26253687315634,1017
42,0.7,00:42,-0.05404012126812155,0.18582917193966425,51.41430948419301,601,-0.09487589856232097,0.0024557000472402385,48.67256637168141,1017
43,0.7166666666666667,00:43,-0.03865848934553817,0.3440949456422671,50.91514143094842,601,-0.09827567665148779,0.0017022189179200012,48.96755162241888,1017
44,0.7333333333333333,00:44,-0.03381953233282519,0.4078932599319708,51.74708818635607,601,-0.10600028627378164,0.0007097596625576818,49.26253687315634,1017
45,0.75,00:45,-0.03652848278775601,0.37135356436805744,50.74875207986689,601,-0.10012421120965313,0.0013880957203415434,49.557522123893804,1017
46,0.7666666666666667,00:46,-0.022882637631828157,0.5755611564366514,49.58402662229617,601,-0.11758804600451292,0.0001710251550125762,50.442477876106196,1017
47,0.7833333333333333,00:47,-0.023461115841018287,0.5659421246348201,51.41430948419301,601,-0.11064634731258781,0.00040765106050077483,49.852507374631266,1017
48,0.8,00:48,-0.03489479496123239,0.3931407008789439,49.08485856905158,601,-0.10540634874316548,0.0007607247430385029,50.24582104228122,1017
49,0.8166666666666667,00:49,-0.026614783549635597,0.5149003171835729,51.08153078202995,601,-0.10985789899548049,0.00044855200877017736,50.04916420845624,1017
50,0.8333333333333334,00:50,-0.028054846151985155,0.4924128125548089,50.41597337770383,601,-0.09662611179846009,0.0020363410144489443,50.04916420845624,1017
51,0.85,00:51,-0.04140518657859698,0.3108777229181625,49.750415973377706,601,-0.0900308396034424,0.004060424162758612,50.04916420845624,1017
52,0.8666666666666667,00:52,-0.038574959489236185,0.34513930133475595,49.25124792013311,601,-0.08301395967757089,0.00808095402818541,49.95083579154376,1017
53,0.8833333333333333,00:53,-0.03071389234963498,0.45230963662673274,48.0865224625624,601,-0.07530987101700161,0.016300224411034927,50.54080629301868,1017
54,0.9,00:54,-0.029552241232212652,0.4695989292571212,48.25291181364393,601,-0.08970796477526412,0.0041954167763481025,50.14749262536873,1017
55,0.9166666666666666,00:55,-0.023639626581469522,0.562989439262273,47.920133111480865,601,-0.0889046238117725,0.004549104764579744,50.737463126843664,1017
56,0.9333333333333333,00:56,-0.03539474784995368,0.3863926251106639,46.25623960066555,601,-0.08078973001661735,0.00995278177991075,50.63913470993116,1017
57,0.95,00:57,-0.03935941519236438,0.3354108361966341,46.422628951747086,601,-0.08707126973362522,0.0054592933210364505,50.34414945919371,1017
58,0.9666666666666667,00:58,-0.03430883004727696,0.40113973218077037,46.92179700499168,601,-0.08593732004887131,0.006101378248062295,50.442477876106196,1017
59,0.9833333333333333,00:59,-0.056360609996007664,0.16761194286422776,47.25457570715474,601,-0.08820022326561214,0.004881189127093699,50.737463126843664,1017
60,1.0,01:00,-0.06497527294349564,0.11155242107936057,48.25291181364393,601,-0.08608807861936854,0.006012269282283167,50.04916420845624,1017
61,1.0166666666666666,01:01,-0.06718122310809607,0.0998876727266007,47.75374376039934,601,-0.08448979581062772,0.007019354617628105,49.95083579154376,1017
62,1.0333333333333334,01:02,-0.05875734772710682,0.15023598227142052,48.75207986688852,601,-0.08722368258440759,0.00537780208115913,50.34414945919371,1017
63,1.05,01:03,-0.09950321062994727,0.014673787734348975,48.75207986688852,601,-0.087465246397236,0.005250888931502422,50.34414945919371,1017
64,1.0666666666666667,01:04,-0.10466175847758663,0.010242660904622862,48.25291181364393,601,-0.09134822517469299,0.003549483650810887,51.32743362831859,1017
65,1.0833333333333333,01:05,-0.08812671186743937,0.0307603332551989,48.41930116472546,601,-0.0975593353627447,0.0018405932976195707,52.99901671583087,1017
66,1.1,01:06,-0.0921242887346107,0.023910922367876508,47.75374376039934,601,-0.1003284077692094,0.0013568867600210381,52.8023598820059,1017
67,1.1166666666666667,01:07,-0.09041854865804844,0.02665282403696311,46.92179700499168,601,-0.10026262917240157,0.0013668689390602725,52.31071779744346,1017
68,1.1333333333333333,01:08,-0.07363086423114765,0.07126675829313278,47.42096505823628,601,-0.09766100371648632,0.001820345122274724,51.62241887905604,1017
69,1.15,01:09,-0.08359886020314691,0.040484414836410125,46.75540765391015,601,-0.10642827596857024,0.0006750185624162219,51.03244837758112,1017
70,1.1666666666666667,01:10,-0.07984214794069613,0.05041763601758237,47.587354409317804,601,-0.09913760007959413,0.0015484106278257628,51.03244837758112,1017
71,1.1833333333333333,01:11,-0.06593490584211882,0.10635261158080486,47.587354409317804,601,-0.10217384170469737,0.0011027690543426935,51.62241887905604,1017
72,1.2,01:12,-0.05195483797728396,0.20341008283880527,46.58901830282861,601,-0.10383592678591788,0.0009122806045628923,51.32743362831859,1017
73,1.2166666666666666,01:13,-0.051902116053177606,0.2038697217121269,46.58901830282861,601,-0.10699210383811081,0.0006316584312989548,52.60570304818093,1017
74,1.2333333333333334,01:14,-0.055503469612705296,0.1741785372729273,47.25457570715474,601,-0.10922749260707795,0.00048397219806160867,52.31071779744346,1017
75,1.25,01:15,-0.05183321273382032,0.2044715687810419,48.0865224625624,601,-0.10921352797985007,0.0004847855307979933,52.31071779744346,1017
76,1.2666666666666666,01:16,-0.04249448891066747,0.29830912810200655,47.75374376039934,601,-0.11212126710296522,0.00034032091724793827,51.62241887905604,1017
77,1.2833333333333334,01:17,-0.044129165116607916,0.2800915239136606,47.088186356073216,601,-0.12248052256978745,9.006534576665226e-05,52.11406096361848,1017
78,1.3,01:18,-0.03291517501123006,0.420552094145461,48.41930116472546,601,-0.12639851373780359,5.295905955827558e-05,52.60570304818093,1017
79,1.3166666666666667,01:19,-0.027527651800909957,0.5005838487740919,47.25457570715474,601,-0.12130495953076986,0.00010530144771565532,52.50737463126843,1017
80,1.3333333333333333,01:20,-0.03231020799917079,0.4291471533702725,47.920133111480865,601,-0.12249504095876897,8.989088086824888e-05,52.8023598820059,1017
81,1.35,01:21,-0.023821223595161506,0.5599933324677103,49.08485856905158,601,-0.11893673072089761,0.00014365924433099738,51.720747295968536,1017
82,1.3666666666666667,01:22,-0.03584446181426795,0.38038329593789677,48.25291181364393,601,-0.1207374805418909,0.00011349668336549594,51.81907571288102,1017
83,1.3833333333333333,01:23,-0.03258243557871583,0.4252669444492465,47.75374376039934,601,-0.11991598393015848,0.00012643036066681875,51.91740412979351,1017
84,1.4,01:24,-0.038025551132936965,0.35205859619165547,47.75374376039934,601,-0.12485259547340373,6.54249631485991e-05,51.425762045231075,1017
85,1.4166666666666667,01:25,-0.031445745825466165,0.4416040630403307,47.75374376039934,601,-0.12124804440191478,0.00010609751072612561,50.93411996066863,1017
86,1.4333333333333333,01:26,-0.041366831394103236,0.31132653403296784,47.75374376039934,601,-0.12646582708872495,5.247094899081927e-05,51.524090462143555,1017
87,1.45,01:27,-0.031384087538099834,0.44250038123715124,47.42096505823628,601,-0.12168780716215741,0.00010009111411353663,51.425762045231075,1017
88,1.4666666666666666,01:28,-0.03414389570347704,0.4034087183202866,48.0865224625624,601,-0.12061684586987592,0.00011531457057435694,51.425762045231075,1017
89,1.4833333333333334,01:29,-0.029051381871455537,0.47716435070382557,46.75540765391015,601,-0.1243994194041621,6.957529417314333e-05,51.62241887905604,1017
90,1.5,01:30,-0.02147706247901924,0.5992487624429901,47.587354409317804,601,-0.1251136600240852,6.314143118489696e-05,52.31071779744346,1017
91,1.5166666666666666,01:31,-0.02376576177473699,0.5609075596979459,47.088186356073216,601,-0.13382466320368983,1.8542773902523774e-05,51.81907571288102,1017
92,1.5333333333333334,01:32,-0.025028792626438586,0.5402685590627752,47.75374376039934,601,-0.13253379185368108,2.234400647826783e-05,51.62241887905604,1017
93,1.55,01:33,-0.039962062356082975,0.32805792981179627,47.25457570715474,601,-0.12622930651684167,5.4205077725546214e-05,52.21238938053098,1017
94,1.5666666666666667,01:34,-0.030767368121674226,0.45152247078189195,48.41930116472546,601,-0.12647628086076146,5.239552830696093e-05,53.392330383480825,1017
95,1.5833333333333333,01:35,-0.029717853457544876,0.4671120045139206,48.0865224625624,601,-0.12357551457501126,7.776542320922618e-05,53.09734513274337,1017
96,1.6,01:36,-0.025068606276214146,0.5396241826520354,48.41930116472546,601,-0.12687663869941018,4.958305920183073e-05,52.8023598820059,1017
97,1.6166666666666667,01:37,-0.02630664152816806,0.5197803525740362,48.41930116472546,601,-0.131162119316107,2.7189586651900585e-05,52.50737463126843,1017
98,1.6333333333333333,01:38,-0.025917495275659813,0.5259770787478791,47.920133111480865,601,-0.1376843815024955,1.0509464844004047e-05,51.91740412979351,1017
99,1.65,01:39,-0.02944041058552559,0.47128236086664055,48.58569051580699,601,-0.1335273770795695,1.9359390108231826e-05,51.720747295968536,1017
100,1.6666666666666667,01:40,-0.025116514964235673,0.5388492987638686,48.58569051580699,601,-0.13137883295690705,2.6362757222961e-05,52.015732546706,1017
101,1.6833333333333333,01:41,-0.02170909198751947,0.5953082174690456,47.920133111480865,601,-0.12142253068603412,0.00010367478600159505,51.425762045231075,1017
102,1.7,01:42,-0.028253166427663543,0.48935759655076244,48.25291181364393,601,-0.12282554149925559,8.600448892945511e-05,51.62241887905604,1017
103,1.7166666666666666,01:43,-0.03983131688110485,0.32964423034074164,47.587354409317804,601,-0.12009846555615203,0.00012344285517226834,52.015732546706,1017
104,1.7333333333333334,01:44,-0.045896215817076993,0.26126374956876186,49.08485856905158,601,-0.12300530276184526,8.395777602772565e-05,51.720747295968536,1017
105,1.75,01:45,-0.047111348392025194,0.2488345280188225,48.91846921797005,601,-0.11356264926873891,0.00028468229189375935,51.62241887905604,1017
106,1.7666666666666666,01:46,-0.03871164378750505,0.34343141592279286,49.08485856905158,601,-0.12053443146556536,0.00011657223041657892,51.130776794493606,1017
107,1.7833333333333334,01:47,-0.0396015354319086,0.33244409576051265,48.41930116472546,601,-0.11580646843818806,0.00021472115602921108,51.2291052114061,1017
108,1.8,01:48,-0.03834532304270176,0.3480207731080588,48.25291181364393,601,-0.11790375734134335,0.00016421189298751988,52.015732546706,1017
109,1.8166666666666667,01:49,-0.05535197688081338,0.17535879393471082,48.0865224625624,601,-0.11768185561741147,0.00016897344821570026,51.720747295968536,1017
110,1.8333333333333333,01:50,-0.04538870055859693,0.26657964337669304,48.0865224625624,601,-0.11611345740206115,0.0002065125622059885,52.50737463126843,1017
111,1.85,01:51,-0.038259326014052644,0.34910377657195446,48.0865224625624,601,-0.13220254925250363,2.343271633794565e-05,52.31071779744346,1017
112,1.8666666666666667,01:52,-0.03815851390972182,0.35037606882776473,48.75207986688852,601,-0.1353586793068981,1.4824029517683683e-05,51.524090462143555,1017
113,1.8833333333333333,01:53,-0.03739045140378073,0.36016545204816164,49.08485856905158,601,-0.13192303948393472,2.4390421048274244e-05,51.524090462143555,1017
114,1.9,01:54,-0.035294228760014666,0.3877436794532996,48.0865224625624,601,-0.12165144072745904,0.00010057539408989679,51.2291052114061,1017
115,1.9166666666666667,01:55,-0.03479376866706898,0.3945128954877864,48.75207986688852,601,-0.13104912600476276,2.763039808713528e-05,50.34414945919371,1017
116,1.9333333333333333,01:56,-0.04014684672082426,0.32582442842766796,48.75207986688852,601,-0.13935046357700986,8.186000100059998e-06,50.14749262536873,1017
117,1.95,01:57,-0.03581440479383624,0.38078313946837317,48.25291181364393,601,-0.13718035189319883,1.1328215527792146e-05,50.442477876106196,1017
118,1.9666666666666666,01:58,-0.03763020757592102,0.3570914006274262,48.91846921797005,601,-0.13363877202124738,1.9049471478233882e-05,50.24582104228122,1017
119,1.9833333333333334,01:59,-0.03614865473258719,0.3763511628335627,50.41597337770383,601,-0.12913546419419356,3.6208920689801426e-05,50.835791543756145,1017
120,2.0,02:00,-0.03636321746641867,0.3735229797874068,48.75207986688852,601,-0.11789927573046469,0.00016430679920558338,50.54080629301868,1017
121,2.0166666666666666,02:01,-0.034311783533946885,0.4010991711352247,47.75374376039934,601,-0.12304001257857927,8.356791095671468e-05,50.34414945919371,1017
122,2.033333333333333,02:02,-0.03157502633289017,0.4397281003819091,48.75207986688852,601,-0.12758135637125564,4.497638662853747e-05,51.03244837758112,1017
123,2.05,02:03,-0.03516535400153628,0.38948005151442,49.58402662229617,601,-0.12844026848894663,3.990913841677551e-05,50.54080629301868,1017
124,2.066666666666667,02:04,-0.03312769151838052,0.41755686842275197,49.08485856905158,601,-0.11933765985940605,0.000136354237511313,49.6558505408063,1017
125,2.0833333333333335,02:05,-0.029196970829517464,0.47495841134883615,49.58402662229617,601,-0.11776078041251155,0.00016726521700657104,49.6558505408063,1017
126,2.1,02:06,-0.03117137925279511,0.4456004476587319,48.91846921797005,601,-0.11405406226184008,0.000267745670417506,49.95083579154376,1017
127,2.1166666666666667,02:07,-0.022913564166450066,0.5750449611580737,48.41930116472546,601,-0.11330173272144194,0.0002940771687491048,48.86922320550639,1017
128,2.1333333333333333,02:08,-0.015995343982421754,0.6955464140190036,48.0865224625624,601,-0.11078086073223932,0.0004010305753434546,48.96755162241888,1017
129,2.15,02:09,-0.021568843556171665,0.5976886399089384,48.41930116472546,601,-0.10766496424115546,0.0005833028585886491,48.86922320550639,1017
130,2.1666666666666665,02:10,-0.019410716191232986,0.6348485368840785,47.920133111480865,601,-0.106455564726001,0.0006728578940879333,48.37758112094395,1017
131,2.183333333333333,02:11,-0.01333766485329297,0.7441893177953526,47.587354409317804,601,-0.11186273944424661,0.0003513167655914512,49.164208456243855,1017
132,2.2,02:12,-0.011122364356476101,0.7855383065351447,48.41930116472546,601,-0.11731440758849163,0.00017714435975526395,48.67256637168141,1017
133,2.216666666666667,02:13,-0.009152924336071004,0.8228162482328231,47.75374376039934,601,-0.12085269750563671,0.0001117856660699707,48.96755162241888,1017
134,2.2333333333333334,02:14,-0.01536629611665018,0.7069560598636065,48.75207986688852,601,-0.11702025622761277,0.00018395123052725385,48.77089478859391,1017
135,2.25,02:15,-0.020968380569240996,0.6079286548109865,48.91846921797005,601,-0.1167659657076004,0.0001900328060046222,48.77089478859391,1017
136,2.2666666666666666,02:16,-0.018806566702817974,0.6454232660559166,48.91846921797005,601,-0.1135028957377447,0.00028680872321250664,48.77089478859391,1017
137,2.283333333333333,02:17,-0.020498570873264017,0.6159945487809331,48.0865224625624,601,-0.11171970925564083,0.00035754188954568593,48.96755162241888,1017
138,2.3,02:18,-0.016643579967057454,0.6838602654379095,48.0865224625624,601,-0.10515146934735409,0.0007836191459370731,48.96755162241888,1017
139,2.316666666666667,02:19,-0.012397980538332007,0.7616466720315008,47.75374376039934,601,-0.11378885572438938,0.00027676522788246593,49.26253687315634,1017
140,2.3333333333333335,02:20,-0.015039180011278876,0.7129155290653036,48.41930116472546,601,-0.11454046622119193,0.00025191418559197235,49.26253687315634,1017
141,2.35,02:21,-0.013679893625649298,0.7378633295217231,48.58569051580699,601,-0.10854997724257318,0.0005249324047702971,49.06588003933137,1017
142,2.3666666666666667,02:22,-0.01744675656614135,0.6694852735711082,48.75207986688852,601,-0.11091275651672766,0.00039463643200246485,49.95083579154376,1017
143,2.3833333333333333,02:23,-0.0184602870903725,0.6515169477496255,48.41930116472546,601,-0.1095094908578125,0.00046781744072882896,49.36086529006883,1017
144,2.4,02:24,-0.021382807024158283,0.6008528580146908,49.08485856905158,601,-0.10460714913277189,0.000834666358559343,48.96755162241888,1017
145,2.4166666666666665,02:25,-0.02244125606652972,0.5829519490593109,48.58569051580699,601,-0.11207770948919626,0.000342150726695864,48.86922320550639,1017
146,2.433333333333333,02:26,-0.021361420297507972,0.6012170992510455,48.91846921797005,601,-0.11254376818930761,0.00032304036115815153,48.77089478859391,1017
147,2.45,02:27,-0.028432390907155866,0.48660534269974004,48.41930116472546,601,-0.11135377857380342,0.0003739403519939587,48.08259587020649,1017
148,2.466666666666667,02:28,-0.02710649979278326,0.5071624857594481,48.75207986688852,601,-0.11221600713072466,0.0003363725081313592,47.885939036381515,1017
149,2.4833333333333334,02:29,-0.02837553227867427,0.48747758521175855,48.91846921797005,601,-0.11499904411757836,0.00023779506098382648,49.06588003933137,1017
150,2.5,02:30,-0.022332959424737297,0.5847720650676173,49.25124792013311,601,-0.1197154331877183,0.0001297921167226773,49.164208456243855,1017
151,2.5166666666666666,02:31,-0.032992013685007565,0.4194676735902342,49.25124792013311,601,-0.12261766025104442,8.843004957752013e-05,49.557522123893804,1017
152,2.533333333333333,02:32,-0.03184887540962438,0.43576943763646253,48.91846921797005,601,-0.11852488185365516,0.0001515453344978304,49.06588003933137,1017
153,2.55,02:33,-0.03267451227673394,0.423959164397073,48.75207986688852,601,-0.11821358598070897,0.00015777414992488504,48.86922320550639,1017
154,2.566666666666667,02:34,-0.036109691430276314,0.3768661544504227,49.417637271214645,601,-0.12016562604678672,0.00012236016017417808,49.45919370698132,1017
155,2.5833333333333335,02:35,-0.041197519722376216,0.3133128169220742,49.58402662229617,601,-0.1225053813932387,8.976681612887007e-05,48.77089478859391,1017
156,2.6,02:36,-0.04138481634877696,0.31111603100932905,50.249584026622294,601,-0.1224722736593018,9.016461368953114e-05,48.37758112094395,1017
157,2.6166666666666667,02:37,-0.04207411730622231,0.3031187657624345,49.750415973377706,601,-0.1260521459935417,5.553935548557587e-05,48.18092428711898,1017
158,2.6333333333333333,02:38,-0.049017820973397096,0.2301757396738223,50.08319467554077,601,-0.12366882560020201,7.679408950046093e-05,48.08259587020649,1017
159,2.65,02:39,-0.05114635269587555,0.21054164254477686,49.91680532445923,601,-0.12445676104529528,6.903672287005146e-05,48.37758112094395,1017
160,2.6666666666666665,02:40,-0.056193398490267506,0.16887817669096145,50.41597337770383,601,-0.1206779404714374,0.00011439051416567158,48.37758112094395,1017
161,2.683333333333333,02:41,-0.057037485538701665,0.1625588196361678,49.417637271214645,601,-0.12171271643493567,9.976067471082045e-05,48.86922320550639,1017
162,2.7,02:42,-0.056709280578892754,0.16499448520708934,49.25124792013311,601,-0.12484471864315799,6.549506002265039e-05,48.96755162241888,1017
163,2.716666666666667,02:43,-0.05114174536936378,0.21058279387857626,48.41930116472546,601,-0.11868077874474539,0.0001485135276490004,49.557522123893804,1017
164,2.7333333333333334,02:44,-0.05117807782443631,0.21025844025710091,49.58402662229617,601,-0.1181196558857668,0.00015970037322879163,49.75417895771878,1017
165,2.75,02:45,-0.04856124431124314,0.23455125207468033,48.91846921797005,601,-0.11846191120696317,0.0001527863749073051,49.36086529006883,1017
166,2.7666666666666666,02:46,-0.04043694860572209,0.32233789068031754,48.58569051580699,601,-0.13224224589171008,2.3299633894023438e-05,48.96755162241888,1017
167,2.783333333333333,02:47,-0.031175728240838106,0.44553694099897045,48.41930116472546,601,-0.13799276929734752,1.003667651157272e-05,47.49262536873156,1017
168,2.8,02:48,-0.03495817605675937,0.39228129836637327,48.41930116472546,601,-0.13650956348970883,1.2512528921337689e-05,48.574237954768925,1017
169,2.816666666666667,02:49,-0.03263058821073316,0.42458273202703556,49.08485856905158,601,-0.1299356735368627,3.235266897707469e-05,47.78761061946903,1017
170,2.8333333333333335,02:50,-0.024054596796647836,0.5561543465275901,49.08485856905158,601,-0.1264443955251927,5.262589229136769e-05,48.18092428711898,1017
171,2.85,02:51,-0.029687153946295612,0.4675724545319398,48.25291181364393,601,-0.13479036073604383,1.611025819356456e-05,48.18092428711898,1017
172,2.8666666666666667,02:52,-0.0374450562263691,0.35946387896269105,48.58569051580699,601,-0.13312790701012311,2.0510675372726984e-05,48.18092428711898,1017
173,2.8833333333333333,02:53,-0.037931344968625796,0.35325377568902805,49.25124792013311,601,-0.13413322313031328,1.7729896452490855e-05,49.95083579154376,1017
174,2.9,02:54,-0.04324051943923485,0.28989931208927416,49.58402662229617,601,-0.13218046743428824,2.3507057627334474e-05,49.06588003933137,1017
175,2.9166666666666665,02:55,-0.044777298029429646,0.2730816615024853,48.41930116472546,601,-0.13788872602506455,1.0193870555731346e-05,49.26253687315634,1017
176,2.933333333333333,02:56,-0.03803147651563263,0.3519835072117647,48.58569051580699,601,-0.14246948058326125,5.088346432416079e-06,48.475909537856445,1017
177,2.95,02:57,-0.03570152664173109,0.38228703650602286,48.58569051580699,601,-0.1423438786070108,5.187725292572166e-06,48.86922320550639,1017
178,2.966666666666667,02:58,-0.04134495829558787,0.31158267167468034,48.75207986688852,601,-0.14566222425282477,3.0949161528795602e-06,49.36086529006883,1017
179,2.9833333333333334,02:59,-0.03694661999913302,0.36589964967225025,47.920133111480865,601,-0.14931815235809778,1.7286838287913967e-06,49.852507374631266,1017
180,3.0,03:00,-0.04370035736492787,0.28479574996994556,48.41930116472546,601,-0.14946314889076856,1.6887239419607773e-06,50.34414945919371,1017
181,3.0166666666666666,03:01,-0.04469727302558127,0.2739406343581241,47.920133111480865,601,-0.14968687108706832,1.6288019074817134e-06,50.737463126843664,1017
182,3.033333333333333,03:02,-0.04115562954476342,0.31380553348852835,49.25124792013311,601,-0.1495642113621039,1.6613978152401297e-06,49.852507374631266,1017
183,3.05,03:03,-0.047183152858105974,0.24811319164426052,49.417637271214645,601,-0.15230033359130601,1.0638611431381427e-06,49.6558505408063,1017
184,3.066666666666667,03:04,-0.046062426533084164,0.2595388012414957,48.75207986688852,601,-0.15034344406103842,1.464498016154414e-06,49.852507374631266,1017
185,3.0833333333333335,03:05,-0.05289462654358931,0.19534274808650007,48.58569051580699,601,-0.1510560831229442,1.304197231305543e-06,50.34414945919371,1017
186,3.1,03:06,-0.045050663878536935,0.27016127430192793,48.75207986688852,601,-0.15564171752067407,6.106958460292083e-07,49.95083579154376,1017
187,3.1166666666666667,03:07,-0.047282525524724235,0.2471173189808233,48.25291181364393,601,-0.15753239089612192,4.4376499005889356e-07,50.14749262536873,1017
188,3.1333333333333333,03:08,-0.046094026414279454,0.25921174714224426,48.0865224625624,601,-0.16436331041614544,1.3563877119201975e-07,50.442477876106196,1017
189,3.15,03:09,-0.044090258820315295,0.28051615932360835,48.25291181364393,601,-0.16095793186371166,2.4643818505947533e-07,50.14749262536873,1017
190,3.1666666666666665,03:10,-0.047044807828592446,0.2495042887396911,47.75374376039934,601,-0.16971533227016478,5.175075577699406e-08,50.24582104228122,1017
191,3.183333333333333,03:11,-0.04192459887902088,0.30484179449635895,48.25291181364393,601,-0.1761075883148837,1.572293483960938e-08,50.04916420845624,1017
192,3.2,03:12,-0.040090691802941884,0.32650213124477634,48.41930116472546,601,-0.18081107932484508,6.361004449066815e-09,49.95083579154376,1017
193,3.216666666666667,03:13,-0.03735955294222858,0.360562820949368,48.25291181364393,601,-0.17574651182743617,1.683725868813615e-08,50.14749262536873,1017
194,3.2333333333333334,03:14,-0.039778771163920215,0.3302831474946899,47.587354409317804,601,-0.18039148264351007,6.902586643783236e-09,49.852507374631266,1017
195,3.25,03:15,-0.039533816280826806,0.3332721618735896,47.25457570715474,601,-0.18311403936568577,4.048262408644446e-09,49.26253687315634,1017
196,3.2666666666666666,03:16,-0.04015219265375284,0.32575995889759823,46.92179700499168,601,-0.18201668400978283,5.024577141824857e-09,49.164208456243855,1017
197,3.283333333333333,03:17,-0.038173374216661476,0.3501883412298242,46.75540765391015,601,-0.18471624005714862,2.946044163530651e-09,48.77089478859391,1017
198,3.3,03:18,-0.035802284356631124,0.3809444484447236,47.25457570715474,601,-0.1821392021727894,4.905145271201338e-09,48.279252704031464,1017
199,3.316666666666667,03:19,-0.03272082525917465,0.42330226156851813,47.088186356073216,601,-0.17161177193510357,3.651100921030279e-08,49.36086529006883,1017
200,3.3333333333333335,03:20,-0.0367302036805434,0.3687161932438561,46.25623960066555,601,-0.17635260574346662,1.5007876722796747e-08,48.86922320550639,1017
201,3.35,03:21,-0.03652807163129293,0.37135895186903667,47.42096505823628,601,-0.17578408040578003,1.6717839664558237e-08,48.77089478859391,1017
202,3.3666666666666667,03:22,-0.03536485080775991,0.3867941646957602,45.92346089850249,601,-0.17602245720736384,1.5979031101757324e-08,48.77089478859391,1017
203,3.3833333333333333,03:23,-0.029332294926366638,0.4729130209463577,46.58901830282861,601,-0.17578260410332902,1.672251683568984e-08,48.77089478859391,1017
204,3.4,03:24,-0.032254648020229454,0.42994159512133184,46.25623960066555,601,-0.16932978438620758,5.5527643479431304e-08,49.45919370698132,1017
205,3.4166666666666665,03:25,-0.034841683311634085,0.39386173252362017,46.92179700499168,601,-0.17205391677837806,3.364043375778135e-08,49.6558505408063,1017
206,3.433333333333333,03:26,-0.03877846382101866,0.3425984553213067,47.75374376039934,601,-0.1714056427305901,3.792902678686279e-08,49.6558505408063,1017
207,3.45,03:27,-0.039931823048085326,0.32842437555021864,46.75540765391015,601,-0.17460108634338042,2.0902586412404016e-08,48.96755162241888,1017
208,3.466666666666667,03:28,-0.04026077190286005,0.3244523330894204,47.088186356073216,601,-0.17857456723483064,9.810878865595911e-09,49.26253687315634,1017
209,3.4833333333333334,03:29,-0.04126020351221519,0.3125764730301593,46.92179700499168,601,-0.18132930660923824,5.748872322034826e-09,49.852507374631266,1017
210,3.5,03:30,-0.039019755723515265,0.3396013123301313,46.92179700499168,601,-0.17807526948725935,1.0799296882794724e-08,49.6558505408063,1017
211,3.5166666666666666,03:31,-0.03747418709293472,0.35908995064905186,47.587354409317804,601,-0.18455294699339345,3.0434278231631282e-09,49.6558505408063,1017
212,3.533333333333333,03:32,-0.04196770314576309,0.3043444032994664,47.25457570715474,601,-0.18033662775288084,6.97661694617208e-09,49.164208456243855,1017
213,3.55,03:33,-0.041628140501994204,0.3082772755534593,47.25457570715474,601,-0.17521142676586504,1.863061192807552e-08,49.852507374631266,1017
214,3.566666666666667,03:34,-0.043360864833174154,0.28855774976772885,47.25457570715474,601,-0.17790327737539938,1.116164436733001e-08,50.04916420845624,1017
215,3.5833333333333335,03:35,-0.04564533218699022,0.2638823860803508,47.42096505823628,601,-0.178809384012713,9.376951509372088e-09,50.04916420845624,1017
216,3.6,03:36,-0.041532660044929,0.30938915995675054,47.920133111480865,601,-0.17469390482788094,2.054052973648281e-08,50.34414945919371,1017
217,3.6166666666666667,03:37,-0.04158224770795485,0.3088113746062484,47.587354409317804,601,-0.17420144934599224,2.253336448279494e-08,50.24582104228122,1017
218,3.6333333333333333,03:38,-0.04915246239457085,0.22889655486338462,47.25457570715474,601,-0.1725513872024135,3.0671828791725305e-08,49.95083579154376,1017
219,3.65,03:39,-0.05447726623859354,0.18229013928394142,47.587354409317804,601,-0.17413723382339483,2.2806651442564102e-08,49.557522123893804,1017
220,3.6666666666666665,03:40,-0.054191544010833204,0.18459759421372732,48.0865224625624,601,-0.17467096973864635,2.062942289188659e-08,49.95083579154376,1017
221,3.683333333333333,03:41,-0.04963973339550067,0.22430936525460965,46.58901830282861,601,-0.17639572985137364,1.4885331332921282e-08,49.75417895771878,1017
222,3.7,03:42,-0.05457477253532053,0.18150759466574726,46.422628951747086,601,-0.17878220821447208,9.426201182834923e-09,49.26253687315634,1017
223,3.716666666666667,03:43,-0.052090336356626216,0.202232238088158,46.422628951747086,601,-0.16811077964521137,6.930709088162934e-08,49.557522123893804,1017
224,3.7333333333333334,03:44,-0.05298905447309844,0.19454528371978444,47.42096505823628,601,-0.16335427582021794,1.621004138392623e-07,49.852507374631266,1017
225,3.75,03:45,-0.05101893762730248,0.21168181801297606,46.92179700499168,601,-0.16960505912592266,5.28048460520768e-08,49.95083579154376,1017
226,3.7666666666666666,03:46,-0.04739038060272992,0.2460396029249425,46.75540765391015,601,-0.1682109902935335,6.805968599950176e-08,50.24582104228122,1017
227,3.783333333333333,03:47,-0.04855370589694049,0.23462398477823287,46.75540765391015,601,-0.1697032054149168,5.186567103656386e-08,50.442477876106196,1017
228,3.8,03:48,-0.04020574733258431,0.32511457037237584,46.58901830282861,601,-0.17093175828317375,4.13941635264904e-08,50.14749262536873,1017
229,3.816666666666667,03:49,-0.04067158621128267,0.31953576795943905,47.25457570715474,601,-0.17018066717444624,4.752263392307653e-08,50.14749262536873,1017
230,3.8333333333333335,03:50,-0.0358410269957526,0.38042897572879386,46.92179700499168,601,-0.17440697334736924,2.1679868291208747e-08,49.557522123893804,1017
231,3.85,03:51,-0.03593643130830384,0.3791614402316573,47.587354409317804,601,-0.17047011055781708,4.50634938874402e-08,50.04916420845624,1017
232,3.8666666666666667,03:52,-0.03820877696029281,0.3497413611901119,46.58901830282861,601,-0.17348098535278808,2.579016277288653e-08,49.852507374631266,1017
233,3.8833333333333333,03:53,-0.03213808071996786,0.43161113509602117,47.25457570715474,601,-0.17134406200987345,3.836290397084957e-08,49.6558505408063,1017
234,3.9,03:54,-0.028160452647567953,0.4907846267252839,47.42096505823628,601,-0.17325819588479818,2.6886496497860148e-08,49.852507374631266,1017
235,3.9166666666666665,03:55,-0.027274968385369688,0.5045254846630458,46.422628951747086,601,-0.16677621426386424,8.818125273953568e-08,50.34414945919371,1017
236,3.933333333333333,03:56,-0.03347453477239343,0.4126954547715994,47.920133111480865,601,-0.1731757293808133,2.7303651600375235e-08,50.24582104228122,1017
237,3.95,03:57,-0.027573561366921306,0.4998694528630335,48.25291181364393,601,-0.1737062270545285,2.4725848488460267e-08,50.442477876106196,1017
238,3.966666666666667,03:58,-0.02042555433407608,0.6172523256285133,47.75374376039934,601,-0.16759818531362683,7.604162165855471e-08,49.95083579154376,1017
239,3.9833333333333334,03:59,-0.01960143340209942,0.6315255604534631,47.088186356073216,601,-0.16765177017807598,7.530902717206185e-08,49.95083579154376,1017
240,4.0,04:00,-0.01793241824697861,0.6608508876426529,48.41930116472546,601,-0.16786777342918016,7.24245106178435e-08,50.34414945919371,1017
241,4.016666666666667,04:01,-0.00801263408432594,0.8445895482542225,47.920133111480865,601,-0.17089737212439982,4.1657194323544844e-08,50.24582104228122,1017
242,4.033333333333333,04:02,-0.009735404542033334,0.8117452496929264,48.0865224625624,601,-0.1696871437876433,5.201825278075312e-08,50.24582104228122,1017
243,4.05,04:03,-0.011608113213599856,0.7764153513162362,47.587354409317804,601,-0.17418952180708303,2.2583884248748902e-08,50.04916420845624,1017
244,4.066666666666666,04:04,-0.01171441896316957,0.7744228483936695,47.920133111480865,601,-0.1730001017186279,2.8213063957280466e-08,50.04916420845624,1017
245,4.083333333333333,04:05,-0.012827888996043361,0.7536442523673438,47.42096505823628,601,-0.17708526903920802,1.3052811424244381e-08,49.557522123893804,1017
246,4.1,04:06,-0.009720284588585683,0.8120321654641702,48.41930116472546,601,-0.17436698819906254,2.1843424338882422e-08,49.557522123893804,1017
247,4.116666666666666,04:07,-0.008424649133800581,0.8367077234925139,48.41930116472546,601,-0.1737910470891561,2.433619280401006e-08,48.96755162241888,1017
248,4.133333333333334,04:08,-0.006713559430384278,0.8695389536574076,48.91846921797005,601,-0.1739223818747414,2.3744567369500563e-08,49.36086529006883,1017
249,4.15,04:09,-0.008380348325105348,0.8375544261107569,49.08485856905158,601,-0.16798436957002,7.09121908480259e-08,49.45919370698132,1017
250,4.166666666666667,04:10,-0.0037338864373629085,0.9272167926899009,49.58402662229617,601,-0.16502015012603222,1.2071053680689988e-07,49.95083579154376,1017
251,4.183333333333334,04:11,-0.012929789845937074,0.7517512725848873,49.750415973377706,601,-0.16608477021683957,9.982573217617476e-08,50.34414945919371,1017
252,4.2,04:12,-0.013682354987706861,0.7378178955298559,48.41930116472546,601,-0.16195168600265458,2.0729456243482802e-07,49.557522123893804,1017
253,4.216666666666667,04:13,-0.016480745788213617,0.6867888150355247,48.41930116472546,601,-0.15810780340184954,4.023671927124198e-07,49.26253687315634,1017
254,4.233333333333333,04:14,-0.01813032566108307,0.657345159868611,48.41930116472546,601,-0.15829904144085855,3.8945186655839967e-07,49.852507374631266,1017
255,4.25,04:15,-0.019916040646541545,0.6260601977760951,48.41930116472546,601,-0.15535878610001227,6.403762695120317e-07,50.14749262536873,1017
256,4.266666666666667,04:16,-0.022704788853602463,0.5785338632106091,49.08485856905158,601,-0.15002450987869453,1.54221635922579e-06,50.04916420845624,1017
257,4.283333333333333,04:17,-0.01962763659396949,0.6310695848511461,49.58402662229617,601,-0.14579886445440227,3.029038263234743e-06,50.93411996066863,1017
258,4.3,04:18,-0.02723697056006404,0.505119625597467,49.25124792013311,601,-0.1450099211944103,3.428782047379721e-06,50.737463126843664,1017
259,4.316666666666666,04:19,-0.028521451163392456,0.4852408024328596,49.25124792013311,601,-0.14246550060695606,5.0914673520620795e-06,50.63913470993116,1017
260,4.333333333333333,04:20,-0.029629819083050873,0.4684330693693155,49.417637271214645,601,-0.144729416710853,3.582718351704693e-06,49.75417895771878,1017
261,4.35,04:21,-0.029899503137508093,0.4643926510554212,49.25124792013311,601,-0.14829924320773424,2.0361947003982786e-06,50.24582104228122,1017
262,4.366666666666666,04:22,-0.030713831069833053,0.4523105391117625,49.08485856905158,601,-0.1512816109638889,1.2570778806987827e-06,50.14749262536873,1017
263,4.383333333333334,04:23,-0.03134385623378107,0.4430857774380422,49.08485856905158,601,-0.15245320655087474,1.0374515081858889e-06,50.54080629301868,1017
264,4.4,04:24,-0.0318858104197934,0.43523709200586974,47.75374376039934,601,-0.15816990142239135,3.981287925547873e-07,50.14749262536873,1017
265,4.416666666666667,04:25,-0.026106503666631108,0.5229626298526157,48.0865224625624,601,-0.16201783498180056,2.049138548306425e-07,50.14749262536873,1017
266,4.433333333333334,04:26,-0.026009725011347355,0.5245050230394519,48.91846921797005,601,-0.15810960373951682,4.0224370394627405e-07,50.737463126843664,1017
267,4.45,04:27,-0.025919226855742817,0.5259494220413975,48.0865224625624,601,-0.15642120132044807,5.356150707211081e-07,51.2291052114061,1017
268,4.466666666666667,04:28,-0.02000745539349691,0.6244759557988231,48.41930116472546,601,-0.1562336185848817,5.528262653558858e-07,50.34414945919371,1017
269,4.483333333333333,04:29,-0.02151763739860202,0.5985588306867108,48.41930116472546,601,-0.16442608893495658,1.341382528671178e-07,50.63913470993116,1017
270,4.5,04:30,-0.02062573464585595,0.6138067209675876,49.08485856905158,601,-0.1603674711601048,2.7297680985969357e-07,50.737463126843664,1017
271,4.516666666666667,04:31,-0.020691047713433053,0.6126843525811315,48.91846921797005,601,-0.15863592025270157,3.676660292172876e-07,50.14749262536873,1017
272,4.533333333333333,04:32,-0.01736935575217492,0.6708654242847819,49.25124792013311,601,-0.15850914381706768,3.757231188892876e-07,50.14749262536873,1017
273,4.55,04:33,-0.02367505870183466,0.5624042515879218,48.41930116472546,601,-0.15647093032208376,5.311395388288383e-07,50.24582104228122,1017
274,4.566666666666666,04:34,-0.021306221123459868,0.6021576656252525,48.58569051580699,601,-0.15540294632436782,6.356539956176842e-07,50.54080629301868,1017
275,4.583333333333333,04:35,-0.019717779101186456,0.6295020377938721,47.920133111480865,601,-0.15771564736907845,4.3015458670127624e-07,50.93411996066863,1017
276,4.6,04:36,-0.022098590377957215,0.5887200471531804,47.25457570715474,601,-0.15831765105792783,3.882166054869891e-07,50.04916420845624,1017
277,4.616666666666666,04:37,-0.02785593583235766,0.4954873369935518,47.587354409317804,601,-0.15739864002331264,4.5395950405011155e-07,50.63913470993116,1017
278,4.633333333333334,04:38,-0.028029036711008724,0.49281116791633095,47.42096505823628,601,-0.15418745504598386,7.787000928717019e-07,49.557522123893804,1017
279,4.65,04:39,-0.030688209667397506,0.4526879616940342,48.58569051580699,601,-0.1553765844334369,6.384689573366807e-07,49.95083579154376,1017
280,4.666666666666667,04:40,-0.0314243892374009,0.44191440342694577,48.0865224625624,601,-0.1542050245791238,7.764274560433976e-07,49.75417895771878,1017
281,4.683333333333334,04:41,-0.031330017344043115,0.44328724587134943,47.75374376039934,601,-0.15268640641961495,9.983749252580444e-07,49.26253687315634,1017
282,4.7,04:42,-0.03314242729541872,0.41734964705419303,48.58569051580699,601,-0.15094579300698308,1.3278531935094966e-06,50.24582104228122,1017
283,4.716666666666667,04:43,-0.028748005325268503,0.4817789791234368,48.58569051580699,601,-0.14925690880610917,1.7458332477960882e-06,50.34414945919371,1017
284,4.733333333333333,04:44,-0.031356883824680444,0.4428961677173018,47.75374376039934,601,-0.14818519838836347,2.0737118440400464e-06,50.54080629301868,1017
285,4.75,04:45,-0.03139269129147432,0.44237524735632233,46.92179700499168,601,-0.14897571108039753,1.8266919366340111e-06,50.442477876106196,1017
286,4.766666666666667,04:46,-0.03820222062903606,0.34982411138892544,46.75540765391015,601,-0.14828307053425635,2.0414751033052337e-06,51.130776794493606,1017
287,4.783333333333333,04:47,-0.03575552523024687,0.3815671503500334,48.25291181364393,601,-0.1471866821334254,2.4317491468782496e-06,50.737463126843664,1017
288,4.8,04:48,-0.042147187486707496,0.30227906935655546,47.25457570715474,601,-0.14181474054568105,5.62713928397036e-06,50.54080629301868,1017
289,4.816666666666666,04:49,-0.03750515166162825,0.35869275212879526,45.59068219633943,601,-0.14046420614045357,6.915753656426243e-06,51.32743362831859,1017
290,4.833333333333333,04:50,-0.03894396996477718,0.34054085305643206,46.422628951747086,601,-0.13595794692325586,1.3573929949537727e-05,50.63913470993116,1017
291,4.85,04:51,-0.03592705669220675,0.3792858758264611,46.75540765391015,601,-0.13752010521800914,1.0769910225910491e-05,50.14749262536873,1017
292,4.866666666666666,04:52,-0.0381533146369386,0.3504417653421236,46.089850249584025,601,-0.13493731875233797,1.576783634226427e-05,49.45919370698132,1017
293,4.883333333333334,04:53,-0.04270456414414481,0.29592473007914394,45.92346089850249,601,-0.133969176760235,1.815774674467305e-05,49.95083579154376,1017
294,4.9,04:54,-0.040660842676641794,0.31966372261058384,46.089850249584025,601,-0.13426730054592134,1.7387348749119344e-05,49.75417895771878,1017
295,4.916666666666667,04:55,-0.04951171229011192,0.22550816403647475,45.75707154742096,601,-0.13299454075924644,2.0909325838555826e-05,49.95083579154376,1017
296,4.933333333333334,04:56,-0.053573947069491756,0.18965877206104043,45.92346089850249,601,-0.13452076306480887,1.6756920506801483e-05,49.45919370698132,1017
297,4.95,04:57,-0.05620170023747045,0.1688151420643791,46.422628951747086,601,-0.1389681445608512,8.671251421803131e-06,49.557522123893804,1017
298,4.966666666666667,04:58,-0.05565803077160264,0.17298048420678022,46.92179700499168,601,-0.14131836848796353,6.071513008583661e-06,50.442477876106196,1017
299,4.983333333333333,04:59,-0.053024188411042915,0.194249178997045,47.088186356073216,601,-0.13854124676709484,9.245498725716817e-06,49.6558505408063,1017
300,5.0,05:00,-0.048064466342055634,0.23937841831491077,46.75540765391015,601,-0.13980685513123298,7.640645164177778e-06,50.04916420845624,1017
301,5.016666666666667,05:01,-0.04483982934690715,0.2724117426195032,47.42096505823628,601,-0.14374126357023265,4.179437582568348e-06,50.442477876106196,1017
302,5.033333333333333,05:02,-0.043005883920675905,0.2925269617158921,47.088186356073216,601,-0.13914501857860676,8.443440411572762e-06,49.75417895771878,1017
303,5.05,05:03,-0.04741456371702076,0.24579841070413957,47.42096505823628,601,-0.14115479735695652,6.225155936934601e-06,49.26253687315634,1017
304,5.066666666666666,05:04,-0.045579436660277556,0.26457316484361554,47.75374376039934,601,-0.14055969317416603,6.8160839431353835e-06,49.164208456243855,1017
305,5.083333333333333,05:05,-0.049200399161804326,0.22844234392309842,47.25457570715474,601,-0.13993819988408795,7.490240192542319e-06,49.75417895771878,1017
306,5.1,05:06,-0.04556936158117139,0.2646788907613591,46.75540765391015,601,-0.1401366704773912,7.268319867677942e-06,49.45919370698132,1017
307,5.116666666666666,05:07,-0.04852469531256609,0.2349040355538222,46.75540765391015,601,-0.13931297171443252,8.232414814349703e-06,49.45919370698132,1017
308,5.133333333333334,05:08,-0.05367522952547843,0.18882184794774398,46.92179700499168,601,-0.1412635496970806,6.122596258131329e-06,49.75417895771878,1017
309,5.15,05:09,-0.05003147597011638,0.2206693037610699,46.92179700499168,601,-0.13507711066068462,1.5448549909819305e-05,49.45919370698132,1017
310,5.166666666666667,05:10,-0.05378182351331849,0.18794397049209552,47.42096505823628,601,-0.1362450592283967,1.3011211438536392e-05,49.45919370698132,1017
311,5.183333333333334,05:11,-0.05663311454049759,0.16556362448973042,46.25623960066555,601,-0.13504592341184268,1.5519244060072833e-05,49.36086529006883,1017
312,5.2,05:12,-0.05942181037448633,0.14567016505382321,47.42096505823628,601,-0.13615066516906177,1.3193718021325587e-05,48.77089478859391,1017
313,5.216666666666667,05:13,-0.05829589506237751,0.15347032291108292,47.088186356073216,601,-0.13604602737122978,1.3398879788433452e-05,48.574237954768925,1017
314,5.233333333333333,05:14,-0.05738708181705299,0.15999427129546398,46.92179700499168,601,-0.13093526205624081,2.8081464262972085e-05,48.574237954768925,1017
315,5.25,05:15,-0.0558376730076891,0.17159575432059831,46.58901830282861,601,-0.12851465124923941,3.9496745487917026e-05,48.86922320550639,1017
316,5.266666666666667,05:16,-0.052707621992136924,0.19692909276088696,46.422628951747086,601,-0.12746139765837383,4.573079954694597e-05,49.26253687315634,1017
317,5.283333333333333,05:17,-0.050791701150591485,0.21372628340223257,47.088186356073216,601,-0.1253873960108025,6.082808704103814e-05,48.67256637168141,1017
318,5.3,05:18,-0.047407505551999705,0.24586878878060137,47.587354409317804,601,-0.12638007343118265,5.309352391313997e-05,49.06588003933137,1017
319,5.316666666666666,05:19,-0.04620302055583247,0.25808585944724405,47.42096505823628,601,-0.1319946673386891,2.414151403752694e-05,48.77089478859391,1017
320,5.333333333333333,05:20,-0.045678081365469664,0.2635395404480714,47.75374376039934,601,-0.13361980021706774,1.9101918558339623e-05,48.86922320550639,1017
321,5.35,05:21,-0.05255547019707812,0.19822671003568867,47.75374376039934,601,-0.13641783227472018,1.268337490552087e-05,48.77089478859391,1017
322,5.366666666666666,05:22,-0.057426831409673626,0.15970462140422215,48.0865224625624,601,-0.13352213645302774,1.937408783413732e-05,48.96755162241888,1017
323,5.383333333333334,05:23,-0.05459829081147667,0.1813192196268955,47.75374376039934,601,-0.13506220533211288,1.548229844961111e-05,49.557522123893804,1017
324,5.4,05:24,-0.05689710559118414,0.1635972712014718,47.088186356073216,601,-0.13294163876788356,2.106948868160767e-05,48.96755162241888,1017
325,5.416666666666667,05:25,-0.05515851029645434,0.17687470316567283,47.088186356073216,601,-0.13373492781268,1.878575054526522e-05,49.164208456243855,1017
326,5.433333333333334,05:26,-0.05243081139399707,0.19929449512958958,47.75374376039934,601,-0.1320069385890911,2.409911426515424e-05,49.45919370698132,1017
327,5.45,05:27,-0.05059001284603609,0.21555276066172513,46.75540765391015,601,-0.13591152979094084,1.3667053145266655e-05,48.96755162241888,1017
328,5.466666666666667,05:28,-0.05187515870146926,0.20410503168982444,46.58901830282861,601,-0.13385098712641788,1.847206556622673e-05,49.75417895771878,1017
329,5.483333333333333,05:29,-0.05384033019263661,0.18746340520820326,46.422628951747086,601,-0.1374310701008412,1.0913627210354206e-05,49.852507374631266,1017
330,5.5,05:30,-0.04811835404419946,0.23885144026757826,46.75540765391015,601,-0.1401899355360669,7.2098385838006146e-06,50.14749262536873,1017
331,5.516666666666667,05:31,-0.04654041625366179,0.2546220896440679,46.75540765391015,601,-0.1403799506503797,7.004854507419759e-06,50.14749262536873,1017
332,5.533333333333333,05:32,-0.04785874975689541,0.24139767885716215,47.42096505823628,601,-0.13819671459190858,9.73522708100906e-06,50.63913470993116,1017
333,5.55,05:33,-0.047339330581074285,0.24654929769618505,47.920133111480865,601,-0.14120135794292288,6.181047282607881e-06,49.95083579154376,1017
334,5.566666666666666,05:34,-0.047502036908527986,0.24492737095466524,46.92179700499168,601,-0.1438904677887195,4.083607219525501e-06,49.95083579154376,1017
335,5.583333333333333,05:35,-0.04652253691758028,0.25480482908206004,47.920133111480865,601,-0.14578988789059977,3.0333245559902553e-06,49.852507374631266,1017
336,5.6,05:36,-0.044440855307024345,0.27670536828900605,47.587354409317804,601,-0.1472182848500129,2.4195605788384847e-06,49.75417895771878,1017
337,5.616666666666666,05:37,-0.04820388859532273,0.2380166591988976,47.25457570715474,601,-0.14575669872516195,3.0492228299641476e-06,50.34414945919371,1017
338,5.633333333333334,05:38,-0.04868809272186413,0.23332977225096108,47.587354409317804,601,-0.14931181600271304,1.7304506095849087e-06,50.24582104228122,1017
339,5.65,05:39,-0.043556079160075825,0.286390469010725,48.41930116472546,601,-0.1485482318655187,1.956534402629719e-06,49.95083579154376,1017
340,5.666666666666667,05:40,-0.04446317575955458,0.27646395473620866,48.41930116472546,601,-0.1475472318014817,2.2961204516031083e-06,49.45919370698132,1017
341,5.683333333333334,05:41,-0.04300907084081122,0.2924911653151695,47.587354409317804,601,-0.14885826508461653,1.8615168596022791e-06,49.164208456243855,1017
342,5.7,05:42,-0.04096776272237437,0.3160214932062962,47.920133111480865,601,-0.15106168489487323,1.3030065808984699e-06,48.96755162241888,1017
343,5.716666666666667,05:43,-0.04071642315579249,0.3190021243659006,47.920133111480865,601,-0.15032445893490684,1.4690171003989354e-06,49.36086529006883,1017
344,5.733333333333333,05:44,-0.03388250253264112,0.4070203442680397,48.0865224625624,601,-0.14904920333047667,1.8052190004242341e-06,50.54080629301868,1017
345,5.75,05:45,-0.0332799405945462,0.41541878758859563,47.75374376039934,601,-0.15288778351267887,9.657725738030538e-07,50.24582104228122,1017
346,5.766666666666667,05:46,-0.030936162105224364,0.449042892601276,47.587354409317804,601,-0.15113151281972081,1.2882520720276044e-06,50.54080629301868,1017
347,5.783333333333333,05:47,-0.030748698628111304,0.45179719873464325,47.75374376039934,601,-0.14666801654231423,2.6403986345465307e-06,49.95083579154376,1017
348,5.8,05:48,-0.031544022930520305,0.44017756799303753,48.0865224625624,601,-0.14442672085113814,3.7562488897471258e-06,50.14749262536873,1017
349,5.816666666666666,05:49,-0.028660274108357534,0.4831179492018253,47.75374376039934,601,-0.14579877243050726,3.029082175027194e-06,49.06588003933137,1017
350,5.833333333333333,05:50,-0.03031506406781313,0.458204746654859,48.75207986688852,601,-0.14526626642062834,3.293658777064806e-06,49.852507374631266,1017
351,5.85,05:51,-0.029569584641037486,0.46933814927166356,49.750415973377706,601,-0.14383611931536838,4.118267920612279e-06,49.852507374631266,1017
352,5.866666666666666,05:52,-0.032406620845375544,0.42777058607756435,49.08485856905158,601,-0.14637840615121225,2.764258656517398e-06,49.95083579154376,1017
353,5.883333333333334,05:53,-0.031351132200741094,0.44297987386746696,49.58402662229617,601,-0.14766399098748706,2.2537755281785783e-06,50.24582104228122,1017
354,5.9,05:54,-0.032203417055249386,0.4306748915005157,49.58402662229617,601,-0.1458346810154188,3.0119936082569972e-06,50.34414945919371,1017
355,5.916666666666667,05:55,-0.03194969167684927,0.43431725332468013,49.58402662229617,601,-0.14715635968257895,2.4434992552096745e-06,50.442477876106196,1017
356,5.933333333333334,05:56,-0.03583810928762014,0.38046778108834745,49.417637271214645,601,-0.14801777966173862,2.1299905511708695e-06,50.442477876106196,1017
357,5.95,05:57,-0.028958577589808528,0.478573419503637,48.75207986688852,601,-0.15113559578728974,1.287394332908972e-06,50.737463126843664,1017
358,5.966666666666667,05:58,-0.03043017814152864,0.45649883773536054,48.25291181364393,601,-0.1538551651409183,8.22906397126224e-07,50.04916420845624,1017
359,5.983333333333333,05:59,-0.031287543507610475,0.4439059117030767,48.41930116472546,601,-0.15261544668970728,1.0101131553765526e-06,50.34414945919371,1017
360,6.0,06:00,-0.027098077731163902,0.5072945036896109,48.25291181364393,601,-0.1509693476457582,1.3227666435734556e-06,50.442477876106196,1017
361,6.016666666666667,06:01,-0.026555846525066824,0.5158318611725293,48.58569051580699,601,-0.15036421433152147,1.4595692981565005e-06,50.442477876106196,1017
362,6.033333333333333,06:02,-0.02794062836003346,0.4941770098214266,48.58569051580699,601,-0.1490657818514491,1.8004086836798466e-06,49.95083579154376,1017
363,6.05,06:03,-0.026417364040709174,0.5180241083403784,48.41930116472546,601,-0.1488635642267168,1.8599319369969199e-06,49.95083579154376,1017
364,6.066666666666666,06:04,-0.03057117152617553,0.4544142764960482,48.58569051580699,601,-0.14957672873345002,1.6580429468978958e-06,49.852507374631266,1017
365,6.083333333333333,06:05,-0.028616921734703468,0.48378034451815943,48.0865224625624,601,-0.14936185526966372,1.7165451021931687e-06,50.24582104228122,1017
366,6.1,06:06,-0.026932471015402026,0.5098940837101033,48.58569051580699,601,-0.15116625620623858,1.2809707748466069e-06,50.14749262536873,1017
367,6.116666666666666,06:07,-0.02738252835740712,0.5028456521931908,48.91846921797005,601,-0.15318300530776463,9.198205965168548e-07,49.852507374631266,1017
368,6.133333333333334,06:08,-0.031631142348417775,0.43891523462212,48.58569051580699,601,-0.15202516197921662,1.113035134807535e-06,50.442477876106196,1017
369,6.15,06:09,-0.03680690517872278,0.3677164283179286,47.920133111480865,601,-0.15472685395037666,7.117636868811363e-07,51.2291052114061,1017
370,6.166666666666667,06:10,-0.037599387393480434,0.3574856379943544,47.587354409317804,601,-0.15547932940808196,6.275649742388941e-07,50.63913470993116,1017
371,6.183333333333334,06:11,-0.038490845537456436,0.34619299490445227,47.587354409317804,601,-0.15590380282446206,5.843868351144482e-07,50.63913470993116,1017
372,6.2,06:12,-0.037056608754308766,0.3644733510665148,47.42096505823628,601,-0.1538578739784024,8.225364562615394e-07,50.04916420845624,1017
373,6.216666666666667,06:13,-0.03742230890201791,0.3597560367471543,47.587354409317804,601,-0.14922812223799714,1.7539503520047137e-06,49.852507374631266,1017
374,6.233333333333333,06:14,-0.03180858539303448,0.43635056600574745,47.25457570715474,601,-0.1440479663482918,3.9847321999452275e-06,50.54080629301868,1017
375,6.25,06:15,-0.03422003370746393,0.40236034370153856,47.42096505823628,601,-0.1356571531095433,1.418829124747987e-05,49.95083579154376,1017
376,6.266666666666667,06:16,-0.034345608544458,0.40063481815242563,48.0865224625624,601,-0.1391687709854347,8.413286250771891e-06,49.75417895771878,1017
377,6.283333333333333,06:17,-0.03405479611533846,0.40463763623887644,47.920133111480865,601,-0.14365949212829926,4.23286644279593e-06,50.14749262536873,1017
378,6.3,06:18,-0.028887969481883886,0.4796469957103837,46.92179700499168,601,-0.14213316803182113,5.358624883551125e-06,49.75417895771878,1017
379,6.316666666666666,06:19,-0.028935769911702228,0.4789200605204655,47.42096505823628,601,-0.14108769996360582,6.289249223728396e-06,49.95083579154376,1017
380,6.333333333333333,06:20,-0.02700636117023963,0.5087333485880509,47.42096505823628,601,-0.14251054389183337,5.056253034107069e-06,50.34414945919371,1017
381,6.35,06:21,-0.025276859066189546,0.536259917983245,47.587354409317804,601,-0.13409424026801867,1.7830690403265347e-05,49.75417895771878,1017
382,6.366666666666666,06:22,-0.026570854291000257,0.5155945694041238,48.58569051580699,601,-0.12698964395408646,4.8815446540732694e-05,50.14749262536873,1017
383,6.383333333333334,06:23,-0.028548211568664755,0.4848311959807231,48.91846921797005,601,-0.1168051570210902,0.00018908337085604378,49.852507374631266,1017
384,6.4,06:24,-0.028788799302755408,0.48115706042332673,48.75207986688852,601,-0.12900226005613444,3.689171665356966e-05,49.6558505408063,1017
385,6.416666666666667,06:25,-0.029328083374608054,0.47297660451793877,48.41930116472546,601,-0.12688481432657361,4.9527143319044345e-05,50.34414945919371,1017
386,6.433333333333334,06:26,-0.029985288102113244,0.4631114843659423,48.58569051580699,601,-0.12203705393763063,9.555090238619282e-05,49.75417895771878,1017
387,6.45,06:27,-0.03316537856623718,0.4170270160332722,48.41930116472546,601,-0.11618327158765565,0.0002046873307878088,50.63913470993116,1017
388,6.466666666666667,06:28,-0.03104584295136404,0.44743582419220884,47.75374376039934,601,-0.11105110078350086,0.00038803196755264656,50.14749262536873,1017
389,6.483333333333333,06:29,-0.03249201343356464,0.4265535086484618,47.920133111480865,601,-0.11354530236925012,0.0002852980865555707,50.04916420845624,1017
390,6.5,06:30,-0.03174126412357922,0.43732257663088775,48.25291181364393,601,-0.1148798845399597,0.00024139080040229738,50.24582104228122,1017
391,6.516666666666667,06:31,-0.026881837933883435,0.5106902725784985,47.75374376039934,601,-0.11940131021745329,0.00013522716562644615,49.852507374631266,1017
392,6.533333333333333,06:32,-0.02665570910032825,0.514253971330373,47.75374376039934,601,-0.11659794381921462,0.00019415418059990364,50.14749262536873,1017
393,6.55,06:33,-0.028321017961216798,0.4883146546314331,47.587354409317804,601,-0.1197291921319244,0.000129558819496184,49.852507374631266,1017
394,6.566666666666666,06:34,-0.027415383793505842,0.5023331165037624,47.920133111480865,601,-0.12527881101433744,6.173598319556952e-05,49.852507374631266,1017
395,6.583333333333333,06:35,-0.024216925345645356,0.5534916179312569,47.920133111480865,601,-0.12712152015433675,4.7933873344564056e-05,50.442477876106196,1017
396,6.6,06:36,-0.02704571109877677,0.5081157676215262,47.088186356073216,601,-0.12285863887759631,8.562414977983154e-05,49.6558505408063,1017
397,6.616666666666666,06:37,-0.0268526588814287,0.5111493979890337,47.25457570715474,601,-0.12309689330321599,8.293271087418555e-05,49.557522123893804,1017
398,6.633333333333334,06:38,-0.029109666215092433,0.4762805653649069,46.089850249584025,601,-0.12533313934301224,6.128014601888521e-05,49.75417895771878,1017
399,6.65,06:39,-0.028471070346127555,0.4860124601401638,46.58901830282861,601,-0.13276263372870034,2.1620126948551212e-05,49.45919370698132,1017
400,6.666666666666667,06:40,-0.023961565141612597,0.5576831800926169,46.92179700499168,601,-0.12854736205082753,3.931667160670723e-05,49.6558505408063,1017
401,6.683333333333334,06:41,-0.020922104168602074,0.6087210597430014,47.088186356073216,601,-0.12639507334999267,5.298412195104898e-05,49.6558505408063,1017
402,6.7,06:42,-0.023722989245522845,0.5616131097633016,47.920133111480865,601,-0.1267152984662985,5.069882034207232e-05,49.95083579154376,1017
403,6.716666666666667,06:43,-0.024142875674233805,0.5547055060212764,48.58569051580699,601,-0.12627166445015514,5.3890583039843395e-05,49.6558505408063,1017
404,6.733333333333333,06:44,-0.02487385720055757,0.5427798080869897,47.587354409317804,601,-0.11659910945172569,0.00019412530232644336,49.26253687315634,1017
405,6.75,06:45,-0.026104009939174912,0.5230023440283846,47.75374376039934,601,-0.1168432735153455,0.0001881642457554933,48.475909537856445,1017
406,6.766666666666667,06:46,-0.0259636498643162,0.525240153688602,47.088186356073216,601,-0.11926504181405581,0.00013765089234025218,48.96755162241888,1017
407,6.783333333333333,06:47,-0.030814058356046885,0.4508358208860642,46.75540765391015,601,-0.12136859915505374,0.00010441799637529702,49.36086529006883,1017
408,6.8,06:48,-0.03237014680626443,0.4282910547814048,47.25457570715474,601,-0.11657816187846426,0.00019464488868119732,48.96755162241888,1017
409,6.816666666666666,06:49,-0.03239091697816003,0.4279946283998272,47.42096505823628,601,-0.11946315046674941,0.0001341405440905251,48.86922320550639,1017
410,6.833333333333333,06:50,-0.03091561341909931,0.44934433951584835,47.42096505823628,601,-0.11852086795261184,0.00015162415780559368,48.574237954768925,1017
411,6.85,06:51,-0.0312575409977343,0.4443432187896933,47.75374376039934,601,-0.12123030413907179,0.00010634679794441259,48.77089478859391,1017
412,6.866666666666666,06:52,-0.03482253017033889,0.394121946988585,48.0865224625624,601,-0.11893788109995504,0.00014363776741194614,48.574237954768925,1017
413,6.883333333333334,06:53,-0.035157660564573104,0.3895838567498132,47.920133111480865,601,-0.11918093855701747,0.00013916711807021904,49.06588003933137,1017
414,6.9,06:54,-0.040006220048171795,0.3275232939025878,47.42096505823628,601,-0.12313133460852686,8.255031450520202e-05,49.26253687315634,1017
415,6.916666666666667,06:55,-0.03792237026816493,0.35336776973746153,47.920133111480865,601,-0.12293180268354909,8.478901054726676e-05,49.557522123893804,1017
416,6.933333333333334,06:56,-0.036226074868297375,0.37532916008490275,47.42096505823628,601,-0.12157306816224359,0.0001016265747053461,48.96755162241888,1017
417,6.95,06:57,-0.03526205183161617,0.3881767683733588,48.41930116472546,601,-0.12076434573289932,0.00011309553356537706,49.06588003933137,1017
418,6.966666666666667,06:58,-0.036261303239835965,0.3748646863608088,48.75207986688852,601,-0.12435446590633624,7.000028496584642e-05,49.26253687315634,1017
419,6.983333333333333,06:59,-0.039328171503007416,0.3357949055672409,48.0865224625624,601,-0.11793516478548056,0.00016354822726855571,49.164208456243855,1017
420,7.0,07:00,-0.03866808005639393,0.34397516397441513,48.91846921797005,601,-0.11646205153129267,0.00019754864671581098,49.36086529006883,1017
421,7.016666666666667,07:01,-0.03500129694248383,0.3916972599922044,48.75207986688852,601,-0.11916549435335864,0.00013944724999048118,49.6558505408063,1017
422,7.033333333333333,07:02,-0.03569497795879689,0.38237439719759037,48.91846921797005,601,-0.11210317359685179,0.0003410798935851829,49.36086529006883,1017
423,7.05,07:03,-0.035679544465290744,0.3825803312596279,48.91846921797005,601,-0.110358171110049,0.0004221791250780801,49.852507374631266,1017
424,7.066666666666666,07:04,-0.039052627592737754,0.33919430512973153,48.58569051580699,601,-0.10984763240983655,0.00044910897234069677,50.04916420845624,1017
425,7.083333333333333,07:05,-0.03992807767581828,0.32846978111212144,48.75207986688852,601,-0.11037573572659884,0.00042127998861039617,49.36086529006883,1017
426,7.1,07:06,-0.038563559180461685,0.34528199312205654,48.91846921797005,601,-0.11305585059531989,0.0003031953930769342,49.6558505408063,1017
427,7.116666666666666,07:07,-0.03911590452240239,0.33841171299336026,48.75207986688852,601,-0.11097357579139623,0.0003917201453878125,49.45919370698132,1017
428,7.133333333333334,07:08,-0.03667950221878223,0.3693779861462168,49.58402662229617,601,-0.11039233089981403,0.0004204321189072411,49.45919370698132,1017
429,7.15,07:09,-0.035315950686455884,0.38745147695194626,49.417637271214645,601,-0.101625052251245,0.0011733235939171325,49.6558505408063,1017
430,7.166666666666667,07:10,-0.034670821717236754,0.39618672159862534,49.25124792013311,601,-0.10321578659322925,0.000979477539007896,49.45919370698132,1017
431,7.183333333333334,07:11,-0.03499996245936031,0.3917153266170057,48.58569051580699,601,-0.10242361509592661,0.001071972698460868,49.26253687315634,1017
432,7.2,07:12,-0.034523339595882455,0.3982002077928197,48.75207986688852,601,-0.09698702715049015,0.0019584801994335264,49.45919370698132,1017
433,7.216666666666667,07:13,-0.034955120085347575,0.39232270906779754,49.25124792013311,601,-0.1029400623495097,0.0010107998722083524,49.557522123893804,1017
434,7.233333333333333,07:14,-0.035105713937712904,0.39028519621241187,49.58402662229617,601,-0.09925336501638034,0.001528755483094638,49.26253687315634,1017
435,7.25,07:15,-0.03983429898209018,0.32960799415455927,49.750415973377706,601,-0.1005005912700786,0.0013310742543525785,49.36086529006883,1017
436,7.266666666666667,07:16,-0.03983767082085711,0.32956702527641224,49.91680532445923,601,-0.10135375174485428,0.001209720636496424,49.26253687315634,1017
437,7.283333333333333,07:17,-0.03907531422542822,0.33891358985353603,50.08319467554077,601,-0.10242818033411134,0.0010714172830743848,49.557522123893804,1017
438,7.3,07:18,-0.03775669227095936,0.3554763297698293,49.08485856905158,601,-0.1008241306875749,0.0012837913914867738,49.26253687315634,1017
439,7.316666666666666,07:19,-0.03684300292302414,0.3672464959955607,49.417637271214645,601,-0.10338911039837216,0.0009602498779982207,49.36086529006883,1017
440,7.333333333333333,07:20,-0.03938595243616026,0.3350848434739363,49.91680532445923,601,-0.1037742108602353,0.0009187716457135716,49.06588003933137,1017
441,7.35,07:21,-0.03950960978198136,0.3335684794954346,49.58402662229617,601,-0.10505886534471755,0.0007920942291112283,49.26253687315634,1017
442,7.366666666666666,07:22,-0.039315783196344004,0.33594726948622433,49.25124792013311,601,-0.10159352327035151,0.0011775009436716818,49.36086529006883,1017
443,7.383333333333334,07:23,-0.04069374963014846,0.3192719090033472,49.58402662229617,601,-0.10111092849317979,0.0012431774987410869,49.45919370698132,1017
444,7.4,07:24,-0.04039842480401008,0.3227994789024043,49.25124792013311,601,-0.1024541486358959,0.0010682629841640295,50.04916420845624,1017
445,7.416666666666667,07:25,-0.040582398944806475,0.32059899439977624,49.417637271214645,601,-0.10550134854600944,0.0007523512581878111,50.04916420845624,1017
446,7.433333333333334,07:26,-0.039379004235414926,0.33517017790467846,49.417637271214645,601,-0.10429517835934989,0.0008652949116299376,49.557522123893804,1017
447,7.45,07:27,-0.03845704907986823,0.3466169373502694,49.417637271214645,601,-0.1151134119295556,0.00023439116472577558,49.852507374631266,1017
448,7.466666666666667,07:28,-0.03646884094980467,0.3721355738040536,49.417637271214645,601,-0.1143850599093135,0.0002568744634298467,49.6558505408063,1017
449,7.483333333333333,07:29,-0.0357592559960236,0.38151744403495075,49.750415973377706,601,-0.11605904210082056,0.0002079457771280101,49.45919370698132,1017
450,7.5,07:30,-0.036838963204942135,0.3672990678179096,50.41597337770383,601,-0.11559693035417219,0.00022049861281360462,49.6558505408063,1017
451,7.516666666666667,07:31,-0.03526657680722167,0.38811584620832384,50.08319467554077,601,-0.11872883914929855,0.0001475904321222723,49.852507374631266,1017
452,7.533333333333333,07:32,-0.035068792029748844,0.3907841496812,50.249584026622294,601,-0.12179314434206975,9.870074725595767e-05,49.75417895771878,1017
453,7.55,07:33,-0.035446068191387126,0.3857039466712503,50.41597337770383,601,-0.12142575244391401,0.00010363054632441616,49.26253687315634,1017
454,7.566666666666666,07:34,-0.03501594672535965,0.3914989600885462,49.91680532445923,601,-0.12146060251620672,0.00010315313703787948,49.26253687315634,1017
455,7.583333333333333,07:35,-0.03691638851303583,0.36629228970450095,49.58402662229617,601,-0.12429275179414234,7.058772637007725e-05,50.14749262536873,1017
456,7.6,07:36,-0.03569492293994893,0.3823751312113312,48.91846921797005,601,-0.12019766895785884,0.00012184675186559227,50.24582104228122,1017
457,7.616666666666666,07:37,-0.03377897727492786,0.4084560374317975,49.25124792013311,601,-0.11706463425085156,0.00018290879892435635,50.24582104228122,1017
458,7.633333333333334,07:38,-0.034344404405120946,0.4006513431601012,49.91680532445923,601,-0.11887606066243961,0.00014479620836293274,50.34414945919371,1017
459,7.65,07:39,-0.03260860743370565,0.42489498257099007,49.58402662229617,601,-0.11982356873776996,0.00012796917073930227,50.24582104228122,1017
460,7.666666666666667,07:40,-0.0315896897289039,0.4395156113478441,49.58402662229617,601,-0.11791216998081126,0.00016403387918472663,49.75417895771878,1017
461,7.683333333333334,07:41,-0.03132082791856501,0.44342105561734296,49.25124792013311,601,-0.11968461737330108,0.00013031606589374383,49.26253687315634,1017
462,7.7,07:42,-0.03399349350646952,0.40548445612358947,49.08485856905158,601,-0.11791512905171532,0.00016397130752827932,49.45919370698132,1017
463,7.716666666666667,07:43,-0.0333290915553973,0.4147299253894457,49.08485856905158,601,-0.11146945921489226,0.00036868196768569757,48.77089478859391,1017
464,7.733333333333333,07:44,-0.03392370051139394,0.4064498449499837,49.25124792013311,601,-0.10994211766825357,0.0004440073733347536,49.06588003933137,1017
465,7.75,07:45,-0.03708295684311005,0.3641321928515156,50.582362728785355,601,-0.11438534150970048,0.0002568653931373646,49.06588003933137,1017
466,7.766666666666667,07:46,-0.03771701461126751,0.3559824744154621,50.582362728785355,601,-0.111291509574832,0.0003767997559347463,49.26253687315634,1017
467,7.783333333333333,07:47,-0.039139833501344375,0.3381160673543639,49.750415973377706,601,-0.1123133935064565,0.0003323584471415703,49.6558505408063,1017
468,7.8,07:48,-0.034559447542617264,0.3977066797307395,50.08319467554077,601,-0.10965423280555439,0.0004597220998598439,49.75417895771878,1017
469,7.816666666666666,07:49,-0.035967281842199786,0.37875211722878904,49.750415973377706,601,-0.10849452100691442,0.0005284240942163953,48.77089478859391,1017
470,7.833333333333333,07:50,-0.036963507958065814,0.36568042659367167,48.75207986688852,601,-0.10654716105003137,0.0006656523362515932,48.77089478859391,1017
471,7.85,07:51,-0.03709311937212163,0.36400066044263424,49.417637271214645,601,-0.11151355269098231,0.00036669588558556647,48.86922320550639,1017
472,7.866666666666666,07:52,-0.037916792583926565,0.35343862755732397,48.58569051580699,601,-0.1124661186311677,0.0003261534664003462,48.86922320550639,1017
473,7.883333333333334,07:53,-0.03782079315096096,0.35465958978450407,48.91846921797005,601,-0.11167240468831008,0.00035962329655542794,48.77089478859391,1017
474,7.9,07:54,-0.03083634675148375,0.4505082446677699,48.41930116472546,601,-0.11422228947831678,0.0002621677465810453,49.45919370698132,1017
475,7.916666666666667,07:55,-0.02803233920689291,0.4927601859919653,48.41930116472546,601,-0.11586868142046351,0.0002130333174366328,48.96755162241888,1017
476,7.933333333333334,07:56,-0.025546854247730462,0.5319139546633748,48.41930116472546,601,-0.11572172708033945,0.00021704036723414188,49.164208456243855,1017
477,7.95,07:57,-0.026771864497018145,0.5124217995876417,48.58569051580699,601,-0.11261973396356548,0.0003200216538034408,48.77089478859391,1017
478,7.966666666666667,07:58,-0.024689052938536928,0.5457827492686488,48.41930116472546,601,-0.11515202025750536,0.0002332524213875932,48.86922320550639,1017
479,7.983333333333333,07:59,-0.023113056879441832,0.5717204832589367,48.58569051580699,601,-0.11594439889027865,0.00021099588620814095,49.75417895771878,1017
480,8.0,08:00,-0.02530744978003188,0.5357666221406924,48.58569051580699,601,-0.1169217277913919,0.00018628561431059643,49.557522123893804,1017
481,8.016666666666667,08:01,-0.02289378008031889,0.5753751524913927,48.0865224625624,601,-0.1159399458599,0.00021111520234360734,49.26253687315634,1017
482,8.033333333333333,08:02,-0.022947675352860145,0.5744758641625147,48.41930116472546,601,-0.11591612293830385,0.00021175459787551004,49.75417895771878,1017
483,8.05,08:03,-0.022480316114761235,0.5822961234744252,48.75207986688852,601,-0.11647004737970701,0.00019734738582966065,49.557522123893804,1017
484,8.066666666666666,08:04,-0.020567267976981086,0.6148122042140908,48.91846921797005,601,-0.11585251945138877,0.00021347059159327597,50.442477876106196,1017
485,8.083333333333334,08:05,-0.02031596854763986,0.6191421438177735,48.25291181364393,601,-0.11975506229557865,0.0001291212320520735,50.442477876106196,1017
486,8.1,08:06,-0.022278479380865007,0.585688693620508,48.25291181364393,601,-0.11989769728727882,0.000126733463586875,50.34414945919371,1017
487,8.116666666666667,08:07,-0.02412778817154798,0.5549529929280587,47.920133111480865,601,-0.11927815934379936,0.00013741581303823502,50.54080629301868,1017
488,8.133333333333333,08:08,-0.023109012115383833,0.5717877972371357,48.0865224625624,601,-0.11968888231375001,0.00013024343231218076,50.24582104228122,1017
489,8.15,08:09,-0.023713569285815556,0.561768553282797,48.25291181364393,601,-0.12232742337160335,9.19246573281032e-05,49.95083579154376,1017
490,8.166666666666666,08:10,-0.02538957499916894,0.5344434263070592,48.58569051580699,601,-0.12128734323783634,0.00010554724062764136,50.34414945919371,1017
491,8.183333333333334,08:11,-0.025115872611347515,0.5388596846157941,48.25291181364393,601,-0.1219822121375469,9.625075741238813e-05,50.24582104228122,1017
492,8.2,08:12,-0.020550680025128734,0.6150976079032874,47.920133111480865,601,-0.12431136773588677,7.041003712469284e-05,50.93411996066863,1017
493,8.216666666666667,08:13,-0.01672883719233728,0.6823288127932885,47.42096505823628,601,-0.12818713255896855,4.1343356872366735e-05,50.835791543756145,1017
494,8.233333333333333,08:14,-0.01728444863637302,0.6723806963095236,48.0865224625624,601,-0.12309486388958277,8.295529520432471e-05,50.54080629301868,1017
495,8.25,08:15,-0.017063702080760895,0.6763263941040344,47.75374376039934,601,-0.12393070216552372,7.412887159941102e-05,50.737463126843664,1017
496,8.266666666666667,08:16,-0.014048146642505813,0.7310760272703339,47.920133111480865,601,-0.12485024682870295,6.544585660280798e-05,50.93411996066863,1017
497,8.283333333333333,08:17,-0.013368483696557786,0.7436189281623671,47.587354409317804,601,-0.12540631724843537,6.067118075374678e-05,51.2291052114061,1017
498,8.3,08:18,-0.015906394809836476,0.6971556743666879,47.75374376039934,601,-0.1253000372422683,6.155750612876572e-05,51.524090462143555,1017
499,8.316666666666666,08:19,-0.015181773961603107,0.7103155478906151,47.25457570715474,601,-0.12381910925027519,7.525373491234203e-05,50.93411996066863,1017
500,8.333333333333334,08:20,-0.014100206355586654,0.7301181880392278,47.587354409317804,601,-0.12636746470091226,5.318565103755053e-05,51.2291052114061,1017
501,8.35,08:21,-0.013887284390057536,0.7340383465477096,47.088186356073216,601,-0.12595798419527182,5.626111664157212e-05,50.93411996066863,1017
502,8.366666666666667,08:22,-0.01320651903639504,0.7466181031936469,46.92179700499168,601,-0.1282459990097301,4.1005537713528846e-05,50.63913470993116,1017
503,8.383333333333333,08:23,-0.013999710640679007,0.7319675700918524,46.58901830282861,601,-0.12668843052278322,5.088692032940106e-05,50.835791543756145,1017
504,8.4,08:24,-0.013042824978638581,0.7496531967290939,46.58901830282861,601,-0.12507207851773475,6.350002939839023e-05,50.93411996066863,1017
505,8.416666666666666,08:25,-0.014128934624837565,0.7295898003507322,46.58901830282861,601,-0.1278804492155609,4.314640728247599e-05,50.442477876106196,1017
506,8.433333333333334,08:26,-0.013374641894255202,0.7435049701514459,47.25457570715474,601,-0.12674365160846598,5.050103630982498e-05,50.442477876106196,1017
507,8.45,08:27,-0.014660901361919538,0.7198289267186255,46.25623960066555,601,-0.1264441358364504,5.2627772409285115e-05,50.14749262536873,1017
508,8.466666666666667,08:28,-0.013706113962658079,0.7373793784091512,46.089850249584025,601,-0.1314740085264292,2.600722922061188e-05,50.14749262536873,1017
509,8.483333333333333,08:29,-0.01699595794093592,0.677539061755824,46.58901830282861,601,-0.1291747295617714,3.600994651185545e-05,50.442477876106196,1017
510,8.5,08:30,-0.02055707216450433,0.6149876211869704,46.422628951747086,601,-0.12719870853566162,4.74248951882441e-05,50.04916420845624,1017
511,8.516666666666667,08:31,-0.019352747437322584,0.6358600201487578,47.088186356073216,601,-0.12561828649853285,5.893936107333245e-05,50.63913470993116,1017
512,8.533333333333333,08:32,-0.017417021200244034,0.6700153599496456,47.42096505823628,601,-0.12474611226812815,6.63785972494405e-05,50.54080629301868,1017
513,8.55,08:33,-0.016220976894110062,0.6914704290093356,47.920133111480865,601,-0.12568246521798732,5.8424299993134116e-05,50.24582104228122,1017
514,8.566666666666666,08:34,-0.015991429805336854,0.6956172002556799,47.088186356073216,601,-0.12944841021596362,3.4651614520321874e-05,49.95083579154376,1017
515,8.583333333333334,08:35,-0.015345524981059419,0.7073339451201006,46.75540765391015,601,-0.1314706949060911,2.601953036056124e-05,51.03244837758112,1017
516,8.6,08:36,-0.016163661859860328,0.6925049674398677,46.58901830282861,601,-0.1305659672348885,2.9592994534915875e-05,50.442477876106196,1017
517,8.616666666666667,08:37,-0.016370258300055507,0.6887785939416498,46.92179700499168,601,-0.1284825614174557,3.9674160190164065e-05,50.93411996066863,1017
518,8.633333333333333,08:38,-0.012087589063411414,0.7674402768214337,46.422628951747086,601,-0.12859044174783962,3.90807035245234e-05,51.130776794493606,1017
519,8.65,08:39,-0.015409751091502798,0.7061657249308306,46.422628951747086,601,-0.13113202368007257,2.7306339377734458e-05,50.835791543756145,1017
520,8.666666666666666,08:40,-0.015340998532931032,0.707416303464873,46.422628951747086,601,-0.12907728129799345,3.6505675583100215e-05,50.34414945919371,1017
521,8.683333333333334,08:41,-0.015743248628210218,0.7001108309591046,46.25623960066555,601,-0.1312762240511633,2.6751220528748327e-05,50.34414945919371,1017
522,8.7,08:42,-0.014035901372749071,0.731301387069825,46.75540765391015,601,-0.127682463853606,4.43496963378129e-05,50.93411996066863,1017
523,8.716666666666667,08:43,-0.013092616158343465,0.7487295939542153,46.25623960066555,601,-0.12824259971739044,4.1024973996168365e-05,51.130776794493606,1017
524,8.733333333333333,08:44,-0.01142447706519869,0.7798607208801073,46.58901830282861,601,-0.11986326385805618,0.00012730605825007335,51.03244837758112,1017
525,8.75,08:45,-0.012341934236089256,0.7626918280605375,46.089850249584025,601,-0.11811089378559762,0.0001598811798817803,51.32743362831859,1017
526,8.766666666666667,08:46,-0.012846082626328548,0.7533061663700625,46.92179700499168,601,-0.11411824067563342,0.00026560472315370837,50.835791543756145,1017
527,8.783333333333333,08:47,-0.014584386558579328,0.7212301117100716,47.25457570715474,601,-0.1129078707875,0.00030880976286371193,51.2291052114061,1017
528,8.8,08:48,-0.01452761168488311,0.7222704111347813,46.92179700499168,601,-0.11135934006778096,0.00037368595489831955,50.737463126843664,1017
529,8.816666666666666,08:49,-0.013756902701399756,0.7364422616281876,46.92179700499168,601,-0.11114436389508166,0.00038363800490681573,50.93411996066863,1017
530,8.833333333333334,08:50,-0.01818339869465653,0.656406298552993,47.25457570715474,601,-0.1085726021173126,0.0005235140515603979,50.04916420845624,1017
531,8.85,08:51,-0.017099357134302884,0.6756884795717919,46.422628951747086,601,-0.10868306922784571,0.0005166399423832863,49.6558505408063,1017
532,8.866666666666667,08:52,-0.015302376595538462,0.708119165179892,46.25623960066555,601,-0.11220883858358091,0.0003366697631038991,49.95083579154376,1017
533,8.883333333333333,08:53,-0.013743229134477127,0.7366945179182065,46.58901830282861,601,-0.10700783926855052,0.000630486289787208,50.24582104228122,1017
534,8.9,08:54,-0.01678174312030622,0.6813791330279403,46.58901830282861,601,-0.10741068534229697,0.0006011573254780618,50.04916420845624,1017
535,8.916666666666666,08:55,-0.018551974122743013,0.6499011953357008,46.75540765391015,601,-0.10952315579117752,0.00046704752906846997,50.34414945919371,1017
536,8.933333333333334,08:56,-0.02062546889851895,0.6138112895331393,46.422628951747086,601,-0.10979137299805133,0.0004521725121405977,50.14749262536873,1017
537,8.95,08:57,-0.022597322295232918,0.5803336271790381,46.58901830282861,601,-0.10973277585078205,0.0004553840465453859,50.14749262536873,1017
538,8.966666666666667,08:58,-0.023809072173741484,0.5601935736532607,46.25623960066555,601,-0.10884117685131893,0.0005069473359011871,50.14749262536873,1017
539,8.983333333333333,08:59,-0.024680427953972142,0.5459230997735364,45.59068219633943,601,-0.10781629771064784,0.0005729121118816955,49.852507374631266,1017
540,9.0,09:00,-0.02451376532962559,0.5486386256862604,45.92346089850249,601,-0.10430632701347495,0.0008641826689574045,49.557522123893804,1017
541,9.016666666666667,09:01,-0.025680568493772815,0.5297682398843181,45.92346089850249,601,-0.10260452334946907,0.001050165406578282,50.04916420845624,1017
542,9.033333333333333,09:02,-0.0297367403749694,0.46682885166575855,45.59068219633943,601,-0.10241835461309132,0.0010726130283822992,49.6558505408063,1017
543,9.05,09:03,-0.030083007163118822,0.46165448384679925,46.58901830282861,601,-0.10342915419662535,0.0009558575480575182,49.6558505408063,1017
544,9.066666666666666,09:04,-0.03143610440323291,0.44174415065405465,46.75540765391015,601,-0.10387188015383739,0.0009085187568527962,49.557522123893804,1017
545,9.083333333333334,09:05,-0.031128296312584937,0.4462298497482337,46.25623960066555,601,-0.09995385378786315,0.0014146370882971463,49.36086529006883,1017
546,9.1,09:06,-0.031995208396545904,0.4336625332297433,46.75540765391015,601,-0.09973820535754158,0.001448904650615144,49.164208456243855,1017
547,9.116666666666667,09:07,-0.03221901796829197,0.43045151061474296,46.58901830282861,601,-0.10145251373123901,0.001196352086515729,48.86922320550639,1017
548,9.133333333333333,09:08,-0.03302075294903435,0.4190624995048856,46.422628951747086,601,-0.09980795557599687,0.0014377383106113609,48.86922320550639,1017
549,9.15,09:09,-0.033743156043635036,0.4089535076164349,47.25457570715474,601,-0.09954909278571654,0.0014795825427776767,49.36086529006883,1017
550,9.166666666666666,09:10,-0.03275563199599448,0.42280895458744155,47.587354409317804,601,-0.10126092939970731,0.0012224106636969639,49.36086529006883,1017
551,9.183333333333334,09:11,-0.03176901079627392,0.4369218088751651,47.42096505823628,601,-0.10034512377866386,0.0013543607574621058,49.26253687315634,1017
552,9.2,09:12,-0.027906326586109004,0.4947074895557171,46.92179700499168,601,-0.10237238637535828,0.0010782235425740997,49.06588003933137,1017
553,9.216666666666667,09:13,-0.027891461037446153,0.49493748074943755,47.587354409317804,601,-0.10364746464259869,0.0009322365291133557,49.06588003933137,1017
554,9.233333333333333,09:14,-0.02823287911011056,0.4896696638933384,47.25457570715474,601,-0.10164182227569402,0.0011711072683860835,48.96755162241888,1017
555,9.25,09:15,-0.029450695725308024,0.47112739601730724,47.42096505823628,601,-0.10166299253595198,0.0011683149242527296,49.164208456243855,1017
556,9.266666666666667,09:16,-0.03212558119567746,0.431790382281697,47.088186356073216,601,-0.10322893693615728,0.0009780063199714523,49.6558505408063,1017
557,9.283333333333333,09:17,-0.030675752972806128,0.45287152228571503,47.25457570715474,601,-0.10218862760070942,0.001100923485373508,49.852507374631266,1017
558,9.3,09:18,-0.0294781875414383,0.4707133181171682,47.088186356073216,601,-0.10538586374436656,0.0007625416222544714,49.6558505408063,1017
559,9.316666666666666,09:19,-0.0281654651524743,0.49070741834792325,47.25457570715474,601,-0.10187043138157109,0.0011412770691704218,49.45919370698132,1017
560,9.333333333333334,09:20,-0.02910532188249626,0.47634640908380177,46.75540765391015,601,-0.10278069044412314,0.0010293241909811843,49.6558505408063,1017
561,9.35,09:21,-0.029348199431762933,0.4726729462558759,46.25623960066555,601,-0.10193656557862313,0.0011327792216211578,49.75417895771878,1017
562,9.366666666666667,09:22,-0.031146190784975047,0.44596836669671697,46.92179700499168,601,-0.10158778935868545,0.0011782621163770291,50.04916420845624,1017
563,9.383333333333333,09:23,-0.031327350570130676,0.4433260751273359,46.089850249584025,601,-0.100802298510148,0.0012869326336024476,50.14749262536873,1017
564,9.4,09:24,-0.028736303197875467,0.48195746269495976,45.92346089850249,601,-0.10049018764543075,0.001332620957299367,49.95083579154376,1017
565,9.416666666666666,09:25,-0.029342559897548567,0.47275806601110537,46.089850249584025,601,-0.10227394807150958,0.0010903294173164853,49.557522123893804,1017
566,9.433333333333334,09:26,-0.028422034338563003,0.4867641554384566,45.92346089850249,601,-0.10161317637472396,0.0011748954491917706,49.557522123893804,1017
567,9.45,09:27,-0.024767863545045392,0.5445011269465636,46.75540765391015,601,-0.10250809794882128,0.001061737311388115,49.164208456243855,1017
568,9.466666666666667,09:28,-0.023041577119517265,0.5729106206799214,46.25623960066555,601,-0.10132489587999216,0.0012136525346895968,48.67256637168141,1017
569,9.483333333333333,09:29,-0.02170325014534851,0.5954072842825867,46.25623960066555,601,-0.10206290096622707,0.0011167080249202407,48.86922320550639,1017
570,9.5,09:30,-0.022778860443161908,0.5772948968694015,46.089850249584025,601,-0.10265163442247127,0.00104455413299637,48.77089478859391,1017
571,9.516666666666667,09:31,-0.023355881803918524,0.5676862325053327,46.422628951747086,601,-0.10125112279788893,0.00122375850023143,49.36086529006883,1017
572,9.533333333333333,09:32,-0.021709998171887648,0.5952928509342925,45.75707154742096,601,-0.10130806089234119,0.0012159519099159027,49.36086529006883,1017
573,9.55,09:33,-0.019673476329911267,0.6302722402152331,46.58901830282861,601,-0.10416411223166502,0.0008784704494111966,48.574237954768925,1017
574,9.566666666666666,09:34,-0.019532161836619388,0.6327316649724615,47.088186356073216,601,-0.10119221175406434,0.0012318842257526559,48.86922320550639,1017
575,9.583333333333334,09:35,-0.01668069302122245,0.6831934537198213,46.75540765391015,601,-0.10184920244765355,0.0011440173101807082,48.574237954768925,1017
576,9.6,09:36,-0.019358974676053024,0.6357513299840147,45.75707154742096,601,-0.1015752063594046,0.0011799340921430747,48.67256637168141,1017
577,9.616666666666667,09:37,-0.020005654384770484,0.6245071510787754,46.92179700499168,601,-0.10127674579156137,0.0012202397154639616,48.37758112094395,1017
578,9.633333333333333,09:38,-0.018696920815431232,0.6473502251317249,46.422628951747086,601,-0.09953001066111211,0.0014827110164391186,48.86922320550639,1017
579,9.65,09:39,-0.020647998649632793,0.6134240249707306,46.75540765391015,601,-0.1011097439348484,0.0012433427814880667,48.37758112094395,1017
580,9.666666666666666,09:40,-0.016320486510694215,0.6896756417143768,46.25623960066555,601,-0.099140267875092,0.0015479550725473715,48.86922320550639,1017
581,9.683333333333334,09:41,-0.01574472214186072,0.7000841200360015,46.422628951747086,601,-0.10159738648168434,0.0011769883609486615,49.164208456243855,1017
582,9.7,09:42,-0.015322901236819536,0.7077456163662338,46.58901830282861,601,-0.10328792421138404,0.0009714321138179172,49.06588003933137,1017
583,9.716666666666667,09:43,-0.016089571832975907,0.6938431431784,46.58901830282861,601,-0.10010254993166436,0.0013914448731752467,48.475909537856445,1017
584,9.733333333333333,09:44,-0.01635997935644938,0.6889638178593636,46.25623960066555,601,-0.09666031312359444,0.0020288428825772278,48.86922320550639,1017
585,9.75,09:45,-0.016878781540794943,0.6796385690457895,46.75540765391015,601,-0.09645059564787982,0.002075221326594102,49.557522123893804,1017
586,9.766666666666667,09:46,-0.016560816814435414,0.685348159619724,46.089850249584025,601,-0.09766075150503511,0.0018203950985823823,49.95083579154376,1017
587,9.783333333333333,09:47,-0.014294034555554471,0.7265556722178907,46.089850249584025,601,-0.09655562165123317,0.0020518750794080312,49.36086529006883,1017
588,9.8,09:48,-0.015458533605553087,0.705278872156401,46.58901830282861,601,-0.09743743048042838,0.001865144099833921,49.45919370698132,1017
589,9.816666666666666,09:49,-0.016085109065826015,0.6939237778352959,45.92346089850249,601,-0.09553468743332144,0.0022893712069735356,49.45919370698132,1017
590,9.833333333333334,09:50,-0.012650810861591815,0.7569372864964077,45.92346089850249,601,-0.09724158514881923,0.001905215633638943,49.45919370698132,1017
591,9.85,09:51,-0.014299261139706164,0.726459690077571,45.92346089850249,601,-0.09820973023862567,0.0017145464396180084,49.26253687315634,1017
592,9.866666666666667,09:52,-0.01605642044727948,0.694442215162924,46.089850249584025,601,-0.0959135135313427,0.0021984578964744953,49.06588003933137,1017
593,9.883333333333333,09:53,-0.018641259176388168,0.6483293482733763,45.92346089850249,601,-0.09660502776115756,0.0020409760172484465,48.96755162241888,1017
594,9.9,09:54,-0.020104767376073272,0.6227914138384932,45.92346089850249,601,-0.09703433173435203,0.0019484799229983346,48.67256637168141,1017
595,9.916666666666666,09:55,-0.019656308435684833,0.630570811418912,45.92346089850249,601,-0.09727604235407013,0.0018981086712473465,48.37758112094395,1017
596,9.933333333333334,09:56,-0.02066396328477761,0.6131496735030273,46.25623960066555,601,-0.09748434060115009,0.0018556613867648387,48.37758112094395,1017
597,9.95,09:57,-0.01808855109911308,0.658084530985445,45.92346089850249,601,-0.0974529367627491,0.0018620046533683314,48.37758112094395,1017
598,9.966666666666667,09:58,-0.01660015380464199,0.6846408173291187,45.59068219633943,601,-0.09533107802304013,0.0023396434059132646,48.67256637168141,1017
599,9.983333333333333,09:59,-0.017929137435813612,0.6609090667192822,46.089850249584025,601,-0.09748121050059043,0.0018562927456698206,48.574237954768925,1017
600,10.0,10:00,-0.01854679073285983,0.6499924958036181,45.59068219633943,601,-0.09897018957108562,0.0015772456386747597,48.86922320550639,1017
601,10.016666666666667,10:01,-0.014921016144143037,0.7150725907330585,45.25790349417637,601,-0.09868421315738647,0.0016276469192859453,48.96755162241888,1017
602,10.033333333333333,10:02,-0.015070565483390927,0.7123429763988255,45.4242928452579,601,-0.1000707917339442,0.0013963686116871077,48.96755162241888,1017
603,10.05,10:03,-0.016119232745624157,0.6933073085269705,45.25790349417637,601,-0.10028630880598621,0.0013632676895942559,49.26253687315634,1017
604,10.066666666666666,10:04,-0.014364670348116993,0.725258863662265,45.59068219633943,601,-0.10023251280547602,0.0013714617583287614,48.96755162241888,1017
605,10.083333333333334,10:05,-0.011782786234710466,0.7731422131687735,45.09151414309484,601,-0.10002873165919218,0.001402914229247169,48.574237954768925,1017
606,10.1,10:06,-0.013242600510021282,0.7459496324264917,45.09151414309484,601,-0.1024283451712861,0.001071397233649439,48.86922320550639,1017
607,10.116666666666667,10:07,-0.014108904388370622,0.7299581950620756,44.92512479201331,601,-0.10486767090362953,0.0008098616718538189,48.77089478859391,1017
608,10.133333333333333,10:08,-0.010173640364596632,0.8034404061791115,44.592346089850246,601,-0.10556496792556028,0.0007467915786519541,48.77089478859391,1017
609,10.15,10:09,-0.013394767641832707,0.7431325804528238,44.75873544093178,601,-0.10518751033812751,0.000780343468671758,48.37758112094395,1017
610,10.166666666666666,10:10,-0.01190764842252525,0.770804923832319,45.09151414309484,601,-0.10504976357280213,0.0007929317885831486,48.96755162241888,1017
611,10.183333333333334,10:11,-0.013130070189051414,0.7480350762595861,45.4242928452579,601,-0.10308385013778625,0.0009943518488152302,49.164208456243855,1017
612,10.2,10:12,-0.01240413662952554,0.7615318991323241,46.089850249584025,601,-0.10203350869949415,0.00112042812893912,49.45919370698132,1017
613,10.216666666666667,10:13,-0.013470941906109256,0.7417236601489715,45.75707154742096,601,-0.10311616907588965,0.0009906890745477622,49.75417895771878,1017
614,10.233333333333333,10:14,-0.015099746021663873,0.711810792506833,45.59068219633943,601,-0.10155340684792495,0.0011828359012601424,49.164208456243855,1017
615,10.25,10:15,-0.017888167978373816,0.6616357557704925,46.089850249584025,601,-0.10273037743110354,0.0010352370736662671,48.96755162241888,1017
616,10.266666666666667,10:16,-0.01662883653019531,0.6841252296553635,45.75707154742096,601,-0.10348994110055998,0.0009492254468729845,49.26253687315634,1017
617,10.283333333333333,10:17,-0.017243914014562142,0.6731045554012718,46.25623960066555,601,-0.10195984712564349,0.0011298016089822977,49.75417895771878,1017
618,10.3,10:18,-0.016578969841676727,0.685021704789443,45.75707154742096,601,-0.10617761474382505,0.0006951688741425845,49.852507374631266,1017
619,10.316666666666666,10:19,-0.01583383781344766,0.6984693765538437,45.4242928452579,601,-0.10812253558510722,0.0005524098650768213,48.96755162241888,1017
620,10.333333333333334,10:20,-0.015903246319268517,0.6972126615355608,45.25790349417637,601,-0.10766283533570023,0.0005834502736698154,48.77089478859391,1017
621,10.35,10:21,-0.016069930438633674,0.6941980558312245,44.92512479201331,601,-0.1067542100061235,0.000649627718844444,48.67256637168141,1017
622,10.366666666666667,10:22,-0.014986394776284374,0.7138788329216491,45.09151414309484,601,-0.1056947319654088,0.000735569450112228,49.26253687315634,1017
623,10.383333333333333,10:23,-0.01812894916180807,0.6573695173093093,45.59068219633943,601,-0.10672064091960667,0.0006522012388588556,49.6558505408063,1017
624,10.4,10:24,-0.019257539439207022,0.6375227526103782,45.75707154742096,601,-0.10801851776584906,0.0005592959406075067,49.06588003933137,1017
625,10.416666666666666,10:25,-0.019956858573471348,0.6253525988638294,45.59068219633943,601,-0.1067025902204286,0.0006535889775471242,48.77089478859391,1017
626,10.433333333333334,10:26,-0.02004508276929224,0.6238243654587327,45.25790349417637,601,-0.10560633135805927,0.0007431973037497368,49.36086529006883,1017
627,10.45,10:27,-0.016937394810168947,0.678588055184447,45.25790349417637,601,-0.10538763601245096,0.0007623842753729285,49.75417895771878,1017
628,10.466666666666667,10:28,-0.01926027940769314,0.6374748757337,45.4242928452579,601,-0.1059505781761664,0.0007139003970450131,49.45919370698132,1017
629,10.483333333333333,10:29,-0.01765653783341499,0.6657502238066426,45.4242928452579,601,-0.10656803696489825,0.0006640201576949711,49.36086529006883,1017
630,10.5,10:30,-0.016437493038118263,0.6875675007194683,45.75707154742096,601,-0.10610725694089973,0.0007009243604398119,48.77089478859391,1017
631,10.516666666666667,10:31,-0.015552793077032376,0.703566392757322,45.75707154742096,601,-0.1011896049587205,0.0012322449334955868,48.279252704031464,1017
632,10.533333333333333,10:32,-0.018528743091205044,0.6503104286866376,45.92346089850249,601,-0.100712592132287,0.0012999142016167206,48.18092428711898,1017
633,10.55,10:33,-0.019989935672340857,0.6247794434564392,46.25623960066555,601,-0.10269385176941062,0.001039549286194463,48.37758112094395,1017
634,10.566666666666666,10:34,-0.018205462424170205,0.6560161505577655,46.25623960066555,601,-0.10048619945631443,0.0013332143187741534,48.475909537856445,1017
635,10.583333333333334,10:35,-0.017931875168174842,0.6608605179927785,46.58901830282861,601,-0.10116419801576516,0.0012357656496786446,48.67256637168141,1017
636,10.6,10:36,-0.016320648554177686,0.6896727204626637,46.422628951747086,601,-0.10077692760597443,0.0012905919311588577,48.86922320550639,1017
637,10.616666666666667,10:37,-0.015696894457926623,0.7009512987835272,47.088186356073216,601,-0.09839876495050959,0.0016794272461935788,48.86922320550639,1017
638,10.633333333333333,10:38,-0.016260557195510162,0.690756338219535,46.75540765391015,601,-0.10166386404939716,0.0011682001039421174,49.95083579154376,1017
639,10.65,10:39,-0.01979343110759863,0.6281877588753672,46.92179700499168,601,-0.09984511952766364,0.001431821115710463,49.06588003933137,1017
640,10.666666666666666,10:40,-0.02083647451071661,0.6101885307139111,47.088186356073216,601,-0.09636122654443086,0.0020952785307545687,48.86922320550639,1017
641,10.683333333333334,10:41,-0.021328664291534738,0.6017751654407062,46.75540765391015,601,-0.09300100428944044,0.002991294008296298,49.06588003933137,1017
642,10.7,10:42,-0.020861704613914255,0.6097559891676028,47.42096505823628,601,-0.0922074187427647,0.0032484829829035975,49.06588003933137,1017
643,10.716666666666667,10:43,-0.02001449168033699,0.6243540866792924,47.42096505823628,601,-0.09144399669668596,0.0035147203610853277,49.26253687315634,1017
644,10.733333333333333,10:44,-0.02220500162361138,0.5869260120090499,46.422628951747086,601,-0.08773341948430823,0.005113165409672299,49.45919370698132,1017
645,10.75,10:45,-0.024611162952732513,0.5470508649328891,46.58901830282861,601,-0.08719120874324018,0.005395072490262419,49.164208456243855,1017
646,10.766666666666667,10:46,-0.023106402690264084,0.5718312259391021,45.92346089850249,601,-0.08610500595041616,0.006002337497763134,49.06588003933137,1017
647,10.783333333333333,10:47,-0.02443829527041297,0.5498704853327221,46.089850249584025,601,-0.08808667138043459,0.0049367260383116635,48.475909537856445,1017
648,10.8,10:48,-0.023447604604772045,0.5661659109416829,46.089850249584025,601,-0.08796853861445245,0.004995108465369611,48.67256637168141,1017
649,10.816666666666666,10:49,-0.024892385129682868,0.5424791956193864,46.25623960066555,601,-0.08438263355298292,0.007092002093022187,49.164208456243855,1017
650,10.833333333333334,10:50,-0.026616783574361917,0.5148687205900796,46.089850249584025,601,-0.08420289854041113,0.007215362575741126,49.06588003933137,1017
651,10.85,10:51,-0.026908959350103772,0.5102637164647931,45.92346089850249,601,-0.08503082319984832,0.006662672318230775,49.26253687315634,1017
652,10.866666666666667,10:52,-0.030099852846157762,0.4614035714021988,46.25623960066555,601,-0.08625238186419726,0.005916489243268474,49.36086529006883,1017
653,10.883333333333333,10:53,-0.027899018458135433,0.49482054957439486,46.25623960066555,601,-0.08580188843588443,0.006182438778511378,49.45919370698132,1017
654,10.9,10:54,-0.03211184923655225,0.4319873525696041,45.92346089850249,601,-0.08619243062573018,0.005951277350778467,49.36086529006883,1017
655,10.916666666666666,10:55,-0.03011449944747722,0.4611854755311687,45.92346089850249,601,-0.08315009932688949,0.007977340371565311,49.26253687315634,1017
656,10.933333333333334,10:56,-0.03067117050966987,0.45293905954626124,45.92346089850249,601,-0.08506781797373947,0.0066388877715751,48.67256637168141,1017
657,10.95,10:57,-0.027877021263089732,0.495160939165104,45.92346089850249,601,-0.08353545396302167,0.007690463573158818,49.36086529006883,1017
658,10.966666666666667,10:58,-0.030806417759668452,0.45094814694053725,46.422628951747086,601,-0.08194438681982506,0.008937740082433483,48.67256637168141,1017
659,10.983333333333333,10:59,-0.031237236194479642,0.4446393142730877,46.422628951747086,601,-0.08571032663890912,0.006237788962964508,48.96755162241888,1017
660,11.0,11:00,-0.030890852415550802,0.4497077327071947,46.75540765391015,601,-0.08426259869818069,0.007174175938481997,49.164208456243855,1017
661,11.016666666666667,11:01,-0.0256645476552003,0.530025094969325,46.75540765391015,601,-0.08067990552232297,0.010054473016897244,49.26253687315634,1017
662,11.033333333333333,11:02,-0.026644586843114625,0.5144295858292962,46.422628951747086,601,-0.08068710465479034,0.010047778840517656,48.77089478859391,1017
663,11.05,11:03,-0.026118247263602845,0.5227756264612687,46.25623960066555,601,-0.08045161264970907,0.010268820556714945,48.86922320550639,1017
664,11.066666666666666,11:04,-0.024897837459297186,0.5423907482763405,45.59068219633943,601,-0.07756317077332427,0.013353133020801508,48.574237954768925,1017
665,11.083333333333334,11:05,-0.02342164112012087,0.5665960624384897,45.59068219633943,601,-0.07684374757336068,0.014238394394018328,48.96755162241888,1017
666,11.1,11:06,-0.024080428596038428,0.5557302022977787,45.92346089850249,601,-0.07494623773368159,0.016825833996354005,49.26253687315634,1017
667,11.116666666666667,11:07,-0.021787740159212157,0.5939752214075374,46.089850249584025,601,-0.07750815233987701,0.0134190764722588,49.06588003933137,1017
668,11.133333333333333,11:08,-0.022278766437501395,0.5856838621399472,45.92346089850249,601,-0.07600206631130084,0.015339388185229744,49.45919370698132,1017
669,11.15,11:09,-0.023449190272234598,0.566139645372705,45.75707154742096,601,-0.07461886980477925,0.01731167150136153,49.36086529006883,1017
670,11.166666666666666,11:10,-0.022518865216525217,0.5816492139347162,45.75707154742096,601,-0.07548530188452612,0.016051841642299145,49.45919370698132,1017
671,11.183333333333334,11:11,-0.02415917054052163,0.5544382746816574,46.25623960066555,601,-0.07532215795814248,0.016282718839665245,49.164208456243855,1017
672,11.2,11:12,-0.01973313750449815,0.6292351261241486,45.75707154742096,601,-0.07382656629180809,0.01853866554980231,49.557522123893804,1017
673,11.216666666666667,11:13,-0.018888278506550064,0.6439887729635436,45.92346089850249,601,-0.07442595580837197,0.017603685836319643,49.164208456243855,1017
674,11.233333333333333,11:14,-0.017046618201018125,0.6766321287430879,45.75707154742096,601,-0.07387166777524001,0.01846683248201147,49.164208456243855,1017
675,11.25,11:15,-0.015490870133398917,0.70469122290037,45.09151414309484,601,-0.07397197008325426,0.018307952556453923,49.852507374631266,1017
676,11.266666666666667,11:16,-0.009894285015366848,0.808731870359526,45.25790349417637,601,-0.0768086159338502,0.014282918627607633,49.852507374631266,1017
677,11.283333333333333,11:17,-0.012844950079710187,0.7533272107194355,45.59068219633943,601,-0.07518300217576554,0.016481945941248712,50.34414945919371,1017
678,11.3,11:18,-0.012196209418738462,0.7654113326590002,45.59068219633943,601,-0.0722698500787046,0.02117233065802447,50.04916420845624,1017
679,11.316666666666666,11:19,-0.011649893921036781,0.7756320740534738,45.4242928452579,601,-0.07252759825393647,0.0207149850170917,50.54080629301868,1017
680,11.333333333333334,11:20,-0.011599185031110688,0.7765827604613937,45.59068219633943,601,-0.06997365142271968,0.025649237873845297,49.75417895771878,1017
681,11.35,11:21,-0.011477738037952292,0.7788609944918762,45.4242928452579,601,-0.0705990291758587,0.024355475463517913,49.45919370698132,1017
682,11.366666666666667,11:22,-0.011717320223939204,0.7743684903785573,45.25790349417637,601,-0.06929129945684576,0.027128172141661133,49.557522123893804,1017
683,11.383333333333333,11:23,-0.010597510138326096,0.7954288029460015,45.09151414309484,601,-0.06802582265717953,0.03006610169961889,49.852507374631266,1017
684,11.4,11:24,-0.012579540764607702,0.758263908240279,45.4242928452579,601,-0.06856959667492024,0.02877179675838838,49.06588003933137,1017
685,11.416666666666666,11:25,-0.013251815426391266,0.7457789409529968,45.4242928452579,601,-0.07014450173263484,0.025290025061226705,48.77089478859391,1017
686,11.433333333333334,11:26,-0.013630288740494254,0.7387791747611194,45.59068219633943,601,-0.06847039692497846,0.02900427788174855,49.75417895771878,1017
687,11.45,11:27,-0.01215720922749481,0.7661396421271575,46.089850249584025,601,-0.0706204684033042,0.024312142445425476,49.6558505408063,1017
688,11.466666666666667,11:28,-0.010796049791724056,0.7916835165663816,46.089850249584025,601,-0.07388627678454275,0.018443616946304805,49.75417895771878,1017
689,11.483333333333333,11:29,-0.009401471555770329,0.8180877565566633,45.59068219633943,601,-0.07341797534705068,0.0192006304957823,49.852507374631266,1017
690,11.5,11:30,-0.009201044275511421,0.821900282625961,45.4242928452579,601,-0.07268644423934136,0.020437434035156594,50.04916420845624,1017
691,11.516666666666667,11:31,-0.008889589857491735,0.827833068558635,45.92346089850249,601,-0.07558164179570329,0.015916857570583663,49.852507374631266,1017
692,11.533333333333333,11:32,-0.008408201897679357,0.8370220505926491,45.92346089850249,601,-0.0767392737798793,0.014371159768550438,50.24582104228122,1017
693,11.55,11:33,-0.010236635562002923,0.8022484016709015,45.75707154742096,601,-0.0782683671430701,0.012532887157344656,50.34414945919371,1017
694,11.566666666666666,11:34,-0.01008561022128101,0.8051068892624911,45.75707154742096,601,-0.07323469184390183,0.019504212768672098,50.04916420845624,1017
695,11.583333333333334,11:35,-0.008576356679341897,0.833809636313139,45.4242928452579,601,-0.06853067327343576,0.02886282461809776,50.63913470993116,1017
696,11.6,11:36,-0.007537674736677238,0.8536947405990761,45.25790349417637,601,-0.0729234425790822,0.02002934971896352,50.737463126843664,1017
697,11.616666666666667,11:37,-0.006524618200119129,0.8731790992804186,45.25790349417637,601,-0.06828861618940449,0.029434484596553467,50.14749262536873,1017
698,11.633333333333333,11:38,-0.007363599236423109,0.8570367906341132,44.92512479201331,601,-0.07282678121163666,0.02019492411876394,50.04916420845624,1017
699,11.65,11:39,-0.0036337840602184666,0.9291628571890174,45.09151414309484,601,-0.07595517921879931,0.015402863852265209,50.442477876106196,1017
700,11.666666666666666,11:40,-0.000901261486147286,0.9824091053268027,44.92512479201331,601,-0.07288887519856216,0.020088424911606794,50.24582104228122,1017
701,11.683333333333334,11:41,-0.0018666469706293213,0.9635763170083381,44.75873544093178,601,-0.06983467099677769,0.025944686462587272,50.737463126843664,1017
702,11.7,11:42,-0.002696102014117803,0.9474110479163957,44.259567387687184,601,-0.07194361123872728,0.02176378059052842,50.737463126843664,1017
703,11.716666666666667,11:43,-0.0028640279349306814,0.9441407470211021,44.259567387687184,601,-0.07230611058713415,0.0211074641078013,49.75417895771878,1017
704,11.733333333333333,11:44,-0.004339712581913853,0.9154487631010575,44.259567387687184,601,-0.07008779350807877,0.025408769083236367,50.14749262536873,1017
705,11.75,11:45,-0.004782736223516472,0.9068546724687959,44.42595673876872,601,-0.07130438609457407,0.022964387961480162,50.24582104228122,1017
706,11.766666666666667,11:46,-0.004547623762883861,0.9114142629261116,44.92512479201331,601,-0.06669391732282867,0.03344911792469302,49.95083579154376,1017
707,11.783333333333333,11:47,-0.004355770503840896,0.9151370816026991,44.592346089850246,601,-0.06358789728998203,0.042621111539339,49.852507374631266,1017
708,11.8,11:48,-0.005184339066953503,0.8990734537904401,44.75873544093178,601,-0.06714275521686505,0.03227444685474899,49.557522123893804,1017
709,11.816666666666666,11:49,-0.00303817177211152,0.940750346649458,45.09151414309484,601,-0.06301173225094919,0.04453744092614924,49.6558505408063,1017
710,11.833333333333334,11:50,-0.0004328566550378752,0.991550943442311,45.25790349417637,601,-0.06530049089999211,0.037331256311508285,49.164208456243855,1017
711,11.85,11:51,-0.0015076824961732568,0.9705772074244562,44.75873544093178,601,-0.06049165077467121,0.05379308464283022,48.96755162241888,1017
712,11.866666666666667,11:52,-0.0047693779081272765,0.907113652787325,45.09151414309484,601,-0.05943691050216174,0.05811713189041647,49.26253687315634,1017
713,11.883333333333333,11:53,-0.006353732200556414,0.8764737027132768,44.259567387687184,601,-0.06053919929787823,0.05360464674253081,49.06588003933137,1017
714,11.9,11:54,-0.0011363150555513627,0.9778223675251271,44.75873544093178,601,-0.06106083659713004,0.051573268053387786,49.164208456243855,1017
715,11.916666666666666,11:55,-0.0012661646097412316,0.9752888411355177,44.42595673876872,601,-0.06232542662391105,0.04691432887080037,49.26253687315634,1017
716,11.933333333333334,11:56,-0.003386924260032769,0.9339637771149331,44.592346089850246,601,-0.06393194042581796,0.041510371302686075,49.557522123893804,1017
717,11.95,11:57,-0.006387526977089154,0.8758219837299533,45.09151414309484,601,-0.06610313057912426,0.03505080841065901,49.45919370698132,1017
718,11.966666666666667,11:58,-0.00729761456309742,0.8583042926281091,45.25790349417637,601,-0.06654847105236555,0.033837523185315695,49.26253687315634,1017
719,11.983333333333333,11:59,-0.005946424729272913,0.8843349132854667,44.75873544093178,601,-0.06473647020711297,0.039008155226986536,48.96755162241888,1017
720,12.0,12:00,-0.007838278440308996,0.8479296891653093,45.4242928452579,601,-0.061951442998949904,0.04825381048956594,49.557522123893804,1017
721,12.016666666666667,12:01,-0.006621911601666738,0.8713043031240371,45.09151414309484,601,-0.0614741179637554,0.05000988876066275,50.14749262536873,1017
722,12.033333333333333,12:02,-0.006767835571368652,0.8684937745990932,45.4242928452579,601,-0.06137573049767002,0.05037842877296614,49.75417895771878,1017
723,12.05,12:03,-0.007250305524512737,0.8592132781783463,45.75707154742096,601,-0.0640167564571382,0.041240335406368074,49.36086529006883,1017
724,12.066666666666666,12:04,-0.0065175960242012335,0.873314440789214,45.59068219633943,601,-0.06746202611312126,0.03146051255293493,50.34414945919371,1017
725,12.083333333333334,12:05,-0.009596269935639667,0.814386410508262,45.4242928452579,601,-0.0645204921818915,0.03966698623673671,49.852507374631266,1017
726,12.1,12:06,-0.009009752608097265,0.8255429496416568,46.089850249584025,601,-0.064623499676912,0.03935159966816197,49.45919370698132,1017
727,12.116666666666667,12:07,-0.006498357927976293,0.8736852440770424,45.25790349417637,601,-0.06572535536177244,0.03610890381792595,49.95083579154376,1017
728,12.133333333333333,12:08,-0.009172559641964761,0.8224424599787087,45.59068219633943,601,-0.06548175994927556,0.03680550201648885,49.95083579154376,1017
729,12.15,12:09,-0.007622440611704898,0.8520682768349237,45.25790349417637,601,-0.06597354652812559,0.03541073780353293,49.6558505408063,1017
730,12.166666666666666,12:10,-0.008151318772352395,0.8419347435130289,45.09151414309484,601,-0.06596760721239167,0.035427309897668846,49.6558505408063,1017
731,12.183333333333334,12:11,-0.011877804821998524,0.7713633768980659,45.25790349417637,601,-0.06524070049263168,0.03750606698982129,49.36086529006883,1017
732,12.2,12:12,-0.011681538798289757,0.7750389681168066,45.92346089850249,601,-0.06357542513540093,0.04266184467563972,49.36086529006883,1017
733,12.216666666666667,12:13,-0.009332956111543118,0.8193905788903032,45.75707154742096,601,-0.06338152456113295,0.04329934921057096,49.36086529006883,1017
734,12.233333333333333,12:14,-0.005292471199867603,0.8969799706902911,45.4242928452579,601,-0.06192487923694634,0.048350160883796484,48.574237954768925,1017
735,12.25,12:15,-0.008631361632724498,0.8327594240700261,46.422628951747086,601,-0.0633667535564444,0.043348240919366086,48.86922320550639,1017
736,12.266666666666667,12:16,-0.005203600834164037,0.8987004862499242,45.59068219633943,601,-0.06386116317843317,0.04173685363118459,49.26253687315634,1017
737,12.283333333333333,12:17,-0.007711539750370573,0.8503593439719126,45.4242928452579,601,-0.06775435877478542,0.03073073620012449,49.45919370698132,1017
738,12.3,12:18,-0.012585582407618773,0.7581514214760707,45.25790349417637,601,-0.06734950863268983,0.03174533020913715,49.557522123893804,1017
739,12.316666666666666,12:19,-0.011093214586677117,0.7860867241055219,45.92346089850249,601,-0.06612275430507449,0.034996574864765886,49.06588003933137,1017
740,12.333333333333334,12:20,-0.012742211132985341,0.7552370071295144,45.4242928452579,601,-0.07048709878223969,0.024582796500238164,49.557522123893804,1017
741,12.35,12:21,-0.010613515479730589,0.7951266998492258,45.4242928452579,601,-0.06912845043627949,0.02749180491072809,49.6558505408063,1017
742,12.366666666666667,12:22,-0.011898991696341545,0.7709669019942653,45.4242928452579,601,-0.06892063652955231,0.027961932937410085,48.86922320550639,1017
743,12.383333333333333,12:23,-0.00985801106024017,0.8094196066357797,45.4242928452579,601,-0.06780994668675305,0.03059362195543759,49.164208456243855,1017
744,12.4,12:24,-0.008403004440394633,0.8371213858525641,45.25790349417637,601,-0.06470264063016679,0.03911073367562334,49.164208456243855,1017
745,12.416666666666666,12:25,-0.009358199688153896,0.8189105137881055,44.92512479201331,601,-0.06544530055974629,0.03691074025165732,48.77089478859391,1017
746,12.433333333333334,12:26,-0.007929284374034423,0.8461859395102969,44.75873544093178,601,-0.06416206137824929,0.040781169040833926,48.475909537856445,1017
747,12.45,12:27,-0.00812482942141255,0.84244168474377,45.59068219633943,601,-0.06428775773028288,0.04038746329095007,48.96755162241888,1017
748,12.466666666666667,12:28,-0.00899225047010961,0.8258764220939036,46.089850249584025,601,-0.06536801655895236,0.03713466303405856,48.96755162241888,1017
749,12.483333333333333,12:29,-0.005644992735536817,0.8901600482339336,46.422628951747086,601,-0.06588656387927883,0.03565410101104411,48.67256637168141,1017
750,12.5,12:30,-0.009201883422991327,0.8218843115533211,46.089850249584025,601,-0.06594763133283812,0.03548309581623999,48.475909537856445,1017
751,12.516666666666667,12:31,-0.012342824966743583,0.762675214261312,45.4242928452579,601,-0.06545133687902557,0.03689329905761922,48.96755162241888,1017
752,12.533333333333333,12:32,-0.009371081955537717,0.8186655537047375,45.25790349417637,601,-0.0667308208450908,0.03335117726790728,49.164208456243855,1017
753,12.55,12:33,-0.0074050227923106934,0.8562412716766357,45.4242928452579,601,-0.06575100068191732,0.0360362243853608,49.26253687315634,1017
754,12.566666666666666,12:34,-0.007924824620836924,0.846271374669942,45.09151414309484,601,-0.06461910123539645,0.03936502316049681,49.45919370698132,1017
755,12.583333333333334,12:35,-0.008663596789971195,0.832144094862598,44.592346089850246,601,-0.06683677240263024,0.03307134595471138,48.96755162241888,1017
756,12.6,12:36,-0.009289298588648649,0.8202209871413639,44.92512479201331,601,-0.06594260702186883,0.03549713880137552,49.164208456243855,1017
757,12.616666666666667,12:37,-0.008997775772884763,0.8257711437812306,44.92512479201331,601,-0.0663690590757477,0.034321930484766804,48.86922320550639,1017
758,12.633333333333333,12:38,-0.008695357635782875,0.8315379200080676,45.4242928452579,601,-0.06795315499730457,0.03024279603693239,48.574237954768925,1017
759,12.65,12:39,-0.007518469052902741,0.854063340327748,45.59068219633943,601,-0.06796077895655019,0.03022421633594117,48.67256637168141,1017
760,12.666666666666666,12:40,-0.005519536785944915,0.8925862311658092,44.92512479201331,601,-0.06735357126267158,0.03173500810801436,48.279252704031464,1017
761,12.683333333333334,12:41,-0.006700198467874315,0.8697962765772099,44.592346089850246,601,-0.06640528539995541,0.03422364646675924,48.67256637168141,1017
762,12.7,12:42,-0.008841541611576518,0.8287492048630136,44.09317803660566,601,-0.06650049111283271,0.033966492425854665,48.279252704031464,1017
763,12.716666666666667,12:43,-0.01100759207433974,0.7876982192298211,44.92512479201331,601,-0.06557612518012484,0.036534305753794245,48.574237954768925,1017
764,12.733333333333333,12:44,-0.010098692494981857,0.8048591749751625,44.75873544093178,601,-0.06144789485907236,0.050107894039547185,48.67256637168141,1017
765,12.75,12:45,-0.011146062530319795,0.7850925323497898,44.259567387687184,601,-0.060213020156919345,0.054908446542269,48.279252704031464,1017
766,12.766666666666667,12:46,-0.013508715900658847,0.7410253116092456,45.09151414309484,601,-0.05996973169358428,0.05589801664586363,48.67256637168141,1017
767,12.783333333333333,12:47,-0.012863745590442278,0.7529779866931205,45.25790349417637,601,-0.061908217198399056,0.048410678682653,49.06588003933137,1017
768,12.8,12:48,-0.011072235145070355,0.7864814924063133,45.4242928452579,601,-0.06198309392785554,0.04813921856858197,49.45919370698132,1017
769,12.816666666666666,12:49,-0.009089854473682879,0.8240171510158099,45.25790349417637,601,-0.06268051469819777,0.04567157239414734,49.36086529006883,1017
770,12.833333333333334,12:50,-0.011716043480161947,0.7743924113111109,45.59068219633943,601,-0.06261118694481221,0.04591200958687257,49.36086529006883,1017
771,12.85,12:51,-0.014522490383593727,0.722364275173423,45.09151414309484,601,-0.06225226493416364,0.047173882967759484,49.45919370698132,1017
772,12.866666666666667,12:52,-0.010688522480883386,0.7937113409803725,44.259567387687184,601,-0.06186751875402119,0.04855876568184088,49.26253687315634,1017
773,12.883333333333333,12:53,-0.012274334667338918,0.7639530046206657,44.592346089850246,601,-0.06384752705846469,0.041780608069450983,49.45919370698132,1017
774,12.9,12:54,-0.01273026608496312,0.755459148668137,45.09151414309484,601,-0.06423296859037067,0.04055867625299985,49.36086529006883,1017
775,12.916666666666666,12:55,-0.013910053478551673,0.733618806825371,45.4242928452579,601,-0.06348386707895932,0.04296187398101876,49.45919370698132,1017
776,12.933333333333334,12:56,-0.01632062616976892,0.689673123999091,45.59068219633943,601,-0.06338551033264546,0.04328616436594028,49.6558505408063,1017
777,12.95,12:57,-0.017116664546000825,0.675378911522161,45.75707154742096,601,-0.06453259861475277,0.039629808235304514,49.36086529006883,1017
778,12.966666666666667,12:58,-0.014653132035780008,0.7199711605537258,45.59068219633943,601,-0.06670719443516324,0.03341385267399627,49.26253687315634,1017
779,12.983333333333333,12:59,-0.014341630093985919,0.7256817755043959,45.4242928452579,601,-0.065087124952587,0.03795827026768478,49.26253687315634,1017
780,13.0,13:00,-0.014284087342996962,0.7267383568443225,45.4242928452579,601,-0.06856922167192366,0.02877267257682001,49.36086529006883,1017
781,13.016666666666667,13:01,-0.015440769739352687,0.7056017682225517,45.92346089850249,601,-0.06828627507426395,0.029440060694578787,49.164208456243855,1017
782,13.033333333333333,13:02,-0.01521837811675148,0.7096486681572207,45.92346089850249,601,-0.0695557016617803,0.026546604741345143,48.77089478859391,1017
783,13.05,13:03,-0.014702562104763886,0.7190664044340561,44.75873544093178,601,-0.07062257583827983,0.02430788649691823,48.574237954768925,1017
784,13.066666666666666,13:04,-0.012041378608299048,0.7683039355872313,44.92512479201331,601,-0.07010289489314539,0.025377100614711833,48.475909537856445,1017
785,13.083333333333334,13:05,-0.015436898765272622,0.705672138433538,45.09151414309484,601,-0.07035613413325059,0.024851102675844398,48.77089478859391,1017
786,13.1,13:06,-0.017363949372577236,0.6709618680777728,45.25790349417637,601,-0.06906776839772864,0.027628374200017475,49.36086529006883,1017
787,13.116666666666667,13:07,-0.01952927238130401,0.6327819952016516,45.75707154742096,601,-0.06732427340544023,0.031809510855828275,48.96755162241888,1017
788,13.133333333333333,13:08,-0.018048517178169854,0.6587934075330582,45.92346089850249,601,-0.06705351218529984,0.0325051556592269,49.06588003933137,1017
789,13.15,13:09,-0.017371319992446704,0.6708303857645004,45.59068219633943,601,-0.06476287638581966,0.03892824474619998,49.06588003933137,1017
790,13.166666666666666,13:10,-0.016537612126440764,0.6857655462937357,45.92346089850249,601,-0.06474875662456138,0.03897095673251529,49.164208456243855,1017
791,13.183333333333334,13:11,-0.018045875602314375,0.658840192412641,45.75707154742096,601,-0.06595936242052292,0.03545032576786302,49.26253687315634,1017
792,13.2,13:12,-0.01610347081825019,0.6935920341697906,46.089850249584025,601,-0.06549916866557794,0.036755342695788056,49.164208456243855,1017
793,13.216666666666667,13:13,-0.013224973723832311,0.7462761748746699,46.58901830282861,601,-0.06896481718696132,0.027861409879329033,48.86922320550639,1017
794,13.233333333333333,13:14,-0.008745404240390393,0.8305829533951085,46.25623960066555,601,-0.06773978672138944,0.03076676695961706,49.06588003933137,1017
795,13.25,13:15,-0.007700049396693786,0.8505796912228811,46.58901830282861,601,-0.07029322493064794,0.024980882112893163,48.67256637168141,1017
796,13.266666666666667,13:16,-0.00944748541197048,0.8172130832764587,46.25623960066555,601,-0.0703785387408649,0.024805023778439177,48.279252704031464,1017
797,13.283333333333333,13:17,-0.010728697248321917,0.792953533840097,45.92346089850249,601,-0.07120169000574174,0.023162535535098908,48.67256637168141,1017
798,13.3,13:18,-0.008061457744421473,0.8436547272262811,45.75707154742096,601,-0.06997995348829546,0.025635909914494645,49.6558505408063,1017
799,13.316666666666666,13:19,-0.005129127653892646,0.9001426408834804,46.089850249584025,601,-0.07140237459053513,0.022776695798708738,49.45919370698132,1017
800,13.333333333333334,13:20,-0.00375474822292976,0.9268112783874807,46.58901830282861,601,-0.0709740414588625,0.0236070653304207,49.557522123893804,1017
801,13.35,13:21,-0.002070180307827855,0.9596080122045497,46.75540765391015,601,-0.0698639893543585,0.02588211728664692,48.77089478859391,1017
802,13.366666666666667,13:22,-0.001968059217956465,0.9615989561500491,46.58901830282861,601,-0.06874749181485391,0.028358899241866097,48.96755162241888,1017
803,13.383333333333333,13:23,-0.0027533018761529988,0.9462969977888328,46.25623960066555,601,-0.06942339102653397,0.026836271095061565,49.26253687315634,1017
804,13.4,13:24,-0.0011590046311015356,0.9773796488594196,45.59068219633943,601,-0.07031385035748201,0.02493826817766706,48.96755162241888,1017
805,13.416666666666666,13:25,-0.0005941943929771171,0.9884019358286183,46.089850249584025,601,-0.06892873540788536,0.027943482443643048,48.86922320550639,1017
806,13.433333333333334,13:26,-0.0001554237774718161,0.9969661882378811,46.92179700499168,601,-0.06720883355707614,0.03210452683418775,49.06588003933137,1017
807,13.45,13:27,-0.0012949812519153728,0.9747266254060437,46.25623960066555,601,-0.06677915652176766,0.03322326676695277,49.26253687315634,1017
808,13.466666666666667,13:28,-0.0011845619998205083,0.9768809821859381,46.089850249584025,601,-0.06711177774023774,0.03235436978113106,49.06588003933137,1017
809,13.483333333333333,13:29,-0.00411695053596399,0.9197738527206517,46.25623960066555,601,-0.06624208077752819,0.034668333333870475,48.475909537856445,1017
810,13.5,13:30,-0.003226277035353751,0.9370893365225893,46.58901830282861,601,-0.06304079728150735,0.04443906084071098,48.475909537856445,1017
811,13.516666666666667,13:31,-0.0021188368742835056,0.958659495608643,46.25623960066555,601,-0.0640158545189131,0.04124319914782105,48.67256637168141,1017
812,13.533333333333333,13:32,-0.001970317070103183,0.9615549346315235,46.92179700499168,601,-0.06385746389981446,0.041748719736028755,48.67256637168141,1017
813,13.55,13:33,-0.0038205555690689827,0.9255322307461709,46.75540765391015,601,-0.06102673249680602,0.05170408299938457,48.37758112094395,1017
814,13.566666666666666,13:34,-0.006475166677861854,0.8741322789270977,47.088186356073216,601,-0.05887194412446532,0.06054947063371713,48.18092428711898,1017
815,13.583333333333334,13:35,-0.005473406972583455,0.8934785855127505,46.92179700499168,601,-0.05423839528412465,0.08383922981852882,48.475909537856445,1017
816,13.6,13:36,-0.004746831415643259,0.9075507884538436,47.42096505823628,601,-0.056584084249481637,0.07127564077525854,48.279252704031464,1017
817,13.616666666666667,13:37,-0.002625031642115687,0.9487953889619829,47.088186356073216,601,-0.05556715035654259,0.0765191260494265,47.984267453294,1017
818,13.633333333333333,13:38,-0.0028157059577872123,0.9450817074921422,47.088186356073216,601,-0.05502412921803409,0.07944517396785726,47.984267453294,1017
819,13.65,13:39,-0.0031112143069783778,0.9393285992752369,47.587354409317804,601,-0.05315192434324861,0.09023655663259536,48.08259587020649,1017
820,13.666666666666666,13:40,-0.0020484105423278914,0.9600324130187115,47.42096505823628,601,-0.05565211275891095,0.07606934966149603,48.37758112094395,1017
821,13.683333333333334,13:41,-0.003816434496070751,0.9256123233263769,47.088186356073216,601,-0.05633555398950142,0.0725291473268461,48.475909537856445,1017
822,13.7,13:42,-0.0033381027857182465,0.934913544674437,47.920133111480865,601,-0.05527725605736503,0.07807009953040647,48.574237954768925,1017
823,13.716666666666667,13:43,-0.005354492470534829,0.8957795348820086,47.920133111480865,601,-0.057478006906768,0.06691277334773527,48.86922320550639,1017
824,13.733333333333333,13:44,-0.0043277363255369745,0.9156812286189905,47.42096505823628,601,-0.05294981883101123,0.09146878145901328,48.37758112094395,1017
825,13.75,13:45,-0.0014685980332998921,0.9713396186057296,47.42096505823628,601,-0.055575434378933655,0.07647517680631084,48.96755162241888,1017
826,13.766666666666667,13:46,-0.0011108711564774328,0.9783188366100227,47.088186356073216,601,-0.053723086769898426,0.08682620598181577,48.77089478859391,1017
827,13.783333333333333,13:47,-0.0007357261421661251,0.9856396504119573,47.587354409317804,601,-0.05029691752141305,0.10892741830007915,48.77089478859391,1017
828,13.8,13:48,-0.0008062255047081041,0.9842637712462714,46.92179700499168,601,-0.04959505488639484,0.11396136487700102,48.77089478859391,1017
829,13.816666666666666,13:49,-0.002868181232414585,0.9440598746196287,46.75540765391015,601,-0.04765443547269709,0.128834321963946,48.67256637168141,1017
830,13.833333333333334,13:50,-0.0023355684478262514,0.9544352337084024,46.25623960066555,601,-0.04782201771782983,0.1274933357792682,48.08259587020649,1017
831,13.85,13:51,-0.002923981231956061,0.9429734012893727,47.088186356073216,601,-0.05079695941978036,0.10544934762199656,48.475909537856445,1017
832,13.866666666666667,13:52,-0.0026874385903957083,0.9475797896341047,46.58901830282861,601,-0.05096012983403514,0.1043336422812237,48.86922320550639,1017
833,13.883333333333333,13:53,-0.0038982095940082173,0.9240231753369522,46.92179700499168,601,-0.05259254153154132,0.09368008801929201,48.279252704031464,1017
834,13.9,13:54,-0.003797018759335368,0.9259896760435329,46.75540765391015,601,-0.04914447605438405,0.11728825487235935,48.96755162241888,1017
835,13.916666666666666,13:55,-0.0021064391495630268,0.9589011727638433,46.25623960066555,601,-0.051681836772522805,0.09951070370784681,48.574237954768925,1017
836,13.933333333333334,13:56,-0.003823229922200397,0.9254802554030991,46.92179700499168,601,-0.04977909808704853,0.1126239941364714,48.37758112094395,1017
837,13.95,13:57,-0.004085059271079598,0.9203932419733823,46.422628951747086,601,-0.04927448841087699,0.116320575734303,48.77089478859391,1017
838,13.966666666666667,13:58,-0.00475535764769134,0.9073854769608392,46.58901830282861,601,-0.05198320112094368,0.09755009215070469,48.67256637168141,1017
839,13.983333333333333,13:59,-0.003267936636927614,0.9362787106742562,46.25623960066555,601,-0.0530678347055763,0.09074761590085607,48.279252704031464,1017
840,14.0,14:00,-0.002880047948965899,0.9438288108216738,46.75540765391015,601,-0.05566534638798014,0.07599948732453665,48.574237954768925,1017
841,14.016666666666667,14:01,-0.003330733271157231,0.9350569184558519,47.587354409317804,601,-0.058411300838392716,0.06259447762922533,48.574237954768925,1017
842,14.033333333333333,14:02,-0.0039830184643246565,0.9223753911091324,46.75540765391015,601,-0.05757148227143931,0.06646951774455953,48.475909537856445,1017
843,14.05,14:03,-0.003636623029541892,0.9291076596405395,46.58901830282861,601,-0.057378242654201085,0.06738852829762332,48.475909537856445,1017
844,14.066666666666666,14:04,-0.00396073175413535,0.9228083762913688,47.42096505823628,601,-0.054047634877716216,0.08493513660465271,48.67256637168141,1017
845,14.083333333333334,14:05,-0.004995135050020819,0.9027381994913388,47.25457570715474,601,-0.0534024440788754,0.08872770587088454,48.77089478859391,1017
846,14.1,14:06,-0.006066597414829792,0.882014311183104,47.088186356073216,601,-0.054046743045994786,0.08494028716162566,49.06588003933137,1017
847,14.116666666666667,14:07,-0.007769359207974443,0.8492507338930019,47.088186356073216,601,-0.053480134229336604,0.08826393335846656,48.37758112094395,1017
848,14.133333333333333,14:08,-0.006340400355088833,0.8767308251193815,47.42096505823628,601,-0.054511091769791464,0.0822924856605003,48.08259587020649,1017
849,14.15,14:09,-0.0046539139394616465,0.9093525833924526,46.92179700499168,601,-0.0537886022905496,0.08644175184222301,48.37758112094395,1017
850,14.166666666666666,14:10,-0.00469857051291972,0.9084865736912159,47.088186356073216,601,-0.05383162750811148,0.086190021537958,48.08259587020649,1017
851,14.183333333333334,14:11,-0.0036517256406659523,0.9288140281283256,47.42096505823628,601,-0.05522502806019636,0.07835222490747158,48.37758112094395,1017
852,14.2,14:12,-0.002305702093743707,0.9550172783198512,46.92179700499168,601,-0.05625015729262114,0.07296399828977253,48.77089478859391,1017
853,14.216666666666667,14:13,-0.003735223339105205,0.9271908052404016,46.422628951747086,601,-0.055140399966360804,0.07881112786593729,48.96755162241888,1017
854,14.233333333333333,14:14,-0.0014062714514441327,0.9725554619564009,46.58901830282861,601,-0.0569555196401233,0.06943534248072132,48.77089478859391,1017
855,14.25,14:15,0.00045239485247540456,0.9911695868077783,46.25623960066555,601,-0.05687509974954481,0.06983044734820504,48.77089478859391,1017
856,14.266666666666667,14:16,-0.003757657088301808,0.9267547369600035,46.75540765391015,601,-0.05919893379257512,0.059131622130978556,48.77089478859391,1017
857,14.283333333333333,14:17,-0.004284120268428365,0.916527900184254,46.58901830282861,601,-0.05851063391235427,0.0621487349913489,48.86922320550639,1017
858,14.3,14:18,-0.005630262230634259,0.8904448676229091,46.58901830282861,601,-0.05911528173716139,0.059491697506908955,48.67256637168141,1017
859,14.316666666666666,14:19,-0.003701982035092786,0.9278369913568215,46.92179700499168,601,-0.06152498302202081,0.04982024501552468,48.475909537856445,1017
860,14.333333333333334,14:20,-0.00422133596389895,0.9177468299024117,46.75540765391015,601,-0.06477440760903062,0.03889339249518585,48.86922320550639,1017
861,14.35,14:21,-0.005058319185035302,0.9015141344023472,46.58901830282861,601,-0.06490908209561977,0.03848830495659317,48.67256637168141,1017
862,14.366666666666667,14:22,-0.005001762352496875,0.9026097980039686,46.75540765391015,601,-0.06425126023890138,0.04050144769284325,48.475909537856445,1017
863,14.383333333333333,14:23,-0.00714640193193131,0.8612103109298755,46.58901830282861,601,-0.06431652157421504,0.040297823132345395,48.37758112094395,1017
864,14.4,14:24,-0.0065224498992437,0.8732208895093188,47.088186356073216,601,-0.06729830145232676,0.03187568118213459,48.279252704031464,1017
865,14.416666666666666,14:25,-0.007423546858915442,0.8558855732054704,46.75540765391015,601,-0.07089571509182928,0.023761713278320287,48.08259587020649,1017
866,14.433333333333334,14:26,-0.007203827142118806,0.8601064849794381,46.92179700499168,601,-0.07108034847207137,0.023398567721508126,48.96755162241888,1017
867,14.45,14:27,-0.009900988962759986,0.8086047829458537,47.25457570715474,601,-0.07130628906798639,0.022960730174978784,48.279252704031464,1017
868,14.466666666666667,14:28,-0.010455346264101942,0.798113504155716,47.42096505823628,601,-0.07323836908192544,0.019498081041177662,48.37758112094395,1017
869,14.483333333333333,14:29,-0.01133344105066627,0.7815703377850864,47.25457570715474,601,-0.07369518891363624,0.01874930332440609,48.574237954768925,1017
870,14.5,14:30,-0.010615692979187914,0.7950856016039004,47.75374376039934,601,-0.07427077862603672,0.017841697591260985,48.37758112094395,1017
871,14.516666666666667,14:31,-0.0102033697323301,0.8028778056463212,47.587354409317804,601,-0.07448207132073811,0.01751830224406876,48.77089478859391,1017
872,14.533333333333333,14:32,-0.011102991745631188,0.785902766900751,47.088186356073216,601,-0.07449133333525333,0.01750424436682076,48.574237954768925,1017
873,14.55,14:33,-0.010328993585274077,0.8005016196651478,46.92179700499168,601,-0.07260048241544592,0.020587230025273497,48.475909537856445,1017
874,14.566666666666666,14:34,-0.009916217297098687,0.808316116579433,47.25457570715474,601,-0.06891084938638178,0.027984243551034075,48.574237954768925,1017
875,14.583333333333334,14:35,-0.011292961227532,0.7823308701621015,47.587354409317804,601,-0.06770021412934553,0.030864796663415156,48.77089478859391,1017
876,14.6,14:36,-0.01086079621674877,0.7904631605877299,47.75374376039934,601,-0.06753066861418203,0.03128783364815421,48.574237954768925,1017
877,14.616666666666667,14:37,-0.012123250197986064,0.7667739783436884,47.75374376039934,601,-0.069586331523002,0.02647993282759815,48.574237954768925,1017
878,14.633333333333333,14:38,-0.013236357214286704,0.7460652864858469,47.587354409317804,601,-0.06898368467182935,0.027818576091485008,48.574237954768925,1017
879,14.65,14:39,-0.011332419632425216,0.781589525568115,47.088186356073216,601,-0.06840084900088192,0.029168229148074327,48.279252704031464,1017
880,14.666666666666666,14:40,-0.011147956041929464,0.7850569175057498,47.25457570715474,601,-0.06953102525350868,0.02660042306217829,48.279252704031464,1017
881,14.683333333333334,14:41,-0.009853309241147537,0.8095087615655593,47.25457570715474,601,-0.06784544439307079,0.030506337368504513,48.67256637168141,1017
882,14.7,14:42,-0.010588203269293751,0.7956044854945766,47.42096505823628,601,-0.06736085300332155,0.03171651426334157,48.67256637168141,1017
883,14.716666666666667,14:43,-0.009797913880056915,0.8105593424335815,47.25457570715474,601,-0.06630962179829078,0.03448370881617552,48.96755162241888,1017
884,14.733333333333333,14:44,-0.010027973687094648,0.8061984754221933,46.75540765391015,601,-0.06419273754948819,0.040684786842800476,48.574237954768925,1017
885,14.75,14:45,-0.009882293182822775,0.8089592133025609,47.25457570715474,601,-0.06442264985446226,0.039968539220960914,48.67256637168141,1017
886,14.766666666666667,14:46,-0.011177339663580383,0.7845043018880536,46.75540765391015,601,-0.06162404640140938,0.0494526282556752,48.77089478859391,1017
887,14.783333333333333,14:47,-0.01336563227871904,0.7436716958075409,46.75540765391015,601,-0.06613843877068121,0.0349532795958697,48.77089478859391,1017
888,14.8,14:48,-0.014579782494845272,0.7213144539214381,46.58901830282861,601,-0.06979546256912172,0.0260285663950003,48.86922320550639,1017
889,14.816666666666666,14:49,-0.012937035175863053,0.751616734948844,46.58901830282861,601,-0.06592656828369414,0.03554199887548692,48.574237954768925,1017
890,14.833333333333334,14:50,-0.01312009939876184,0.7482199467534066,46.75540765391015,601,-0.06647780980803845,0.03402760529846382,49.06588003933137,1017
891,14.85,14:51,-0.012960478354543344,0.7511814730765154,46.58901830282861,601,-0.07178363869579216,0.022059010554477537,48.77089478859391,1017
892,14.866666666666667,14:52,-0.013049658834792319,0.7495264107016542,46.75540765391015,601,-0.06936370776398443,0.026967824405069084,49.06588003933137,1017
893,14.883333333333333,14:53,-0.017311480084516637,0.6718981424230525,47.088186356073216,601,-0.07186535682889228,0.021907767634312975,49.06588003933137,1017
894,14.9,14:54,-0.01459982311926616,0.720947352803338,47.25457570715474,601,-0.06803805685249441,0.030036441063889304,49.06588003933137,1017
895,14.916666666666666,14:55,-0.014211719103272322,0.7280678951520292,48.25291181364393,601,-0.06597039215845146,0.035419538417568154,48.475909537856445,1017
896,14.933333333333334,14:56,-0.017469972080062707,0.6690715294117534,48.0865224625624,601,-0.0674576177119733,0.031471630286092137,48.475909537856445,1017
897,14.95,14:57,-0.015072056226137132,0.7123157853927653,47.587354409317804,601,-0.06616506408141007,0.03487988786062962,48.475909537856445,1017
898,14.966666666666667,14:58,-0.015149557804210206,0.7109026671955644,47.920133111480865,601,-0.06570877636498156,0.03615595545726778,48.279252704031464,1017
899,14.983333333333333,14:59,-0.015197464611407712,0.7100296576850877,48.25291181364393,601,-0.06455401463578445,0.03956411346805314,48.279252704031464,1017
900,15.0,15:00,-0.01687447975251717,0.6797156936091908,47.587354409317804,601,-0.06283404793166306,0.0451428690977188,48.37758112094395,1017
901,15.016666666666667,15:01,-0.017228334401457497,0.6733828534185474,48.0865224625624,601,-0.06374870574450868,0.04209885763619319,48.18092428711898,1017
902,15.033333333333333,15:02,-0.019175484032192755,0.6389572472881138,48.91846921797005,601,-0.06122311740014544,0.05095458220252332,48.574237954768925,1017
903,15.05,15:03,-0.02159317799757539,0.5972753046700958,48.58569051580699,601,-0.06103027409707125,0.05169048540374548,48.475909537856445,1017
904,15.066666666666666,15:04,-0.022069589825418814,0.5892094181518622,48.91846921797005,601,-0.06362956651807684,0.04248526097416336,48.574237954768925,1017
905,15.083333333333334,15:05,-0.023077753866096288,0.572308131582907,48.91846921797005,601,-0.06277431353933396,0.045347953434003,48.18092428711898,1017
906,15.1,15:06,-0.024380935145517264,0.5508076540696203,48.91846921797005,601,-0.06298076423609088,0.04464246411365272,48.08259587020649,1017
907,15.116666666666667,15:07,-0.02364344980614729,0.562926281778486,48.91846921797005,601,-0.06490618686130582,0.03849697572682382,47.984267453294,1017
908,15.133333333333333,15:08,-0.022440206496305275,0.5829695762819114,48.91846921797005,601,-0.06412115400889293,0.04090999747100219,48.67256637168141,1017
909,15.15,15:09,-0.0217529208945888,0.5945651998953764,49.25124792013311,601,-0.06487978471321061,0.03857612251350586,48.37758112094395,1017
910,15.166666666666666,15:10,-0.021233287557658645,0.6034014305270392,49.25124792013311,601,-0.0691398671502697,0.027466175870498034,48.574237954768925,1017
911,15.183333333333334,15:11,-0.02044474442243029,0.6169216500560023,49.25124792013311,601,-0.06904480979613334,0.027680196311189183,48.77089478859391,1017
912,15.2,15:12,-0.020672591350430373,0.613001423117549,49.08485856905158,601,-0.06772276534950367,0.030808899743855662,48.86922320550639,1017
913,15.216666666666667,15:13,-0.020036606806606305,0.6239711174538822,49.58402662229617,601,-0.06614266123892731,0.034941631733847324,49.45919370698132,1017
914,15.233333333333333,15:14,-0.01780081863827771,0.6631861618034574,49.750415973377706,601,-0.06692108995634874,0.03285008895456121,49.36086529006883,1017
915,15.25,15:15,-0.018512710286049682,0.6505929208445543,49.25124792013311,601,-0.06578382031647585,0.0359433944855854,49.164208456243855,1017
916,15.266666666666667,15:16,-0.0205785577468317,0.614617991548102,49.58402662229617,601,-0.06791083920428898,0.03034609848301784,48.96755162241888,1017
917,15.283333333333333,15:17,-0.020558710386824667,0.6149594344092179,49.750415973377706,601,-0.06954935546054286,0.02656043658933981,48.86922320550639,1017
918,15.3,15:18,-0.02038968503832425,0.6178706178821437,49.25124792013311,601,-0.06684561108304843,0.03304809284378059,49.164208456243855,1017
919,15.316666666666666,15:19,-0.01767305850067265,0.6654564311583749,49.08485856905158,601,-0.06558870288245067,0.036498287416534554,49.36086529006883,1017
920,15.333333333333334,15:20,-0.018831944505020577,0.6449776043570352,49.25124792013311,601,-0.06525436161701548,0.037466064437315434,49.06588003933137,1017
921,15.35,15:21,-0.017358159933414052,0.6710651512220043,49.08485856905158,601,-0.06562420748761727,0.036396777064207735,49.164208456243855,1017
922,15.366666666666667,15:22,-0.016156960721783912,0.6926259606357623,48.25291181364393,601,-0.0664044721856281,0.034225850124114915,49.852507374631266,1017
923,15.383333333333333,15:23,-0.017520893936533978,0.6681643571477337,48.25291181364393,601,-0.06483480568588998,0.03871127595881946,49.06588003933137,1017
924,15.4,15:24,-0.019142702681090702,0.6395307089511493,48.58569051580699,601,-0.06397163616578938,0.04138380311050937,49.06588003933137,1017
925,15.416666666666666,15:25,-0.01930962527904046,0.6366128884331277,48.41930116472546,601,-0.06637488613922592,0.034306105105001185,49.26253687315634,1017
926,15.433333333333334,15:26,-0.021338746230619123,0.6016033739690093,48.25291181364393,601,-0.0649731091350706,0.03829697726230481,48.86922320550639,1017
927,15.45,15:27,-0.020850881462386187,0.6099415231991173,48.25291181364393,601,-0.06851807720320055,0.02889233527697255,49.45919370698132,1017
928,15.466666666666667,15:28,-0.021244209339871978,0.603215103719195,48.25291181364393,601,-0.07111602892810395,0.023328947078494585,49.36086529006883,1017
929,15.483333333333333,15:29,-0.021406686505637193,0.6004462797619589,47.75374376039934,601,-0.06779289546144807,0.030635624954410617,49.557522123893804,1017
930,15.5,15:30,-0.020989590098676764,0.6075656309485898,48.41930116472546,601,-0.06621404682923908,0.03474521181227792,49.36086529006883,1017
931,15.516666666666667,15:31,-0.019323967546660818,0.6363624456783021,48.58569051580699,601,-0.065809482584052,0.03587095101840952,49.75417895771878,1017
932,15.533333333333333,15:32,-0.02031907217940712,0.6190885867206876,49.08485856905158,601,-0.06586648029057854,0.03571049360139938,49.36086529006883,1017
933,15.55,15:33,-0.018110016645017005,0.6577045689495683,48.75207986688852,601,-0.06563171104044324,0.036375354618011856,49.45919370698132,1017
934,15.566666666666666,15:34,-0.019129679090638195,0.6397585972463182,48.75207986688852,601,-0.0668912550186014,0.03292823346447518,49.75417895771878,1017
935,15.583333333333334,15:35,-0.017929060498236612,0.6609104310884687,48.58569051580699,601,-0.06836465529971311,0.029253866264521682,49.45919370698132,1017
936,15.6,15:36,-0.017827577673188936,0.6627110493464015,47.920133111480865,601,-0.06806070034198977,0.029981610339164928,49.06588003933137,1017
937,15.616666666666667,15:37,-0.01685105510728753,0.68013572075316,48.25291181364393,601,-0.06892077022082918,0.027961628282962604,49.164208456243855,1017
938,15.633333333333333,15:38,-0.014975595735640846,0.7140759660824756,48.41930116472546,601,-0.07027407967647911,0.025020494210095556,49.26253687315634,1017
939,15.65,15:39,-0.013200855352298375,0.7467230498752746,48.25291181364393,601,-0.07116913063432681,0.023225666127985684,49.26253687315634,1017
940,15.666666666666666,15:40,-0.010793803006878953,0.7917258736621944,48.25291181364393,601,-0.07114499412261538,0.02327256154997297,49.26253687315634,1017
941,15.683333333333334,15:41,-0.01004437007904888,0.8058879034916664,47.920133111480865,601,-0.07132102610476661,0.022932420592288564,49.26253687315634,1017
942,15.7,15:42,-0.010662881055643177,0.7941951107547772,47.587354409317804,601,-0.07247673462100047,0.020804549686498863,49.164208456243855,1017
943,15.716666666666667,15:43,-0.010769493570216861,0.7921842020140342,48.25291181364393,601,-0.07084190709372856,0.02386845986200798,48.86922320550639,1017
944,15.733333333333333,15:44,-0.012322019874218498,0.7630632967635759,48.41930116472546,601,-0.06618288669894834,0.03483083388612879,49.06588003933137,1017
945,15.75,15:45,-0.010410428403601906,0.7989622548483621,48.0865224625624,601,-0.0657198784921239,0.036124441552859675,48.86922320550639,1017
946,15.766666666666667,15:46,-0.010226007002363511,0.802449484753529,48.0865224625624,601,-0.06490396360876916,0.03850363514282433,48.77089478859391,1017
947,15.783333333333333,15:47,-0.011706218854048924,0.7745764915833678,48.0865224625624,601,-0.06631412756561662,0.03447142212468766,49.557522123893804,1017
948,15.8,15:48,-0.0076968921421926816,0.8506402390355556,48.91846921797005,601,-0.06593295657006233,0.035524125164796076,49.45919370698132,1017
949,15.816666666666666,15:49,-0.010632936554573383,0.7947601654472135,48.75207986688852,601,-0.065157449954903,0.03775062678761712,49.75417895771878,1017
950,15.833333333333334,15:50,-0.011693140867788901,0.7748215484355463,48.75207986688852,601,-0.06530416148386181,0.03732054713416991,49.557522123893804,1017
951,15.85,15:51,-0.011405546566234978,0.7802161403049013,48.58569051580699,601,-0.06307334050696894,0.044329125007987094,49.164208456243855,1017
952,15.866666666666667,15:52,-0.009270064175021157,0.8205869081338717,48.75207986688852,601,-0.06300978447722033,0.044544040357080567,49.164208456243855,1017
953,15.883333333333333,15:53,-0.007493919204285151,0.8545345527114988,48.75207986688852,601,-0.06329896397391108,0.04357322074618736,49.36086529006883,1017
954,15.9,15:54,-0.00790134812232847,0.8467211419024435,48.75207986688852,601,-0.06332768559735463,0.04347777957380239,49.36086529006883,1017
955,15.916666666666666,15:55,-0.00821293405866769,0.8407558311314363,48.91846921797005,601,-0.06204062675035606,0.0479315061055016,49.557522123893804,1017
956,15.933333333333334,15:56,-0.006567751988592427,0.8723478440140331,48.75207986688852,601,-0.06037903684204046,0.05424158448392103,50.04916420845624,1017
957,15.95,15:57,-0.006722072931447444,0.8693749966866962,48.41930116472546,601,-0.05908710220714407,0.05961340292656603,49.852507374631266,1017
958,15.966666666666667,15:58,-0.008707976190807282,0.8312971150139536,48.91846921797005,601,-0.05805794574135779,0.06420155512055317,49.75417895771878,1017
959,15.983333333333333,15:59,-0.007670427921388988,0.8511477874874872,49.58402662229617,601,-0.05758967390473958,0.06638353525665167,50.34414945919371,1017
960,16.0,16:00,-0.007484392601009721,0.8547174212885558,49.08485856905158,601,-0.05938606495730109,0.05833266375268885,49.95083579154376,1017
961,16.016666666666666,16:01,-0.008469735647465058,0.8358461977291743,48.91846921797005,601,-0.058302036614456904,0.06308783049365053,49.557522123893804,1017
962,16.033333333333335,16:02,-0.008618144322552309,0.8330117557145124,48.75207986688852,601,-0.05672730409327438,0.0705613756698876,49.95083579154376,1017
963,16.05,16:03,-0.008888196042048324,0.8278596411651706,48.0865224625624,601,-0.05669389862896054,0.07072744877310724,49.557522123893804,1017
964,16.066666666666666,16:04,-0.009623459849836015,0.8138701040140315,48.75207986688852,601,-0.05729741236340358,0.06777602628217659,49.26253687315634,1017
965,16.083333333333332,16:05,-0.008434583386172275,0.8365178801900286,48.41930116472546,601,-0.057336625956356066,0.0675878095369607,49.852507374631266,1017
966,16.1,16:06,-0.006512313173168551,0.8734162619564342,49.25124792013311,601,-0.05803334251566801,0.06431470707788683,50.14749262536873,1017
967,16.116666666666667,16:07,-0.005736526810184179,0.8883905236728041,48.25291181364393,601,-0.0591231301739472,0.05945783733119103,49.557522123893804,1017
968,16.133333333333333,16:08,-0.003091044882211883,0.9397211709835384,48.75207986688852,601,-0.06038485284887663,0.05421834541166304,49.75417895771878,1017
969,16.15,16:09,-0.004351882989775062,0.9152125363888199,48.75207986688852,601,-0.0610346210382112,0.051673799872371876,49.95083579154376,1017
970,16.166666666666668,16:10,-0.004346544379034702,0.9153161575081896,48.91846921797005,601,-0.06001647918131183,0.05570672952079861,49.95083579154376,1017
971,16.183333333333334,16:11,-0.004263141029154455,0.916935181274565,48.91846921797005,601,-0.060935980587058056,0.052053536060769776,49.75417895771878,1017
972,16.2,16:12,-0.006516839478219712,0.8733290222559733,48.41930116472546,601,-0.06078162954514402,0.052652416588505606,49.852507374631266,1017
973,16.216666666666665,16:13,-0.00604149989907744,0.8824988755435722,49.08485856905158,601,-0.06005775058796385,0.05553830298086031,49.852507374631266,1017
974,16.233333333333334,16:14,-0.011444856285671259,0.779478153059147,49.417637271214645,601,-0.06198370993523145,0.048136990585874305,49.95083579154376,1017
975,16.25,16:15,-0.007103068179433746,0.8620434504148473,48.0865224625624,601,-0.06136027175051595,0.05043654026521014,49.45919370698132,1017
976,16.266666666666666,16:16,-0.008660167555316463,0.8322095498328279,47.587354409317804,601,-0.061155348671903365,0.05121218753947697,49.852507374631266,1017
977,16.283333333333335,16:17,-0.010116851020280994,0.8045153736944486,47.42096505823628,601,-0.061710421155824945,0.049133954925557714,50.24582104228122,1017
978,16.3,16:18,-0.011145683032416382,0.7850996703365872,46.75540765391015,601,-0.05957972363179056,0.05751528553437679,50.04916420845624,1017
979,16.316666666666666,16:19,-0.009983316970015359,0.8070444942074011,46.92179700499168,601,-0.05752469773428815,0.06669106492333231,49.6558505408063,1017
980,16.333333333333332,16:20,-0.012131613468253165,0.7666177425106493,47.587354409317804,601,-0.055289846802084805,0.0780022104894415,49.852507374631266,1017
981,16.35,16:21,-0.011961822803603365,0.7697914801522149,48.0865224625624,601,-0.05530336060399204,0.07792939775465563,50.04916420845624,1017
982,16.366666666666667,16:22,-0.014153943100800395,0.7291299335934551,47.587354409317804,601,-0.054498578249476,0.0823629534639709,50.14749262536873,1017
983,16.383333333333333,16:23,-0.012539053544201182,0.7590178540784573,47.587354409317804,601,-0.05366241628191747,0.08718345690605188,50.14749262536873,1017
984,16.4,16:24,-0.012264656229939134,0.7641336223521842,47.42096505823628,601,-0.05177487377245603,0.098902103583161,49.557522123893804,1017
985,16.416666666666668,16:25,-0.011879717416090979,0.7713275836324583,47.587354409317804,601,-0.05073692706766724,0.10586219974487887,49.557522123893804,1017
986,16.433333333333334,16:26,-0.013741459590864528,0.7367271653468485,47.587354409317804,601,-0.05107099842446762,0.10358091597103482,49.95083579154376,1017
987,16.45,16:27,-0.012980826915219467,0.7508037319770243,47.587354409317804,601,-0.05335214779540759,0.08902899451179938,49.852507374631266,1017
988,16.466666666666665,16:28,-0.015626733867089397,0.7022241057867504,47.587354409317804,601,-0.052090076890313995,0.09686223214905236,49.75417895771878,1017
989,16.483333333333334,16:29,-0.015831303135473488,0.698515285234516,47.42096505823628,601,-0.05097089402837426,0.1042603707156245,49.75417895771878,1017
990,16.5,16:30,-0.016116869763033358,0.6933499910207569,46.58901830282861,601,-0.0520363645130022,0.09720744309602287,49.852507374631266,1017
991,16.516666666666666,16:31,-0.016473269180924992,0.686923393835824,46.422628951747086,601,-0.0523577045085534,0.095156748667287,49.852507374631266,1017
992,16.533333333333335,16:32,-0.013767660648095155,0.7362438139622601,47.088186356073216,601,-0.052032821699933604,0.09723024733782704,49.36086529006883,1017
993,16.55,16:33,-0.010668802021566321,0.7940833944865379,47.25457570715474,601,-0.05141862229834742,0.10124868664455226,49.26253687315634,1017
994,16.566666666666666,16:34,-0.008335329726661341,0.8384150398191107,46.25623960066555,601,-0.05075510333270507,0.10573706375349486,49.36086529006883,1017
995,16.583333333333332,16:35,-0.0062650284758435995,0.8781847155318903,46.75540765391015,601,-0.05229897822509676,0.09552891588576073,50.04916420845624,1017
996,16.6,16:36,-0.008427739442497,0.8366486667573081,46.422628951747086,601,-0.05206317269330521,0.09703502360277727,50.14749262536873,1017
997,16.616666666666667,16:37,-0.005731588604027012,0.8884859743414499,47.088186356073216,601,-0.055295962856119915,0.07796925017403382,50.14749262536873,1017
998,16.633333333333333,16:38,-0.007759393474168779,0.8494417922461133,47.75374376039934,601,-0.05632420246106591,0.07258682839729297,51.425762045231075,1017
999,16.65,16:39,-0.00926222301095663,0.8207360918663931,47.920133111480865,601,-0.05870815829974326,0.06127016394635446,51.130776794493606,1017
1000,16.666666666666668,16:40,-0.009234916703263927,0.8212556642800882,47.920133111480865,601,-0.059755246630557264,0.05678268950877794,50.63913470993116,1017
1001,16.683333333333334,16:41,-0.010928024111301081,0.7891965754164416,47.920133111480865,601,-0.0626858808283709,0.04565300624651994,50.14749262536873,1017
1002,16.7,16:42,-0.01055567187436264,0.7962186505462212,48.0865224625624,601,-0.06418793921324345,0.04069985011863106,50.442477876106196,1017
1003,16.716666666666665,16:43,-0.012340746163940316,0.7627139880066932,48.0865224625624,601,-0.0635202349118593,0.04284248662055056,50.54080629301868,1017
1004,16.733333333333334,16:44,-0.008716179700064256,0.831140572597707,47.920133111480865,601,-0.060008064261248814,0.05574112248307214,50.54080629301868,1017
1005,16.75,16:45,-0.009888273624338716,0.8088458331918492,47.42096505823628,601,-0.06066019920468832,0.05312759728384656,50.442477876106196,1017
1006,16.766666666666666,16:46,-0.00844567850678837,0.8363058639528682,47.920133111480865,601,-0.06199817513959492,0.0480846975256048,50.54080629301868,1017
1007,16.783333333333335,16:47,-0.007441708374690631,0.855536864772184,47.587354409317804,601,-0.05998072779274731,0.05585297238717548,49.95083579154376,1017
1008,16.8,16:48,-0.007012769640940266,0.8637800309482284,46.58901830282861,601,-0.06174636986662828,0.04900183284294455,49.95083579154376,1017
1009,16.816666666666666,16:49,-0.004682281836686123,0.9088024419212984,46.58901830282861,601,-0.06002901499282745,0.05565552663322675,50.24582104228122,1017
1010,16.833333333333332,16:50,-0.0029195391519196597,0.9430598885058494,46.92179700499168,601,-0.058708124416915294,0.06127031376883612,50.24582104228122,1017
1011,16.85,16:51,-0.00053260611143063,0.9896040040354872,47.25457570715474,601,-0.05872765519066668,0.061184003172589284,50.24582104228122,1017
1012,16.866666666666667,16:52,-0.004217172551690606,0.9178276675739063,47.25457570715474,601,-0.06234103709989425,0.046859103514591285,50.442477876106196,1017
1013,16.883333333333333,16:53,-0.005733457200579226,0.8884498560179624,47.587354409317804,601,-0.06333589269898499,0.0434505400132898,50.14749262536873,1017
1014,16.9,16:54,-0.008504171219002732,0.835188325391256,47.587354409317804,601,-0.061227978516671916,0.05093614564782866,50.24582104228122,1017
1015,16.916666666666668,16:55,-0.00951253025604902,0.8159770391215997,47.25457570715474,601,-0.06364334317536224,0.04244042664896001,50.24582104228122,1017
1016,16.933333333333334,16:56,-0.010862006958404443,0.790440345112154,48.0865224625624,601,-0.06289244105201662,0.04494314496654103,50.24582104228122,1017
1017,16.95,16:57,-0.011194256523211099,0.7841861968818967,47.75374376039934,601,-0.0620658354212532,0.04784073172655766,50.54080629301868,1017
1018,16.966666666666665,16:58,-0.011951834064180752,0.7699783107209831,47.587354409317804,601,-0.062094146350433164,0.0477389584042723,50.34414945919371,1017
1019,16.983333333333334,16:59,-0.009403106472545395,0.8180566746922353,47.587354409317804,601,-0.06134598187541028,0.0504903076873111,50.54080629301868,1017
1020,17.0,17:00,-0.010998907739573337,0.7878617172449601,47.42096505823628,601,-0.059097615423282616,0.05956797298353098,50.04916420845624,1017
1021,17.016666666666666,17:01,-0.010196472906509288,0.8030083125708003,47.587354409317804,601,-0.058406559306441966,0.0626158204044715,49.75417895771878,1017
1022,17.033333333333335,17:02,-0.011500590177873608,0.7784321638918933,47.75374376039934,601,-0.058759229403576,0.061044682770570936,49.557522123893804,1017
1023,17.05,17:03,-0.012425479773978978,0.7611340224691191,48.0865224625624,601,-0.05881087267269235,0.06081737380757997,49.6558505408063,1017
1024,17.066666666666666,17:04,-0.014953415258419547,0.714480923557976,48.0865224625624,601,-0.059535307119209555,0.05770190972801402,49.75417895771878,1017
1025,17.083333333333332,17:05,-0.015544281399003237,0.7037209690838284,47.75374376039934,601,-0.06260823105997931,0.04592228457871076,49.95083579154376,1017
1026,17.1,17:06,-0.017765059924899976,0.6638212764769128,47.587354409317804,601,-0.06247627497357784,0.04638295327045919,49.75417895771878,1017
1027,17.116666666666667,17:07,-0.018673741852750354,0.6477578837860006,47.25457570715474,601,-0.06169279910105745,0.049198830111189674,49.36086529006883,1017
1028,17.133333333333333,17:08,-0.018290945786036534,0.6545054518344557,47.920133111480865,601,-0.062275625872304056,0.04709087513890643,49.45919370698132,1017
1029,17.15,17:09,-0.019462339848581055,0.63394833968289,47.920133111480865,601,-0.06256702074128132,0.04606573789619959,49.557522123893804,1017
1030,17.166666666666668,17:10,-0.016264593699693724,0.6906835287547073,48.75207986688852,601,-0.06278681148367833,0.04530497986013939,49.75417895771878,1017
1031,17.183333333333334,17:11,-0.013218815856599201,0.7463902622594683,48.58569051580699,601,-0.062115351869408836,0.04766284699228799,49.36086529006883,1017
1032,17.2,17:12,-0.013061909752674771,0.7492991408155839,48.41930116472546,601,-0.06181937019475442,0.04873445128870401,49.852507374631266,1017
1033,17.216666666666665,17:13,-0.014674986472701728,0.7195710938481307,48.41930116472546,601,-0.06250690234145638,0.04627568606390847,49.45919370698132,1017
1034,17.233333333333334,17:14,-0.005438631710429066,0.8941513816766848,47.75374376039934,601,-0.05711215995881032,0.06867102719652954,50.24582104228122,1017
