tday_min,tday_hour,tday_clock,r_is,p_is,hit_is,n_is,r_oos,p_oos,hit_oos,n_oos,r_all,p_all,hit_all,n_all
0,0.0,00:00,0.08613954051960357,0.06579307603921401,46.82713347921225,457,0.08693435177726622,0.3390136918548266,47.96747967479675,123,0.08619826880489416,0.03795737798927352,47.06896551724138,580
1,0.016666666666666666,00:01,0.10190244098966687,0.029396201996452175,43.98249452954048,457,0.14615504277193941,0.10673108484506874,57.72357723577236,123,0.10969078621301936,0.008193571252930697,46.89655172413793,580
2,0.03333333333333333,00:02,0.10548120977688039,0.024130228518595337,44.201312910284464,457,0.1119487971128258,0.2176599176750184,51.21951219512195,123,0.10662913290412265,0.01017691429982173,45.689655172413794,580
3,0.05,00:03,0.12486390506110912,0.007530155067228503,45.076586433260395,457,0.14445974627794264,0.11090213510267188,54.47154471544715,123,0.12846057898665084,0.0019357355631077313,47.06896551724138,580
4,0.06666666666666667,00:04,0.1094202626533132,0.01929607485907912,47.04595185995623,457,0.15314953769104367,0.09080626272228524,58.536585365853654,123,0.11767617001809466,0.004543002965120381,49.48275862068965,580
5,0.08333333333333333,00:05,0.07740026978292178,0.09841695303366077,49.89059080962801,457,0.12517788713072042,0.16772596763902495,59.34959349593496,123,0.08631736331901242,0.03769160787042564,51.89655172413793,580
6,0.1,00:06,0.08227398586891724,0.07892125455539553,49.23413566739606,457,0.12907808783690086,0.15476852344949646,55.28455284552846,123,0.09129188230969872,0.02791712280590346,50.51724137931034,580
7,0.11666666666666667,00:07,0.06939642514277419,0.13854011685237158,49.01531728665208,457,0.07938645371297318,0.3827572114305146,59.34959349593496,123,0.07115288630300008,0.08688522051118705,51.206896551724135,580
8,0.13333333333333333,00:08,0.07351942495583122,0.11653472534371233,49.45295404814004,457,0.08314520877214193,0.36056235360998623,56.91056910569105,123,0.07516719487440701,0.07046340107529789,51.03448275862069,580
9,0.15,00:09,0.038792502342576654,0.40805045670819745,49.01531728665208,457,0.10826790450732024,0.23326263647058534,56.91056910569105,123,0.05110548416399548,0.2190976745800115,50.689655172413794,580
10,0.16666666666666666,00:10,0.03767361033974408,0.42171502763923835,49.45295404814004,457,0.13267949371466947,0.14348425839728657,58.536585365853654,123,0.054286905795665585,0.1917076083609345,51.37931034482759,580
11,0.18333333333333332,00:11,0.05891580962436018,0.20871052991652894,47.70240700218819,457,0.10907690027502323,0.22976803699730436,58.536585365853654,123,0.06693569366960674,0.1073206610537622,50.0,580
12,0.2,00:12,0.03704838630104694,0.429465706034224,47.921225382932164,457,0.11947960844595418,0.18807885205128225,58.536585365853654,123,0.050256510536719416,0.22685894654025057,50.172413793103445,580
13,0.21666666666666667,00:13,0.029045194428941257,0.5356887564707276,47.4835886214442,457,0.06812127026975176,0.45406354762573864,56.09756097560976,123,0.03578983966115897,0.3895963210101468,49.310344827586206,580
14,0.23333333333333334,00:14,0.031132908396538546,0.5067646899212501,46.389496717724285,457,0.08107863014135727,0.37266468921363904,59.34959349593496,123,0.04018136557850685,0.3340452032075991,49.137931034482754,580
15,0.25,00:15,0.005094704330339893,0.9135080469062201,46.608315098468275,457,0.07053704454561763,0.43817868128239984,53.65853658536586,123,0.01795747692076536,0.666050234171563,48.10344827586207,580
16,0.26666666666666666,00:16,0.023604332524688403,0.6147595680952607,47.04595185995623,457,0.08308258788502021,0.36092545758953265,53.65853658536586,123,0.034717421459153255,0.40396882497344794,48.44827586206897,580
17,0.2833333333333333,00:17,0.035974938261868164,0.44296349977249866,47.921225382932164,457,0.05790341146506318,0.5246740758795869,54.47154471544715,123,0.039998740060952324,0.33624859059471135,49.310344827586206,580
18,0.3,00:18,0.06524181784489501,0.16380890841336274,46.82713347921225,457,0.08481794391624493,0.35094700299333653,53.65853658536586,123,0.06882937566017747,0.09771793343385657,48.275862068965516,580
19,0.31666666666666665,00:19,0.06584712843865503,0.15992577245457035,48.14004376367615,457,0.11247112181639983,0.21550738033722308,56.09756097560976,123,0.07450423195165227,0.07298553803101716,49.82758620689655,580
20,0.3333333333333333,00:20,0.07142308165652388,0.1273546141086288,49.01531728665208,457,0.10769241039622689,0.2357711314724618,55.28455284552846,123,0.07822964415110768,0.05972189675330278,50.3448275862069,580
21,0.35,00:21,0.0763533944023059,0.10306782977719604,47.921225382932164,457,0.08857930490697233,0.3299184638212272,59.34959349593496,123,0.07851325421440473,0.05879966799765154,50.3448275862069,580
22,0.36666666666666664,00:22,0.08756273135346193,0.06143596235231883,50.10940919037199,457,0.10554335236326982,0.24530492959387618,59.34959349593496,123,0.09073277713168178,0.02889405769106847,52.06896551724138,580
23,0.38333333333333336,00:23,0.08834924581288395,0.05913202802067834,48.57768052516411,457,0.09385856947862026,0.3017935009306537,56.09756097560976,123,0.08922658114081751,0.031673124872718235,50.172413793103445,580
24,0.4,00:24,0.07081869764011392,0.13061447999730322,49.671772428884026,457,0.07389972139967368,0.4166018660427354,56.09756097560976,123,0.07117613457823653,0.08678193009643784,51.03448275862069,580
25,0.4166666666666667,00:25,0.054087108424558675,0.248529474345918,48.796498905908095,457,0.0551272322604657,0.544774550149611,56.91056910569105,123,0.05413926362341434,0.19292037538280532,50.51724137931034,580
26,0.43333333333333335,00:26,0.056520775204069465,0.22784398849318277,48.796498905908095,457,0.030198187242590546,0.7402138864878463,52.84552845528455,123,0.051702093358487536,0.21375850206840719,49.6551724137931,580
27,0.45,00:27,0.050351009052154956,0.2827710623752913,47.26477024070022,457,0.032697755359722,0.719573384718027,51.21951219512195,123,0.04722227394195509,0.25618974295759506,48.10344827586207,580
28,0.4666666666666667,00:28,0.05919465650058604,0.20656064948591518,48.14004376367615,457,0.0489988895948934,0.5904397905201438,53.65853658536586,123,0.05733071292005564,0.1679372895220983,49.310344827586206,580
29,0.48333333333333334,00:29,0.05719467328884452,0.22233864050509802,48.796498905908095,457,0.018501415809920426,0.8390467724815753,56.09756097560976,123,0.05045358882169589,0.22504006804415583,50.3448275862069,580
30,0.5,00:30,0.056455003191029196,0.22838644728877203,47.70240700218819,457,-0.007087146663707897,0.9379881905110697,54.47154471544715,123,0.04528106540177006,0.27627809766561795,49.137931034482754,580
31,0.5166666666666667,00:31,0.05749359808749581,0.21992724182936538,48.35886214442014,457,0.008829774565745484,0.9227828233632144,53.65853658536586,123,0.04905461022734667,0.2381780322431434,49.48275862068965,580
32,0.5333333333333333,00:32,0.07173791869802973,0.12568165581728705,50.32822757111597,457,0.024795226839943996,0.7854479181628439,56.09756097560976,123,0.063347357074505,0.1275471998718778,51.55172413793103,580
33,0.55,00:33,0.07691000894011897,0.10057376964276171,50.10940919037199,457,0.039215153792481375,0.6667286096419163,55.28455284552846,123,0.07024906576663373,0.09097814922981752,51.206896551724135,580
34,0.5666666666666667,00:34,0.09325551773163815,0.04632069274830644,49.45295404814004,457,0.051004935356725636,0.5753012849382846,56.91056910569105,123,0.08581434525732654,0.038824985501269595,51.03448275862069,580
35,0.5833333333333334,00:35,0.08011967341013666,0.08711370764192672,50.10940919037199,457,0.06388597934412597,0.4826710645420547,60.97560975609756,123,0.07714712766619505,0.06335263251172447,52.41379310344828,580
36,0.6,00:36,0.07854786176363106,0.09351220124295129,50.10940919037199,457,0.09754299190051116,0.2831274335536373,59.34959349593496,123,0.08164826833522104,0.04936899311432487,52.06896551724138,580
37,0.6166666666666667,00:37,0.08631178348834773,0.06525261253339906,49.45295404814004,457,0.1291795428337685,0.15444178149036358,57.72357723577236,123,0.09334104901089608,0.024575533561128314,51.206896551724135,580
38,0.6333333333333333,00:38,0.07903433245362501,0.09149293479600282,49.01531728665208,457,0.1451659676859504,0.10914938570605366,60.16260162601627,123,0.08973257872765851,0.03071503914377332,51.37931034482759,580
39,0.65,00:39,0.05911732199656937,0.20715527805226794,48.35886214442014,457,0.11418504502098112,0.20855066630451977,57.72357723577236,123,0.06733617618243962,0.10523002879476206,50.3448275862069,580
40,0.6666666666666666,00:40,0.05502556942240609,0.24040288627524034,48.57768052516411,457,0.11860294215869088,0.19136335810282148,57.72357723577236,123,0.06449786628373137,0.12076295355814572,50.51724137931034,580
41,0.6833333333333333,00:41,0.0653761539438883,0.16294107072906017,50.10940919037199,457,0.1371688671383879,0.13030400753606017,57.72357723577236,123,0.07578151266248476,0.0681904167158082,51.724137931034484,580
42,0.7,00:42,0.0760655612373098,0.1043766359860258,49.89059080962801,457,0.11568390705708531,0.20259988980220556,59.34959349593496,123,0.08130476258854481,0.05033631873344275,51.89655172413793,580
43,0.7166666666666667,00:43,0.05805853472921088,0.2154211472004342,49.23413566739606,457,0.12816885637094785,0.1577199386993856,56.91056910569105,123,0.06761030016138922,0.10381770307870516,50.86206896551724,580
44,0.7333333333333333,00:44,0.057773388499317305,0.2176871988330054,49.45295404814004,457,0.10972805215477713,0.22698211031687093,57.72357723577236,123,0.06455022028428198,0.12046106947719377,51.206896551724135,580
45,0.75,00:45,0.06239814771016387,0.18300327191963622,49.23413566739606,457,0.10924177062246454,0.22906038559479586,57.72357723577236,123,0.06888416810678931,0.09745062938657546,51.03448275862069,580
46,0.7666666666666667,00:46,0.05261742193935075,0.26163750777163075,49.23413566739606,457,0.07712218408393244,0.3965176856312281,55.28455284552846,123,0.055915860584020344,0.1786964867038334,50.51724137931034,580
47,0.7833333333333333,00:47,0.050076657043255854,0.28540542147542636,50.984682713347915,457,0.05428364427312486,0.5509563701515114,56.09756097560976,123,0.05036504715758601,0.22585594890656072,52.06896551724138,580
48,0.8,00:48,0.060369171412675074,0.1976811417575325,49.23413566739606,457,0.06679326166854928,0.46293060190392593,56.09756097560976,123,0.06109188536271317,0.14170095986349945,50.689655172413794,580
49,0.8166666666666667,00:49,0.04373245881485204,0.35093401417293607,49.23413566739606,457,0.06302362161473266,0.48861213724071034,60.16260162601627,123,0.04672794742270714,0.2612065066079653,51.55172413793103,580
50,0.8333333333333334,00:50,0.04638569380405684,0.32245289075769057,47.70240700218819,457,0.049659937709845114,0.5854312507480007,60.16260162601627,123,0.04678695081649543,0.26060416415037063,50.3448275862069,580
51,0.85,00:51,0.055505278442653586,0.2363217155295681,47.04595185995623,457,0.06531871764897729,0.47288676091773457,57.72357723577236,123,0.05693869630142035,0.17086856482905458,49.310344827586206,580
52,0.8666666666666667,00:52,0.05419026136783184,0.24762696858634564,46.608315098468275,457,0.03609278476923864,0.6918612959886202,55.28455284552846,123,0.05097441285585347,0.2202833452289511,48.44827586206897,580
53,0.8833333333333333,00:53,0.05279662037855019,0.26001423045947325,46.608315098468275,457,0.012337154586201618,0.892268933046877,54.47154471544715,123,0.04608713169408096,0.2678102007220734,48.275862068965516,580
54,0.9,00:54,0.05501794497757883,0.2404681491069182,45.951859956236326,457,0.03428101634239289,0.7066020145342158,54.47154471544715,123,0.05133663774832176,0.21701781183821053,47.758620689655174,580
55,0.9166666666666666,00:55,0.04607425319516939,0.32571594953290717,46.389496717724285,457,0.021048797047744122,0.8172491551683057,54.47154471544715,123,0.04186388610870131,0.3141837051594313,48.10344827586207,580
56,0.9333333333333333,00:56,0.05956181693422487,0.20375438600856105,45.73304157549234,457,0.00778705323182928,0.9318781345960455,52.03252032520326,123,0.051109295906232755,0.21906326210048768,47.06896551724138,580
57,0.95,00:57,0.050902296229834915,0.2775273404453869,44.85776805251641,457,0.003550929382160971,0.9689065514766222,50.40650406504065,123,0.04346316601397421,0.2960380541868038,46.03448275862069,580
58,0.9666666666666667,00:58,0.05183034271209595,0.268849889434573,45.951859956236326,457,-0.013636111082603916,0.8810055706240688,50.40650406504065,123,0.041668255717502184,0.316452406695096,46.89655172413793,580
59,0.9833333333333333,00:59,0.0667604424983713,0.1541986370823843,46.17067833698031,457,-0.014249204545747629,0.8756974898592084,51.21951219512195,123,0.054606220425860406,0.189103831204307,47.241379310344826,580
60,1.0,01:00,0.07191868621257161,0.12472884825359568,46.17067833698031,457,-0.011717224707882917,0.8976521145357862,52.84552845528455,123,0.06000798642940621,0.14891714152564772,47.58620689655172,580
61,1.0166666666666666,01:01,0.06654782041216345,0.1555178558327455,45.73304157549234,457,-0.0013317418230866518,0.9883361958968389,47.96747967479675,123,0.056903265724615265,0.17113536605482654,46.206896551724135,580
62,1.0333333333333334,01:02,0.061277196215613346,0.19100958341415805,47.04595185995623,457,-0.02474118343012824,0.7859042923759906,47.96747967479675,123,0.04931282024770934,0.23571336999283496,47.241379310344826,580
63,1.05,01:03,0.09593441876886581,0.040368600601380006,47.26477024070022,457,-0.03588812253874915,0.6935208058077488,49.59349593495935,123,0.07967280492907217,0.05515094249894115,47.758620689655174,580
64,1.0666666666666667,01:04,0.09827729098266597,0.03570585734336007,48.14004376367615,457,-0.02284268646147869,0.801981357943012,47.15447154471545,123,0.08320338967953203,0.045182206409760096,47.93103448275862,580
65,1.0833333333333333,01:05,0.08907561525426957,0.0570682159798127,48.35886214442014,457,-0.06340491947076055,0.48598045819558666,47.15447154471545,123,0.07045546864963441,0.09003009039305292,48.10344827586207,580
66,1.1,01:06,0.09693125867244842,0.03832531388012781,47.921225382932164,457,-0.061777554635409085,0.49726500223374137,45.52845528455284,123,0.0772704313165065,0.06293010606729776,47.41379310344828,580
67,1.1166666666666667,01:07,0.10108301786955855,0.03073192872587693,48.14004376367615,457,-0.08593225646193753,0.34463156998440175,44.71544715447154,123,0.07800810332395208,0.060450588981218495,47.41379310344828,580
68,1.1333333333333333,01:08,0.08526230349289213,0.06860301299797122,47.921225382932164,457,-0.10864039349363414,0.23164900893843532,47.96747967479675,123,0.06131215135916071,0.14026782859798484,47.93103448275862,580
69,1.15,01:09,0.09116730639849036,0.05145632095683397,47.04595185995623,457,-0.0951109920042335,0.2953597740108518,47.96747967479675,123,0.06877520642254094,0.0979827712984183,47.241379310344826,580
70,1.1666666666666667,01:10,0.08414730919915794,0.07231562889494457,48.796498905908095,457,-0.07812303916825449,0.3903992702378586,47.96747967479675,123,0.06462647719125843,0.12002241076639938,48.62068965517241,580
71,1.1833333333333333,01:11,0.07130375470228288,0.1279931789399524,48.57768052516411,457,-0.0861452373674455,0.3434326896861135,45.52845528455284,123,0.05175554948062902,0.2132847232895914,47.93103448275862,580
72,1.2,01:12,0.062246871078299515,0.18406904732066842,47.26477024070022,457,-0.15169561067498447,0.09395081695211231,44.71544715447154,123,0.03764222280472178,0.36551317462210353,46.724137931034484,580
73,1.2166666666666666,01:13,0.06341505199723882,0.17595703761108752,47.04595185995623,457,-0.17835801313861704,0.048410758013830574,42.27642276422765,123,0.03457078327893746,0.40595837128277185,46.03448275862069,580
74,1.2333333333333334,01:14,0.05951633082024396,0.20410053467876044,47.70240700218819,457,-0.1772614486903408,0.049830801526408335,43.90243902439025,123,0.030474089262172224,0.46386337621115964,46.89655172413793,580
75,1.25,01:15,0.05244771302659265,0.26318124766674633,47.921225382932164,457,-0.15482719896138913,0.08728232510318377,44.71544715447154,123,0.025938706127022544,0.5329927762693291,47.241379310344826,580
76,1.2666666666666666,01:16,0.04614394675836821,0.3249838963841387,48.57768052516411,457,-0.16441334461443274,0.06918628729592535,44.71544715447154,123,0.0182375708326526,0.6611631791482574,47.758620689655174,580
77,1.2833333333333334,01:17,0.04268217121376253,0.36263446015253453,48.796498905908095,457,-0.06848455367777101,0.4516545002974042,43.08943089430895,123,0.026534833885947295,0.5236187814875964,47.58620689655172,580
78,1.3,01:18,0.03622573096254731,0.43978851196399804,49.45295404814004,457,-0.06279512032233825,0.49019285740064306,45.52845528455284,123,0.02172118202611454,0.6016366276906431,48.62068965517241,580
79,1.3166666666666667,01:19,0.035862689377973746,0.44438876929508225,48.35886214442014,457,-0.09705087022910046,0.28557490974138205,45.52845528455284,123,0.01677968184703295,0.6867533925891706,47.758620689655174,580
80,1.3333333333333333,01:20,0.03167395996799048,0.49940450427838123,48.14004376367615,457,-0.0662763049350382,0.4664079054308479,47.15447154471545,123,0.017519067150360904,0.6737279771884571,47.93103448275862,580
81,1.35,01:21,0.01746801953104831,0.7095732148233155,47.26477024070022,457,-0.05635034871238706,0.5358724069245897,47.15447154471545,123,0.006579557216545358,0.8743649266991974,47.241379310344826,580
82,1.3666666666666667,01:22,0.0274365943812237,0.5585267187794872,47.921225382932164,457,-0.08293050545013436,0.361808242427414,47.15447154471545,123,0.011346894806734592,0.7850925484227312,47.758620689655174,580
83,1.3833333333333333,01:23,0.02483154362305566,0.5964824841131782,47.26477024070022,457,-0.07803526016011267,0.39093360202657923,47.15447154471545,123,0.009564441718908488,0.8182078669318401,47.241379310344826,580
84,1.4,01:24,0.03582040600405851,0.44492633401038156,47.04595185995623,457,-0.08637723546046447,0.34212975824057806,46.34146341463415,123,0.017581742411395575,0.6726282611147496,46.89655172413793,580
85,1.4166666666666667,01:25,0.03343351591856754,0.4758650207810722,45.73304157549234,457,-0.11507480828623134,0.2050032238016106,47.96747967479675,123,0.01098893381515622,0.791713947406249,46.206896551724135,580
86,1.4333333333333333,01:26,0.0407082033999497,0.385274666693764,46.17067833698031,457,-0.10416255458706924,0.251569613917755,48.78048780487805,123,0.018309589720505788,0.6599089138318351,46.724137931034484,580
87,1.45,01:27,0.03592836736207164,0.44355451295609416,45.51422319474836,457,-0.10899926540525631,0.2301017902650979,48.78048780487805,123,0.012962852928664136,0.7554004430480754,46.206896551724135,580
88,1.4666666666666666,01:28,0.042595912881900205,0.36360609768646734,46.82713347921225,457,-0.11821211815879873,0.1928409693612112,50.40650406504065,123,0.01776066984563865,0.6694926025197482,47.58620689655172,580
89,1.4833333333333334,01:29,0.03946407285519828,0.3999766377565688,45.29540481400438,457,-0.12478449395471902,0.16907629863746726,44.71544715447154,123,0.013978152060286957,0.7369246655530713,45.17241379310345,580
90,1.5,01:30,0.03538884149574667,0.450434073913437,46.389496717724285,457,-0.1136065930070779,0.2108803667264458,43.08943089430895,123,0.011278057195871508,0.7863646872623254,45.689655172413794,580
91,1.5166666666666666,01:31,0.040458643939322546,0.3881970317890456,46.82713347921225,457,-0.12767395012782226,0.15934402686015442,43.90243902439025,123,0.013082130863111559,0.7532224167140071,46.206896551724135,580
92,1.5333333333333334,01:32,0.04192393507527954,0.3712309125485517,46.389496717724285,457,-0.11818226817332453,0.19295416432946788,46.34146341463415,123,0.014979715322852298,0.7188462013891722,46.37931034482759,580
93,1.55,01:33,0.0560328215993389,0.23189025007131825,46.389496717724285,457,-0.10916258014379927,0.22940009308608483,45.52845528455284,123,0.028966973946589883,0.48626711643391796,46.206896551724135,580
94,1.5666666666666667,01:34,0.04616516185623737,0.3247612674678076,46.608315098468275,457,-0.10492627238195083,0.24809113687913015,48.78048780487805,123,0.021097044098580722,0.6121236358251277,47.06896551724138,580
95,1.5833333333333333,01:35,0.03958778296044846,0.3984998695061791,46.389496717724285,457,-0.11448179713448046,0.20736267998835312,46.34146341463415,123,0.014183276541066665,0.7332098928885031,46.37931034482759,580
96,1.6,01:36,0.03989981224520478,0.39478963974797343,46.82713347921225,457,-0.12133161940210678,0.18127556095683572,47.96747967479675,123,0.013063667269956815,0.753559436047839,47.06896551724138,580
97,1.6166666666666667,01:37,0.04719514592367577,0.3140717819877355,47.4835886214442,457,-0.13653607649154834,0.13210350198897672,46.34146341463415,123,0.016646896624669547,0.6891026068950076,47.241379310344826,580
98,1.6333333333333333,01:38,0.05095098384395259,0.27706742777781884,47.4835886214442,457,-0.144666570942456,0.11038656605041888,43.90243902439025,123,0.01815777557816771,0.6625539847708809,46.724137931034484,580
99,1.65,01:39,0.050583165655689134,0.2805547380523039,48.14004376367615,457,-0.12891790766017336,0.15528544854867296,43.90243902439025,123,0.021295888000024896,0.6087738295092591,47.241379310344826,580
100,1.6666666666666667,01:40,0.04698789902403781,0.3162039017877758,47.70240700218819,457,-0.13159725162248107,0.14680769551809572,47.15447154471545,123,0.017872501951522894,0.6675356828117502,47.58620689655172,580
101,1.6833333333333333,01:41,0.043894093975078985,0.3491547742010149,47.04595185995623,457,-0.13056713778091736,0.15002475005493207,46.34146341463415,123,0.015201679803536532,0.7148604308400002,46.89655172413793,580
102,1.7,01:42,0.04736205359232682,0.31236153298765795,46.82713347921225,457,-0.11201871508363934,0.21737089907604853,47.15447154471545,123,0.020980223355181002,0.6140954306787134,46.89655172413793,580
103,1.7166666666666666,01:43,0.06206926019326031,0.18532619094881378,46.82713347921225,457,-0.12142434256015622,0.18093975139992022,43.90243902439025,123,0.032018925804387796,0.44150655452207366,46.206896551724135,580
104,1.7333333333333334,01:44,0.06556272014921907,0.16174155508958066,48.35886214442014,457,-0.09272514085530092,0.3076947734480491,47.15447154471545,123,0.03940584826810995,0.343465987484355,48.10344827586207,580
105,1.75,01:45,0.07102482834560625,0.12949549981723218,47.921225382932164,457,-0.1077285498004328,0.23561305260308313,48.78048780487805,123,0.04096293319920109,0.32472073956622516,48.10344827586207,580
106,1.7666666666666666,01:46,0.05857998496503787,0.21132109827641735,48.57768052516411,457,-0.11633997154319312,0.2000339921200295,47.96747967479675,123,0.028675866076634058,0.49066079578085087,48.44827586206897,580
107,1.7833333333333334,01:47,0.06198243906558706,0.1859430159300992,47.921225382932164,457,-0.11680909611202155,0.19821364973860606,45.52845528455284,123,0.03129183851973908,0.45195141484053,47.41379310344828,580
108,1.8,01:48,0.06368956280543198,0.17408994558879576,47.921225382932164,457,-0.12933936209917526,0.15392812406006676,45.52845528455284,123,0.02918989098242174,0.48291703749849035,47.41379310344828,580
109,1.8166666666666667,01:49,0.07086418714487434,0.13036689962758957,47.70240700218819,457,-0.10622638276082878,0.24224630785140816,47.15447154471545,123,0.04032005347124532,0.3323781442845909,47.58620689655172,580
110,1.8333333333333333,01:50,0.059946458312035426,0.2008442862559718,47.70240700218819,457,-0.11150156223245858,0.21951509980659936,49.59349593495935,123,0.030252042606755573,0.46712772578639544,48.10344827586207,580
111,1.85,01:51,0.05616578272835245,0.23078268915515981,47.04595185995623,457,-0.10800853235957703,0.23439087866629066,47.96747967479675,123,0.028148937995972206,0.49866752368994627,47.241379310344826,580
112,1.8666666666666667,01:52,0.057905274617550885,0.21663698806325937,47.921225382932164,457,-0.1063892611397356,0.24152086478834187,47.96747967479675,123,0.029930596045311876,0.47187580120995337,47.93103448275862,580
113,1.8833333333333333,01:53,0.060780175404081496,0.19464060294650104,47.4835886214442,457,-0.0995110027732127,0.2734804835091487,49.59349593495935,123,0.03352499223160532,0.4203158030739073,47.93103448275862,580
114,1.9,01:54,0.059317087237266905,0.20562180111786893,46.608315098468275,457,-0.10710109702991943,0.2383681500548153,49.59349593495935,123,0.0314318342470137,0.4499295638558214,47.241379310344826,580
115,1.9166666666666667,01:55,0.05871329997997179,0.21028195739971361,47.26477024070022,457,-0.10294472165045912,0.25718565803166926,47.96747967479675,123,0.03163539634029557,0.44699881574991945,47.41379310344828,580
116,1.9333333333333333,01:56,0.0658546723114214,0.15987781920255723,47.04595185995623,457,-0.1126849018078564,0.21463075967185433,51.21951219512195,123,0.036553762659036704,0.37955000907500286,47.93103448275862,580
117,1.95,01:57,0.059907560724952104,0.20113719430146013,47.04595185995623,457,-0.10332565386260364,0.25541982857416146,48.78048780487805,123,0.033382972574841074,0.4222882441987766,47.41379310344828,580
118,1.9666666666666666,01:58,0.060028738267724084,0.20022572110541673,47.4835886214442,457,-0.09289271565672633,0.3068175650437501,50.40650406504065,123,0.035712783790493884,0.3906185586900705,48.10344827586207,580
119,1.9833333333333334,01:59,0.060828547588433854,0.19428501523602834,49.45295404814004,457,-0.0878038755736539,0.3341863282543815,53.65853658536586,123,0.03753221091368397,0.36691703016776284,50.3448275862069,580
120,2.0,02:00,0.05989710530857273,0.20121597900098478,49.23413566739606,457,-0.09305409730402132,0.30597432401499897,49.59349593495935,123,0.035132779900939354,0.39836503957122626,49.310344827586206,580
121,2.0166666666666666,02:01,0.060201747996410176,0.19892959110999486,48.14004376367615,457,-0.08034219716385943,0.3770367700025321,48.78048780487805,123,0.037341556881301446,0.36935788199179526,48.275862068965516,580
122,2.033333333333333,02:02,0.06029698031971749,0.19821875653582294,48.14004376367615,457,-0.08072998177782786,0.37473067694366674,50.40650406504065,123,0.03777620674963491,0.3638079368079315,48.62068965517241,580
123,2.05,02:03,0.06374812799921413,0.17369352888979236,48.35886214442014,457,-0.07644740389814582,0.4006748128975833,52.03252032520326,123,0.041282517309908826,0.32095710428737817,49.137931034482754,580
124,2.066666666666667,02:04,0.057389907945126294,0.22076157280322992,47.4835886214442,457,-0.06895327397791778,0.4485568416418947,52.84552845528455,123,0.03708253542465382,0.3726900991604986,48.62068965517241,580
125,2.0833333333333335,02:05,0.04736789586259546,0.312301780120224,47.4835886214442,457,-0.08324278713199379,0.3599970019376184,52.84552845528455,123,0.02666098048718813,0.5216460187543656,48.62068965517241,580
126,2.1,02:06,0.04774166771133113,0.3084945644025723,47.04595185995623,457,-0.08865700024546373,0.3294927681765116,51.21951219512195,123,0.026257485380067218,0.5279695195574003,47.93103448275862,580
127,2.1166666666666667,02:07,0.038418786582673586,0.4125849838875546,46.389496717724285,457,-0.0878088389600529,0.33415889911063856,51.21951219512195,123,0.01869640686323716,0.6531885644924913,47.41379310344828,580
128,2.1333333333333333,02:08,0.03315541831647934,0.4795446229525153,46.608315098468275,457,-0.09315421930815157,0.30545193633046513,49.59349593495935,123,0.013550418188431827,0.7446905216719419,47.241379310344826,580
129,2.15,02:09,0.04113508091580022,0.3803070587297199,46.82713347921225,457,-0.09869136488500227,0.2774709381704902,51.21951219512195,123,0.019410595388875407,0.6408544158368609,47.758620689655174,580
130,2.1666666666666665,02:10,0.03501661460621788,0.4552152900570403,46.82713347921225,457,-0.09384935406090861,0.30184117959880763,48.78048780487805,123,0.015003953944214554,0.7184105799605931,47.241379310344826,580
131,2.183333333333333,02:11,0.030165964830703856,0.5200586687598691,47.26477024070022,457,-0.11388458609218849,0.2097584471241157,47.15447154471545,123,0.00813161698672571,0.8450672738577251,47.241379310344826,580
132,2.2,02:12,0.02398229597380766,0.60910431300972,48.35886214442014,457,-0.09136450671503693,0.31487795416423825,48.78048780487805,123,0.006304200284979841,0.8795819269633048,48.44827586206897,580
133,2.216666666666667,02:13,0.028112477949276973,0.5488736809403894,47.921225382932164,457,-0.10793901506319979,0.234693919395918,47.96747967479675,123,0.00714664180776195,0.8636381510115007,47.93103448275862,580
134,2.2333333333333334,02:14,0.03362890394600027,0.47328903318143717,48.57768052516411,457,-0.11838943643330324,0.19216954895736313,48.78048780487805,123,0.010064069010071543,0.8088900987348144,48.62068965517241,580
135,2.25,02:15,0.04027977618100083,0.39029984728332673,48.57768052516411,457,-0.1200889260442227,0.18582031460824916,49.59349593495935,123,0.014766122457226784,0.7226888612902457,48.79310344827586,580
136,2.2666666666666666,02:16,0.03887742422666854,0.40702418801956847,47.4835886214442,457,-0.12550094102876863,0.16662307231692458,51.21951219512195,123,0.012630193096315606,0.7614850471542159,48.275862068965516,580
137,2.283333333333333,02:17,0.039373798301752486,0.40105634171852045,47.26477024070022,457,-0.11486325509220163,0.2058427240089111,50.40650406504065,123,0.014872002904176132,0.7207831314286713,47.93103448275862,580
138,2.3,02:18,0.02977706952840427,0.5254554707232758,47.4835886214442,457,-0.10330221934451188,0.25552821955681765,51.21951219512195,123,0.008917215463204259,0.830316273140569,48.275862068965516,580
139,2.316666666666667,02:19,0.02255040203016659,0.6306490980195987,47.04595185995623,457,-0.09116363534542442,0.3159475582866182,51.21951219512195,123,0.004437711535936299,0.9150712438174555,47.93103448275862,580
140,2.3333333333333335,02:20,0.023606376715690706,0.6147289201337158,47.70240700218819,457,-0.0966076745320751,0.28779111378107475,52.03252032520326,123,0.004558170346332144,0.9127749680437639,48.62068965517241,580
141,2.35,02:21,0.026788382056769918,0.5678611252477268,48.14004376367615,457,-0.10285056416271135,0.2576234160378124,52.03252032520326,123,0.005986421071637937,0.8856091463201896,48.96551724137931,580
142,2.3666666666666667,02:22,0.030210762552283037,0.5194388338609022,47.921225382932164,457,-0.09480215479161835,0.29693778763556383,51.21951219512195,123,0.010776677451817013,0.795647292143756,48.62068965517241,580
143,2.3833333333333333,02:23,0.0339370058090305,0.4692426119463962,47.26477024070022,457,-0.09461237981390393,0.29791020567103443,52.03252032520326,123,0.013730839342352898,0.7414116192789927,48.275862068965516,580
144,2.4,02:24,0.03653037828339389,0.4359493023782848,48.57768052516411,457,-0.09270824653632667,0.30778330147331306,50.40650406504065,123,0.016120936198045242,0.6984370314793804,48.96551724137931,580
145,2.4166666666666665,02:25,0.03390543837642017,0.46965632049932565,47.70240700218819,457,-0.06278194660470166,0.4902840729316983,52.03252032520326,123,0.018663761326174522,0.6537546569048668,48.62068965517241,580
146,2.433333333333333,02:26,0.0353251353280649,0.4512503565837849,48.35886214442014,457,-0.0731852904898343,0.42113352806369875,51.21951219512195,123,0.018268897048059778,0.6606174917125448,48.96551724137931,580
147,2.45,02:27,0.04127060332377236,0.3787382138981255,48.35886214442014,457,-0.0681536116696813,0.45384879185670884,48.78048780487805,123,0.02416282271604626,0.5614108155865405,48.44827586206897,580
148,2.466666666666667,02:28,0.04214928994004264,0.36866290113509664,48.35886214442014,457,-0.07597079585450978,0.40362657860436885,50.40650406504065,123,0.023627485828466042,0.570118541382823,48.79310344827586,580
149,2.4833333333333334,02:29,0.041715760843789695,0.37361294777978044,47.70240700218819,457,-0.06872342588305262,0.4500743612303913,51.21951219512195,123,0.024290930949444813,0.5593365768784352,48.44827586206897,580
150,2.5,02:30,0.0385747727329155,0.410688697851962,48.796498905908095,457,-0.08584352612086363,0.34513181469725307,47.96747967479675,123,0.018957651680265482,0.6486656222780366,48.62068965517241,580
151,2.5166666666666666,02:31,0.04966831031626238,0.2893569498469797,48.796498905908095,457,-0.0823651758759941,0.3651014830955473,50.40650406504065,123,0.028684247926214552,0.4905339919789665,49.137931034482754,580
152,2.533333333333333,02:32,0.04835482657406453,0.30231550009287245,47.4835886214442,457,-0.08833342472664783,0.3312679669581782,49.59349593495935,123,0.02640862470825099,0.5255963355682789,47.93103448275862,580
153,2.55,02:33,0.0464427249517852,0.3218576684395822,47.70240700218819,457,-0.07453230361664555,0.4126131907342473,48.78048780487805,123,0.02676695539693605,0.5199916667057966,47.93103448275862,580
154,2.566666666666667,02:34,0.05032679103898398,0.283002943322345,47.4835886214442,457,-0.0850701632838617,0.3495112297450174,51.21951219512195,123,0.0286746919053163,0.4906785604934064,48.275862068965516,580
155,2.5833333333333335,02:35,0.05035164412132095,0.2827649834866517,47.921225382932164,457,-0.07739363766492052,0.3948526162795717,52.03252032520326,123,0.030168674115176687,0.4683566146288466,48.79310344827586,580
156,2.6,02:36,0.04717136126408215,0.314315994509878,49.23413566739606,457,-0.06417215631138518,0.4807080959946595,52.03252032520326,123,0.029294429076420707,0.48135031806387846,49.82758620689655,580
157,2.6166666666666667,02:37,0.05276208476751375,0.2603265311454219,49.23413566739606,457,-0.07411298933869945,0.4152546259469158,51.21951219512195,123,0.03199883140898177,0.44179335221185245,49.6551724137931,580
158,2.6333333333333333,02:38,0.0575113952453663,0.21978426606927576,49.45295404814004,457,-0.07559250439762255,0.40597856970259477,52.03252032520326,123,0.035965688529172805,0.3872695625399216,50.0,580
159,2.65,02:39,0.058201682506590635,0.21428996194936722,49.23413566739606,457,-0.0825604218045519,0.3639620239023809,52.03252032520326,123,0.035337524187839364,0.3956200134870778,49.82758620689655,580
160,2.6666666666666665,02:40,0.06233474165327964,0.1834494245819534,49.671772428884026,457,-0.08775040994041988,0.33448188607753065,51.21951219512195,123,0.03792069072232045,0.36197463422082193,50.0,580
161,2.683333333333333,02:41,0.06075125488236051,0.19485342715524356,48.35886214442014,457,-0.08358711240331267,0.35800643805396065,51.21951219512195,123,0.03740010496458085,0.3686072499939269,48.96551724137931,580
162,2.7,02:42,0.057512486866241316,0.21977549855692455,48.57768052516411,457,-0.07120366229605528,0.433851569446998,49.59349593495935,123,0.036360954135612994,0.3820705121429795,48.79310344827586,580
163,2.716666666666667,02:43,0.055429059071963285,0.23696687528796914,47.921225382932164,457,-0.08936666071813967,0.32562078536942335,49.59349593495935,123,0.03172529725811461,0.44570793967282313,48.275862068965516,580
164,2.7333333333333334,02:44,0.06258472370795659,0.1816950917345832,49.45295404814004,457,-0.09512377260699495,0.2952945908497149,49.59349593495935,123,0.03729738955573922,0.36992476827960385,49.48275862068965,580
165,2.75,02:45,0.05727788527323352,0.22166548984739226,48.796498905908095,457,-0.0888153099876258,0.32862647119926613,48.78048780487805,123,0.0335046928608496,0.4205973999857199,48.79310344827586,580
166,2.7666666666666666,02:46,0.047455357589889606,0.31140814702390723,49.01531728665208,457,-0.08750214175304061,0.3358564910566457,44.71544715447154,123,0.025312957799244966,0.5429228040280042,48.10344827586207,580
167,2.783333333333333,02:47,0.0415230457332499,0.3758264759382577,48.14004376367615,457,-0.09847650009419137,0.27852346634001324,44.71544715447154,123,0.019011048726135273,0.6477427388615533,47.41379310344828,580
168,2.8,02:48,0.03973476550939037,0.39674955134111767,48.35886214442014,457,-0.08881437555518926,0.32863158028486616,46.34146341463415,123,0.018709845583639716,0.652955587162126,47.93103448275862,580
169,2.816666666666667,02:49,0.0354186779206873,0.45005205934237547,49.671772428884026,457,-0.07319435742480859,0.4210758377820908,44.71544715447154,123,0.01774006064684045,0.6698534821739031,48.62068965517241,580
170,2.8333333333333335,02:50,0.030139101598559495,0.5204305388414187,49.671772428884026,457,-0.08090910014821821,0.3736684022209888,45.52845528455284,123,0.012522343753077182,0.7634608768234786,48.79310344827586,580
171,2.85,02:51,0.03548339219293039,0.4492241109075375,49.01531728665208,457,-0.07255345317254812,0.42516499457033063,44.71544715447154,123,0.017895949272589376,0.667125669737591,48.10344827586207,580
172,2.8666666666666667,02:52,0.04147236512360254,0.3764099316591997,49.01531728665208,457,-0.04274112923965975,0.6387861190386349,43.90243902439025,123,0.027093522033167436,0.514910727879942,47.93103448275862,580
173,2.8833333333333333,02:53,0.04339949356518375,0.3546172301116281,50.10940919037199,457,-0.05157908217704499,0.5710021083487907,43.08943089430895,123,0.02717965333897962,0.5135749405117279,48.62068965517241,580
174,2.9,02:54,0.04574250660610196,0.329215216283538,49.89059080962801,457,-0.042598314928916525,0.6399084379831119,45.52845528455284,123,0.030341823669317848,0.4658063096986384,48.96551724137931,580
175,2.9166666666666665,02:55,0.04650250631079844,0.3212345105990528,49.01531728665208,457,-0.03211191014455858,0.7243936284337114,45.52845528455284,123,0.032596549429518375,0.4333079942136484,48.275862068965516,580
176,2.933333333333333,02:56,0.037339649936473665,0.425844797585377,49.45295404814004,457,-0.031989379703592086,0.7254031631594644,43.90243902439025,123,0.0249777882698888,0.5482791684652277,48.275862068965516,580
177,2.95,02:57,0.03576427476610329,0.4456405226202362,49.671772428884026,457,-0.018346709105022507,0.8403746914914245,41.46341463414634,123,0.02603970128747616,0.5313987100007967,47.93103448275862,580
178,2.966666666666667,02:58,0.03851029205598833,0.4114719475071142,50.10940919037199,457,0.006035448978575553,0.9471759904003422,42.27642276422765,123,0.03232482340439883,0.43715377592501325,48.44827586206897,580
179,2.9833333333333334,02:59,0.03262403709836339,0.4866183264669461,49.45295404814004,457,0.0048915109413321944,0.9571774596958447,40.65040650406504,123,0.02747567972522308,0.5089977012893485,47.58620689655172,580
180,3.0,03:00,0.03522188631739841,0.45257508141726954,49.89059080962801,457,-0.0002045109466757844,0.9982087687680287,41.46341463414634,123,0.02877458562418691,0.48916844494752937,48.10344827586207,580
181,3.0166666666666666,03:01,0.03529874021065932,0.45158880794808187,49.45295404814004,457,0.004167975324790768,0.9635068813417523,42.27642276422765,123,0.029692220964130107,0.47541389225623965,47.93103448275862,580
182,3.033333333333333,03:02,0.030547222581594733,0.5147956459499234,50.54704595185996,457,0.004254362091709762,0.9627510508637689,43.08943089430895,123,0.02573066805494073,0.5362839488803358,48.96551724137931,580
183,3.05,03:03,0.03469648671958308,0.4593499795421515,50.54704595185996,457,0.021675994131179627,0.8119029746589661,43.90243902439025,123,0.03211071981275016,0.4401977758767807,49.137931034482754,580
184,3.066666666666667,03:04,0.03334673112963016,0.47701164035989585,49.45295404814004,457,0.012302733481697997,0.8925677036440222,43.90243902439025,123,0.029200121449919132,0.48276359094489185,48.275862068965516,580
185,3.0833333333333335,03:05,0.044800855499006684,0.3392794952802267,49.671772428884026,457,-0.016208585685834512,0.8587715527176597,43.90243902439025,123,0.03329249490060598,0.42354766046863407,48.44827586206897,580
186,3.1,03:06,0.03431445565815975,0.4643115159978837,49.45295404814004,457,-0.02585718210998031,0.77649510393593,43.90243902439025,123,0.02327901914107712,0.5758209518794251,48.275862068965516,580
187,3.1166666666666667,03:07,0.0353666952840755,0.4507177441605249,49.23413566739606,457,-0.02580660170085046,0.7769208679939725,43.90243902439025,123,0.023946669586923562,0.5649190054980996,48.10344827586207,580
188,3.1333333333333333,03:08,0.03503205910741193,0.455016342375868,48.57768052516411,457,-0.032974588988018805,0.7172994525470822,45.52845528455284,123,0.022610890715741606,0.5868288953417135,47.93103448275862,580
189,3.15,03:09,0.03472865137779813,0.4589336039919486,49.89059080962801,457,-0.04507984088252398,0.6205248480998738,43.08943089430895,123,0.020192745026070876,0.6274592517103403,48.44827586206897,580
190,3.1666666666666665,03:10,0.040548168455012704,0.3871471465638685,50.10940919037199,457,-0.05272758682246727,0.5624477968893559,39.83739837398374,123,0.023628322254813157,0.5701048862248121,47.93103448275862,580
191,3.183333333333333,03:11,0.036548294009273605,0.4357241270491872,49.89059080962801,457,-0.060046484055422525,0.5094182640344751,43.90243902439025,123,0.019472325122584924,0.6397929005723945,48.62068965517241,580
192,3.2,03:12,0.032891144072151504,0.48305561239347106,50.54704595185996,457,-0.05619952699923075,0.536966201847439,43.90243902439025,123,0.016570626526004092,0.6904533198838892,49.137931034482754,580
193,3.216666666666667,03:13,0.027699420132111366,0.5547632588794248,49.89059080962801,457,-0.05735201835216015,0.5286362942645506,43.90243902439025,123,0.011649824540907003,0.7795011637206576,48.62068965517241,580
194,3.2333333333333334,03:14,0.03142177096465827,0.5028280965452169,50.10940919037199,457,-0.05923349607004781,0.5151785230411684,42.27642276422765,123,0.01465698137080908,0.7246550763900704,48.44827586206897,580
195,3.25,03:15,0.03264940287961937,0.48627938661191783,49.01531728665208,457,-0.05031015698552735,0.5805238538082501,43.08943089430895,123,0.01745342719801248,0.6748804585689586,47.758620689655174,580
196,3.2666666666666666,03:16,0.03548208881112893,0.44924077775187643,48.57768052516411,457,-0.04525973527460776,0.6191295194896959,43.08943089430895,123,0.020566162839159508,0.6211066430595444,47.41379310344828,580
197,3.283333333333333,03:17,0.034789825165132265,0.45814228365912857,48.14004376367615,457,-0.050958373924604006,0.575650595321026,44.71544715447154,123,0.019517098835952398,0.6390234237644664,47.41379310344828,580
198,3.3,03:18,0.037832606227314304,0.4197571311060949,48.796498905908095,457,-0.0597217732191896,0.511714934182369,43.08943089430895,123,0.02058042726468426,0.6208645294820628,47.58620689655172,580
199,3.316666666666667,03:19,0.037661914646182175,0.4218592604212915,49.45295404814004,457,-0.06633066017782428,0.46604161328872834,42.27642276422765,123,0.01976251419504941,0.6348126374490748,47.93103448275862,580
200,3.3333333333333335,03:20,0.041569090684533586,0.3752968706153841,49.01531728665208,457,-0.0607784522066421,0.5042606934831468,40.65040650406504,123,0.024090207449168937,0.5625881966282418,47.241379310344826,580
201,3.35,03:21,0.046917756160326035,0.3169276590793956,50.10940919037199,457,-0.07598531291688934,0.403536480985387,42.27642276422765,123,0.026122378006676474,0.530095571573251,48.44827586206897,580
202,3.3666666666666667,03:22,0.049787976935853545,0.2881951626741121,48.796498905908095,457,-0.0941061394729657,0.3005144778976223,39.83739837398374,123,0.025748421803476612,0.5360026860607873,46.89655172413793,580
203,3.3833333333333333,03:23,0.044754619954690496,0.339778670907253,49.45295404814004,457,-0.10367892740215306,0.2537896663721821,42.27642276422765,123,0.020520954062209072,0.6218742530095668,47.93103448275862,580
204,3.4,03:24,0.04426407610891431,0.3451036387372314,49.45295404814004,457,-0.09482076789282068,0.29684252602907113,40.65040650406504,123,0.02144707383169061,0.6062323512598019,47.58620689655172,580
205,3.4166666666666665,03:25,0.04599882195836695,0.3265094739377739,49.89059080962801,457,-0.09623349735014722,0.2896710866109116,42.27642276422765,123,0.022718659575302422,0.5850467551307311,48.275862068965516,580
206,3.433333333333333,03:26,0.05325084951274683,0.2559307482800349,49.89059080962801,457,-0.09963081166690302,0.2729004491908634,45.52845528455284,123,0.028505393041526644,0.49324358556904396,48.96551724137931,580
207,3.45,03:27,0.0524240033298858,0.26339741832651936,49.23413566739606,457,-0.08718278499959414,0.33762996996417743,44.71544715447154,123,0.029454821234373676,0.4789518845167675,48.275862068965516,580
208,3.466666666666667,03:28,0.052235704947911944,0.2651185450313997,50.54704595185996,457,-0.08790934041771967,0.33360380669381423,43.90243902439025,123,0.029265053239744643,0.4817902967434697,49.137931034482754,580
209,3.4833333333333334,03:29,0.05568428176255919,0.23481141063718972,50.54704595185996,457,-0.11626663020699698,0.20031966437394125,43.08943089430895,123,0.02769292867772781,0.5056521541701885,48.96551724137931,580
210,3.5,03:30,0.05021535605018415,0.2840715579345507,50.54704595185996,457,-0.1076220106770466,0.23607928255429264,44.71544715447154,123,0.024454364706600003,0.556695769230689,49.310344827586206,580
211,3.5166666666666666,03:31,0.047825700148014204,0.30764284558159033,51.203501094091905,457,-0.09968859636265176,0.2726209917155738,43.90243902439025,123,0.023251954950679478,0.5762649599918114,49.6551724137931,580
212,3.533333333333333,03:32,0.04998746526337297,0.286265401854541,50.54704595185996,457,-0.10025211122013605,0.26990586709571934,43.90243902439025,123,0.02502259832937151,0.5475615510188492,49.137931034482754,580
213,3.55,03:33,0.04932175683608717,0.2927391924982531,49.89059080962801,457,-0.12313424840628714,0.17482862035063987,44.71544715447154,123,0.021148810295340423,0.611250778233319,48.79310344827586,580
214,3.566666666666667,03:34,0.05261938228029647,0.2616197122492429,49.671772428884026,457,-0.14131003217961152,0.11898779886800735,43.90243902439025,123,0.02123526363157305,0.6097942700816773,48.44827586206897,580
215,3.5833333333333335,03:35,0.05236156018821174,0.2639673212943066,49.89059080962801,457,-0.13959900397888725,0.12356750732950635,45.52845528455284,123,0.021198496124322654,0.6104135165822467,48.96551724137931,580
216,3.6,03:36,0.04924834798779564,0.29345901950068165,49.671772428884026,457,-0.14788650934730532,0.10259880802480388,44.71544715447154,123,0.017229218045653062,0.6788227624829724,48.62068965517241,580
217,3.6166666666666667,03:37,0.05173162402528671,0.26976400669638934,49.23413566739606,457,-0.15804464956069106,0.08082948679485429,44.71544715447154,123,0.017971980891560345,0.6657968203419822,48.275862068965516,580
218,3.6333333333333333,03:38,0.05832980989358706,0.2132810975328992,48.35886214442014,457,-0.1657365359904203,0.06694680462064376,43.08943089430895,123,0.023128556473954516,0.578291442827132,47.241379310344826,580
219,3.65,03:39,0.05898305414877984,0.20819060873017142,49.23413566739606,457,-0.1466063751946275,0.10564159905916766,43.90243902439025,123,0.02684898098146738,0.5187130378000863,48.10344827586207,580
220,3.6666666666666665,03:40,0.05795510212199108,0.2162411584326605,49.89059080962801,457,-0.12806045509947284,0.15807460561595385,45.52845528455284,123,0.028773306848437114,0.48918776069610825,48.96551724137931,580
221,3.683333333333333,03:41,0.05416732335631659,0.24782745987043922,49.01531728665208,457,-0.13644826501846125,0.13235471032254542,43.08943089430895,123,0.02414486985804613,0.5617017918671182,47.758620689655174,580
222,3.7,03:42,0.06242045633687761,0.1828464894594001,49.23413566739606,457,-0.14486403077529708,0.10989608790053883,41.46341463414634,123,0.029706233561267982,0.47520550899730635,47.58620689655172,580
223,3.716666666666667,03:43,0.059499670418583755,0.2042274267436061,49.45295404814004,457,-0.13972247658534087,0.12323253942359444,40.65040650406504,123,0.028133030283727937,0.49891031571674954,47.58620689655172,580
224,3.7333333333333334,03:44,0.06645474708238025,0.15609801121915243,49.671772428884026,457,-0.1613856392285274,0.07453957697455203,43.08943089430895,123,0.030877670987805413,0.4579628199631822,48.275862068965516,580
225,3.75,03:45,0.06030540682618765,0.19815594855586569,48.35886214442014,457,-0.16271832904561756,0.07214345074676229,43.90243902439025,123,0.02538598283740369,0.5417592454674983,47.41379310344828,580
226,3.7666666666666666,03:46,0.057005362797887274,0.22387551620874022,48.796498905908095,457,-0.14818717480777122,0.10189422950303043,42.27642276422765,123,0.02480352137452713,0.5510743893850009,47.41379310344828,580
227,3.783333333333333,03:47,0.06074427340544679,0.1949048288655082,48.35886214442014,457,-0.1450349816403319,0.10947283145369295,43.08943089430895,123,0.029309324140638998,0.48112730955170274,47.241379310344826,580
228,3.8,03:48,0.05640765292378728,0.22877753873358161,47.70240700218819,457,-0.16586353902685677,0.06673498978171555,43.08943089430895,123,0.022018047839909384,0.5966771081655279,46.724137931034484,580
229,3.816666666666667,03:49,0.0541987194099879,0.2475530690464207,47.4835886214442,457,-0.1637146526805799,0.07039310562035699,45.52845528455284,123,0.020141002587628028,0.6283416884294668,47.06896551724138,580
230,3.8333333333333335,03:50,0.05223217960556498,0.2651508416242014,47.4835886214442,457,-0.13909928317599812,0.12493036912052895,46.34146341463415,123,0.021672956264642815,0.6024440483146043,47.241379310344826,580
231,3.85,03:51,0.05013635038392759,0.28483083624305877,49.23413566739606,457,-0.13579311417093043,0.13424049294372048,46.34146341463415,123,0.020257320418392698,0.6263587017130094,48.62068965517241,580
232,3.8666666666666667,03:52,0.04936977850706456,0.292268945006104,47.70240700218819,457,-0.13904030840450793,0.12509196840146872,43.90243902439025,123,0.019454369377645594,0.6401015949729805,46.89655172413793,580
233,3.8833333333333333,03:53,0.03946016943571119,0.4000232874697719,47.4835886214442,457,-0.12530996553148188,0.1672744038492318,46.34146341463415,123,0.013454716896963446,0.746431638250393,47.241379310344826,580
234,3.9,03:54,0.03371410112720839,0.4721681955396124,47.921225382932164,457,-0.12946432789252,0.15352737949570788,46.34146341463415,123,0.007561990928044052,0.8557973107500876,47.58620689655172,580
235,3.9166666666666665,03:55,0.031580505578072175,0.5006717537951062,47.26477024070022,457,-0.12100873038034135,0.1824485127196703,45.52845528455284,123,0.006522114495584409,0.8754528130161989,46.89655172413793,580
236,3.933333333333333,03:56,0.03573243753096688,0.44604589446186166,48.35886214442014,457,-0.08671875693958386,0.3402174186959677,50.40650406504065,123,0.015250718955721353,0.7139808854517904,48.79310344827586,580
237,3.95,03:57,0.027608514414723187,0.5560635590194818,48.57768052516411,457,-0.07858699660191906,0.38758233840110984,50.40650406504065,123,0.009828083929859545,0.8132878065435428,48.96551724137931,580
238,3.966666666666667,03:58,0.01759952490505102,0.7074867821649496,48.57768052516411,457,-0.08866269309462359,0.3294615906677347,48.78048780487805,123,-0.00024848612777081044,0.995235517772763,48.62068965517241,580
239,3.9833333333333334,03:59,0.016640605823878087,0.7227500345725404,48.35886214442014,457,-0.08361810039234084,0.3578276308215609,47.96747967479675,123,-0.00022351059567003034,0.995714394701378,48.275862068965516,580
240,4.0,04:00,0.0106185195039788,0.8209037602959467,48.796498905908095,457,-0.0637740245629349,0.4834401627314129,47.96747967479675,123,-0.0022491667917545408,0.956895071441158,48.62068965517241,580
241,4.016666666666667,04:01,0.0002078595382581129,0.9964642978045892,48.57768052516411,457,-0.06808456158653006,0.4543073719016026,48.78048780487805,123,-0.011670130271181588,0.7791267698214444,48.62068965517241,580
242,4.033333333333333,04:02,0.001557442956121164,0.9735125739747216,49.01531728665208,457,-0.062467941519295855,0.49246092668196995,49.59349593495935,123,-0.009495448616863258,0.819496596486676,49.137931034482754,580
243,4.05,04:03,0.0013858803149107736,0.9764294406274563,48.57768052516411,457,-0.04768815538000917,0.6004279377075474,47.15447154471545,123,-0.0071750685867562405,0.8631010821812917,48.275862068965516,580
244,4.066666666666666,04:04,0.006084344471834379,0.8967931695156424,48.57768052516411,457,-0.06191580197486028,0.4963010347116907,49.59349593495935,123,-0.005760463140954394,0.889898860089171,48.79310344827586,580
245,4.083333333333333,04:05,0.005861356594841476,0.9005556881855353,48.14004376367615,457,-0.05158182875936816,0.5709815784585575,48.78048780487805,123,-0.00438465845390346,0.9160828067092878,48.275862068965516,580
246,4.1,04:06,0.004232023791168663,0.9281100311264138,48.35886214442014,457,-0.05121554397414842,0.5737225067001235,49.59349593495935,123,-0.00558566636688846,0.8932195149839907,48.62068965517241,580
247,4.116666666666666,04:07,0.00419884561651257,0.9286721285802123,48.14004376367615,457,-0.058748420460509154,0.51863126781002,50.40650406504065,123,-0.006930050518735464,0.8677322694284638,48.62068965517241,580
248,4.133333333333334,04:08,0.0031340622373311755,0.9467287631138176,49.671772428884026,457,-0.06835245744434662,0.45252964528840595,49.59349593495935,123,-0.009289803681828426,0.8233407329358766,49.6551724137931,580
249,4.15,04:09,0.0038518357847129,0.9345531672580373,49.45295404814004,457,-0.06308769171850896,0.48816940234079265,50.40650406504065,123,-0.007842022471896373,0.8505189093626557,49.6551724137931,580
250,4.166666666666667,04:10,-0.0023216122169338813,0.9605251838980277,49.89059080962801,457,-0.051865078799819817,0.5688662338705925,50.40650406504065,123,-0.011089342694086648,0.7898550944058961,50.0,580
251,4.183333333333334,04:11,0.006498796135322102,0.8898062491915564,49.45295404814004,457,-0.03716463095562195,0.6831942060511588,52.03252032520326,123,-0.0011463920001179503,0.9780216799125355,50.0,580
252,4.2,04:12,0.005921030226402772,0.8995485813304506,48.57768052516411,457,-0.031214214395537676,0.7318006514201729,48.78048780487805,123,-0.0004832211361629826,0.9907348527881472,48.62068965517241,580
253,4.216666666666667,04:13,0.009194499274572165,0.8445931151136874,49.01531728665208,457,-0.035885806207991436,0.6935395961737135,47.96747967479675,123,0.0015059209250495621,0.9711315302458131,48.79310344827586,580
254,4.233333333333333,04:14,0.01383068180832974,0.7680927493646319,48.35886214442014,457,-0.049369626221056936,0.5876284437073093,50.40650406504065,123,0.0028574520411790635,0.9452536998232332,48.79310344827586,580
255,4.25,04:15,0.01872005189161972,0.6897988995215961,48.14004376367615,457,-0.05935669715144115,0.5143034648089178,50.40650406504065,123,0.0050703980565110635,0.9030188391978903,48.62068965517241,580
256,4.266666666666667,04:16,0.024956323242814195,0.5946380100048045,48.57768052516411,457,-0.06668163682500672,0.4636802345185654,50.40650406504065,123,0.008885749104123639,0.830906000931525,48.96551724137931,580
257,4.283333333333333,04:17,0.02230117403965803,0.6344319594019207,49.45295404814004,457,-0.06701168790222554,0.4614656615966152,48.78048780487805,123,0.0066126247078117095,0.8737387810585883,49.310344827586206,580
258,4.3,04:18,0.030646995252220106,0.5134229151526334,48.35886214442014,457,-0.0635773705034449,0.4847927101778827,50.40650406504065,123,0.01414966434222753,0.733818180548085,48.79310344827586,580
259,4.316666666666666,04:19,0.028611354290518153,0.541801716090652,49.01531728665208,457,-0.05639599617531584,0.5355415792391316,49.59349593495935,123,0.013347977206324718,0.7483751028987518,49.137931034482754,580
260,4.333333333333333,04:20,0.0307117147448136,0.5125334832624673,49.671772428884026,457,-0.0643837897961501,0.4792592092872163,50.40650406504065,123,0.013542557976858889,0.7448334754881996,49.82758620689655,580
261,4.35,04:21,0.02912042266552433,0.5346322980142613,48.796498905908095,457,-0.060494267945438954,0.506259867856718,51.21951219512195,123,0.013039602174619105,0.7539987709161181,49.310344827586206,580
262,4.366666666666666,04:22,0.02849338419818631,0.5434699356598477,48.35886214442014,457,-0.05563661848839739,0.5410583119378425,52.03252032520326,123,0.013172868308999941,0.7515668521954892,49.137931034482754,580
263,4.383333333333334,04:23,0.026932005154216707,0.5657865157914278,48.14004376367615,457,-0.053186655187853246,0.5590457359859794,52.03252032520326,123,0.012169699026663927,0.7699320967001375,48.96551724137931,580
264,4.4,04:24,0.027575487383440005,0.556536338909846,46.389496717724285,457,-0.05615517018711064,0.537288098799723,52.84552845528455,123,0.012180062722273424,0.7697416867848532,47.758620689655174,580
265,4.416666666666667,04:25,0.018124564915890685,0.6991785596628955,47.04595185995623,457,-0.057864152178923586,0.5249556890631996,52.03252032520326,123,0.004074624045226297,0.9219968896957023,48.10344827586207,580
266,4.433333333333334,04:26,0.017474544858239523,0.7094696341981438,48.35886214442014,457,-0.06154068428989466,0.49891893231392315,52.03252032520326,123,0.0022401995484917017,0.9570667613910294,49.137931034482754,580
267,4.45,04:27,0.019611668094394165,0.6758435863792773,47.4835886214442,457,-0.0666697519156037,0.46376008864218526,52.03252032520326,123,0.0036144741752133815,0.9307823502644545,48.44827586206897,580
268,4.466666666666667,04:28,0.012177100871395164,0.7951620094153538,47.4835886214442,457,-0.06857618417706318,0.45104799875654383,52.03252032520326,123,-0.0027591208238429595,0.9471348394576452,48.44827586206897,580
269,4.483333333333333,04:29,0.014405573235928257,0.7587455447635458,47.70240700218819,457,-0.06589028404030493,0.4690137792776591,50.40650406504065,123,-0.0005380912243848762,0.9896828445324153,48.275862068965516,580
270,4.5,04:30,0.012363326740251614,0.792100499240072,48.14004376367615,457,-0.05752105488175324,0.5274200289426215,51.21951219512195,123,-0.0006598382206740479,0.9873486912876066,48.79310344827586,580
271,4.516666666666667,04:31,0.017294485257868822,0.7123297912121612,48.35886214442014,457,-0.0707860168525827,0.43655970610434375,51.21951219512195,123,0.0008493509060819478,0.983715545474858,48.96551724137931,580
272,4.533333333333333,04:32,0.014135124802172779,0.7631385036917874,48.14004376367615,457,-0.07565979097939594,0.4055596318453537,51.21951219512195,123,-0.0024684466248775065,0.9526973037156832,48.79310344827586,580
273,4.55,04:33,0.018846085199334416,0.6878197356567558,47.04595185995623,457,-0.07215392549656725,0.4277256448697317,51.21951219512195,123,0.0022068370812815784,0.9577055481422305,47.93103448275862,580
274,4.566666666666666,04:34,0.016853234922902114,0.7193558340034074,47.26477024070022,457,-0.08187054644080646,0.36799798371034936,52.03252032520326,123,-0.001050874529791683,0.9798525093514646,48.275862068965516,580
275,4.583333333333333,04:35,0.01512787921694057,0.7470512923229072,45.951859956236326,457,-0.08969244149445763,0.3238531178911126,52.84552845528455,123,-0.0038284222990303575,0.926696410844265,47.41379310344828,580
276,4.6,04:36,0.01710643770233032,0.7153211438265716,46.17067833698031,457,-0.08230545379055655,0.3654504613512219,50.40650406504065,123,-0.0005628170626859226,0.9892087889585496,47.06896551724138,580
277,4.616666666666666,04:37,0.01888017660690006,0.6872847466433512,46.82713347921225,457,-0.07998012021408941,0.3791977669711838,49.59349593495935,123,0.0013305597635002685,0.9744919818868171,47.41379310344828,580
278,4.633333333333334,04:38,0.017815817185705168,0.7040599040681021,47.04595185995623,457,-0.08080257588870157,0.37429993022578745,49.59349593495935,123,0.0002875785846689835,0.9944859686477207,47.58620689655172,580
279,4.65,04:39,0.020320652791160666,0.6648251807882497,47.70240700218819,457,-0.09170708364922756,0.3130592217654812,51.21951219512195,123,0.0001711333177061257,0.9967186731963351,48.44827586206897,580
280,4.666666666666667,04:40,0.022146876602798488,0.6367787220611254,47.26477024070022,457,-0.0870918665482786,0.3381359506733571,50.40650406504065,123,0.0024208114944543994,0.9536090961505513,47.93103448275862,580
281,4.683333333333334,04:41,0.023624175494811373,0.6144620965440867,46.17067833698031,457,-0.08969197052905488,0.32385566885759687,51.21951219512195,123,0.0030242737730045016,0.9420629943256257,47.241379310344826,580
282,4.7,04:42,0.025435021152130366,0.5875861849953434,47.4835886214442,457,-0.08710515842114845,0.33806194854716226,50.40650406504065,123,0.004990554311476849,0.9045386578694518,48.10344827586207,580
283,4.716666666666667,04:43,0.01994419249622037,0.6706669908661608,47.26477024070022,457,-0.07362607949135701,0.418334220404798,51.21951219512195,123,0.002755660821665007,0.9472010369473961,48.10344827586207,580
284,4.733333333333333,04:44,0.0222074847251656,0.6358564774688891,47.04595185995623,457,-0.08148430264562752,0.3702695843564138,47.96747967479675,123,0.002909070309596227,0.9442663302294532,47.241379310344826,580
285,4.75,04:45,0.022400559790482086,0.6329223026038028,45.951859956236326,457,-0.0872248973595322,0.3373957685245943,46.34146341463415,123,0.001977340989612445,0.962100391915396,46.03448275862069,580
286,4.766666666666667,04:46,0.0274065167907275,0.5589581937163582,46.608315098468275,457,-0.08037576999349187,0.37683677671840476,45.52845528455284,123,0.007532220598717557,0.8563588438208111,46.37931034482759,580
287,4.783333333333333,04:47,0.02262244674248522,0.6295573699755774,48.796498905908095,457,-0.0804934715244757,0.37613613941802043,46.34146341463415,123,0.0038841737199273585,0.9256319933346197,48.275862068965516,580
288,4.8,04:48,0.028210191288322792,0.5474849489929416,47.26477024070022,457,-0.09103301528392993,0.31664434925067814,46.34146341463415,123,0.006553048099611984,0.8748669436961746,47.06896551724138,580
289,4.816666666666666,04:49,0.025394190091256943,0.5881861713192716,45.951859956236326,457,-0.09821967422674845,0.27978505904329165,43.08943089430895,123,0.0031121343263566387,0.9403829043980969,45.3448275862069,580
290,4.833333333333333,04:50,0.02461680187090423,0.5996628295745459,45.51422319474836,457,-0.09167111756167848,0.3132498432719731,45.52845528455284,123,0.0033633596213536662,0.9355804012263247,45.51724137931035,580
291,4.85,04:51,0.02087479700642632,0.6562629890027294,46.608315098468275,457,-0.09060665405241666,0.3189256912276129,46.34146341463415,123,0.00047616227665506564,0.9908701914550023,46.55172413793103,580
292,4.866666666666666,04:52,0.024193943291254936,0.6059476629519658,46.17067833698031,457,-0.09386913147579518,0.30173886142729917,46.34146341463415,123,0.002851300474802674,0.9453713744388299,46.206896551724135,580
293,4.883333333333334,04:53,0.025112255945354652,0.5923366937992359,46.608315098468275,457,-0.09671468906613229,0.2872549403319677,47.15447154471545,123,0.0032877101262575627,0.9370263032207418,46.724137931034484,580
294,4.9,04:54,0.022113724556527457,0.6372834182990772,45.951859956236326,457,-0.08634760865524607,0.34229597210310075,47.15447154471545,123,0.002672660296878286,0.9487891283742834,46.206896551724135,580
295,4.916666666666667,04:55,0.031505248808885375,0.501693475716973,45.73304157549234,457,-0.08613138262549871,0.3435105986322546,47.15447154471545,123,0.010196176112258499,0.8064308289813595,46.03448275862069,580
296,4.933333333333334,04:56,0.03070758149450651,0.5125902620633078,45.73304157549234,457,-0.0614168808239199,0.4997845284524167,48.78048780487805,123,0.013679362306895645,0.7423466680915785,46.37931034482759,580
297,4.95,04:57,0.031779482935225124,0.4979756472437403,45.951859956236326,457,-0.0567905511014392,0.5326863044643803,48.78048780487805,123,0.015463784868548117,0.7101638388684451,46.55172413793103,580
298,4.966666666666667,04:58,0.032362787635775686,0.49011655852700836,47.04595185995623,457,-0.051326980024499126,0.5728879734698348,48.78048780487805,123,0.016677613659926233,0.6885588992551861,47.41379310344828,580
299,4.983333333333333,04:59,0.028997134625810404,0.5363642266396916,47.04595185995623,457,-0.05305316239580404,0.5600340053663433,47.96747967479675,123,0.013957106195093816,0.7373061516530033,47.241379310344826,580
300,5.0,05:00,0.02962669544635435,0.5275498799790834,46.389496717724285,457,-0.05674787200822151,0.5329947928269901,47.96747967479675,123,0.013605019028698085,0.7436977375009601,46.724137931034484,580
301,5.016666666666667,05:01,0.024667148400728336,0.5989165062694775,46.82713347921225,457,-0.05805322089404128,0.5236001712313882,47.96747967479675,123,0.009286431886977965,0.8234037976667532,47.06896551724138,580
302,5.033333333333333,05:02,0.019596818792999914,0.6760751128173665,47.26477024070022,457,-0.06729346119566051,0.45957964869567836,45.52845528455284,123,0.003421808773202667,0.9344633972489743,46.89655172413793,580
303,5.05,05:03,0.02383881139928316,0.6112484764922785,47.26477024070022,457,-0.057528034184438935,0.5273698412164101,46.34146341463415,123,0.009009294760191716,0.8285911147280909,47.06896551724138,580
304,5.066666666666666,05:04,0.022104974188889296,0.6374166591056711,47.26477024070022,457,-0.05996369912213673,0.510003292738813,47.15447154471545,123,0.00725108544542347,0.8616652017664111,47.241379310344826,580
305,5.083333333333333,05:05,0.021907904312482164,0.6404205057163866,47.26477024070022,457,-0.05244943545999894,0.564513910692313,45.52845528455284,123,0.008451975697293824,0.8390451201786221,46.89655172413793,580
306,5.1,05:06,0.020356001881565992,0.6642776766645935,46.82713347921225,457,-0.06052838727632118,0.5060196285225577,45.52845528455284,123,0.005758381701124721,0.889938390471331,46.55172413793103,580
307,5.116666666666666,05:07,0.02174088599880034,0.6429708977242549,46.608315098468275,457,-0.04840007073969008,0.5949935823784464,47.15447154471545,123,0.009029928568668591,0.8282046412541563,46.724137931034484,580
308,5.133333333333334,05:08,0.027429677679239397,0.5586259273212145,46.82713347921225,457,-0.05076019486232842,0.5771384679266163,46.34146341463415,123,0.013140303541260646,0.7521608871126975,46.724137931034484,580
309,5.15,05:09,0.02317481790951675,0.621213954784015,46.82713347921225,457,-0.050467947169365396,0.5793358401965635,46.34146341463415,123,0.009687511263330863,0.815910255949447,46.724137931034484,580
310,5.166666666666667,05:10,0.028790003424664395,0.5392802904042225,47.4835886214442,457,-0.043887775965530576,0.6298048675240949,46.34146341463415,123,0.015313880892195555,0.7128485982447288,47.241379310344826,580
311,5.183333333333334,05:11,0.03314798118711251,0.4796432380608382,46.17067833698031,457,-0.0483797393630666,0.5951484724435524,45.52845528455284,123,0.018060786640716052,0.6642460343493308,46.03448275862069,580
312,5.2,05:12,0.035491914325327424,0.44911514373977357,47.04595185995623,457,-0.04967018751919289,0.5853537450208759,46.34146341463415,123,0.01980194383758159,0.6341372044846632,46.89655172413793,580
313,5.216666666666667,05:13,0.034921512488174024,0.4564414191022019,46.608315098468275,457,-0.0496928943818494,0.5851820598706494,45.52845528455284,123,0.019300666155762237,0.642746592252044,46.37931034482759,580
314,5.233333333333333,05:14,0.03381422992467836,0.4708527856813547,46.389496717724285,457,-0.05538600257706049,0.5428851218383188,46.34146341463415,123,0.017362247020347134,0.6764826277753585,46.37931034482759,580
315,5.25,05:15,0.03324815340317831,0.4783158973914232,46.17067833698031,457,-0.055384431928160394,0.5428965803013442,47.15447154471545,123,0.016664411344921935,0.6887925675101317,46.37931034482759,580
316,5.266666666666667,05:16,0.02655558608231744,0.5712315073057197,45.951859956236326,457,-0.047249954902530276,0.6037838883029901,47.15447154471545,123,0.012836499408617358,0.7577097869561822,46.206896551724135,580
317,5.283333333333333,05:17,0.029273426311861667,0.5324868476631541,45.951859956236326,457,-0.05721312180169772,0.5296367483315069,48.78048780487805,123,0.013067505863426223,0.7534893656427798,46.55172413793103,580
318,5.3,05:18,0.02344555151877201,0.6171421702129997,46.17067833698031,457,-0.059506298895940994,0.5132419180463067,49.59349593495935,123,0.007926922618070709,0.8489199078571705,46.89655172413793,580
319,5.316666666666666,05:19,0.025695739000900428,0.5837617747322386,46.608315098468275,457,-0.061186127613868754,0.5013999831829937,47.15447154471545,123,0.009429747033328873,0.8207242956437417,46.724137931034484,580
320,5.333333333333333,05:20,0.021972778393210508,0.6394310079412034,46.82713347921225,457,-0.0633300342144773,0.48649671037258113,48.78048780487805,123,0.005982447995014618,0.8856845449692629,47.241379310344826,580
321,5.35,05:21,0.02914245420227594,0.5343230993214275,46.82713347921225,457,-0.05607415036570886,0.5378763059380455,47.96747967479675,123,0.013269883427574082,0.7497980081981083,47.06896551724138,580
322,5.366666666666666,05:22,0.03762400886484101,0.4223269174189678,46.82713347921225,457,-0.06593716094755407,0.46869690820178667,47.96747967479675,123,0.01836650785602536,0.658918313732987,47.06896551724138,580
323,5.383333333333334,05:23,0.03737397144011235,0.4254192948471609,46.608315098468275,457,-0.07607081874782842,0.4030060453220954,47.96747967479675,123,0.016093853327693475,0.6989189300762777,46.89655172413793,580
324,5.4,05:24,0.0404091623720835,0.3887780604644153,45.951859956236326,457,-0.07858712591475595,0.3875815549839233,47.15447154471545,123,0.018377192054588168,0.6587324329786337,46.206896551724135,580
325,5.416666666666667,05:25,0.03939613333585407,0.4007890474049588,47.04595185995623,457,-0.08342595923505865,0.3589372207341519,44.71544715447154,123,0.016587437507181398,0.6901555194538729,46.55172413793103,580
326,5.433333333333334,05:26,0.03966251108837614,0.3976094030307182,47.26477024070022,457,-0.08695374569844935,0.3389055425770256,45.52845528455284,123,0.016112985717756167,0.6985784856561249,46.89655172413793,580
327,5.45,05:27,0.03935060734133887,0.40133399220210647,45.951859956236326,457,-0.08933856154429372,0.3257735395715562,43.90243902439025,123,0.015493620168351558,0.7096299193927433,45.51724137931035,580
328,5.466666666666667,05:28,0.03772644903206865,0.4210637735075768,45.51422319474836,457,-0.07856101414883056,0.3877397674812968,44.71544715447154,123,0.016384085315210222,0.6937610285401851,45.3448275862069,580
329,5.483333333333333,05:29,0.04324769967906323,0.3563043976787194,45.51422319474836,457,-0.08674752367897648,0.34005664967535537,43.90243902439025,123,0.01926687333231355,0.6433287228428173,45.17241379310345,580
330,5.5,05:30,0.03916392620548132,0.4035731919668294,46.17067833698031,457,-0.08302118133964922,0.3612817401660638,43.08943089430895,123,0.01662726107394046,0.6894502503988998,45.51724137931035,580
331,5.516666666666667,05:31,0.034855990148934306,0.45728725860174935,45.51422319474836,457,-0.0724439981329239,0.4258656323408616,43.90243902439025,123,0.014917159291069144,0.7199708919078998,45.17241379310345,580
332,5.533333333333333,05:32,0.03633178648110644,0.4384497954741425,45.951859956236326,457,-0.07359948746253567,0.41850279047217326,47.15447154471545,123,0.015886591280531517,0.7026108384029147,46.206896551724135,580
333,5.55,05:33,0.03607445997972599,0.44170201350291965,46.608315098468275,457,-0.06793007199865515,0.45533431204574015,47.15447154471545,123,0.01670525015395077,0.6880698559301378,46.724137931034484,580
334,5.566666666666666,05:34,0.03292636285750496,0.482586914577009,45.73304157549234,457,-0.06162703064654153,0.49831569093287165,45.52845528455284,123,0.015206434983512472,0.7147751273936416,45.689655172413794,580
335,5.583333333333333,05:35,0.029871662067746454,0.5241401620642065,46.608315098468275,457,-0.05939275778175357,0.514047482049542,45.52845528455284,123,0.013115441538940124,0.7526145095304383,46.37931034482759,580
336,5.6,05:36,0.027488122585521843,0.5577879014434549,46.17067833698031,457,-0.05088471717653108,0.5762033805046469,45.52845528455284,123,0.012778205271568133,0.7587759488755044,46.03448275862069,580
337,5.616666666666666,05:37,0.03070920257177971,0.5125679928014285,46.389496717724285,457,-0.04526513748834423,0.6190876388077733,46.34146341463415,123,0.016434536636273762,0.6928658590867983,46.37931034482759,580
338,5.633333333333334,05:38,0.03364284683158423,0.47310550349456626,46.608315098468275,457,-0.05510476270598358,0.5449387651404052,47.15447154471545,123,0.016911538703236313,0.6844235850564073,46.724137931034484,580
339,5.65,05:39,0.02596328347191209,0.5798492828368338,47.26477024070022,457,-0.052039466941711854,0.5675657244532695,48.78048780487805,123,0.011306533022637143,0.7858383765993424,47.58620689655172,580
340,5.666666666666667,05:40,0.024957047763997577,0.5946273078266285,46.82713347921225,457,-0.04359580840918622,0.6320866840937995,47.96747967479675,123,0.012163816112718384,0.7700401883492882,47.06896551724138,580
341,5.683333333333334,05:41,0.025529939426270694,0.5861925134464558,46.608315098468275,457,-0.05169889002251438,0.5701069029118182,45.52845528455284,123,0.011121142745462956,0.7892666333550739,46.37931034482759,580
342,5.7,05:42,0.023311975952946075,0.6191496669675268,46.82713347921225,457,-0.045979080260094896,0.6135635823204934,46.34146341463415,123,0.010379669402273275,0.8030181377594462,46.724137931034484,580
343,5.716666666666667,05:43,0.025338403670909712,0.5890063729742527,46.82713347921225,457,-0.05154924693760382,0.571225140292417,46.34146341463415,123,0.010905296743733733,0.7932632093998554,46.724137931034484,580
344,5.733333333333333,05:44,0.016500175213704536,0.7249947199540718,47.26477024070022,457,-0.04383872133077458,0.6301880016555526,44.71544715447154,123,0.005275226349915788,0.8991215843605938,46.724137931034484,580
345,5.75,05:45,0.011621968854515132,0.8043067481015257,46.82713347921225,457,-0.043726872161125384,0.6310619506829005,45.52845528455284,123,0.001211877588775636,0.9767665521773324,46.55172413793103,580
346,5.766666666666667,05:46,0.009813785700672872,0.8342723985449823,46.389496717724285,457,-0.04400161905467895,0.6289160915910231,46.34146341463415,123,-0.0002992171859812383,0.9942628138850179,46.37931034482759,580
347,5.783333333333333,05:47,0.010625808346839849,0.8207829048475948,46.608315098468275,457,-0.04634983969029513,0.6107033688050219,46.34146341463415,123,-0.00014735985211463548,0.9971745058736535,46.55172413793103,580
348,5.8,05:48,0.013329033141355123,0.7762766999488278,45.951859956236326,457,-0.054539204598132995,0.5490800290462875,47.15447154471545,123,0.0005188759402996838,0.9900512516478474,46.206896551724135,580
349,5.816666666666666,05:49,0.010608804081671235,0.821064857161881,45.51422319474836,457,-0.060020694047044854,0.5096004809321121,47.15447154471545,123,-0.0025857607289928447,0.9504520395353249,45.86206896551724,580
350,5.833333333333333,05:50,0.00820550635411987,0.8611297385493042,46.389496717724285,457,-0.052074977393647706,0.5673010756339951,47.15447154471545,123,-0.0029746812626241376,0.9430114278579336,46.55172413793103,580
351,5.85,05:51,0.009847215157624992,0.833716071901239,47.4835886214442,457,-0.05394835594235879,0.5534227937596081,49.59349593495935,123,-0.00188015390673359,0.9639618758426645,47.93103448275862,580
352,5.866666666666666,05:52,0.01426108862951768,0.7610914874281237,46.17067833698031,457,-0.059115251778661934,0.5160190922761344,49.59349593495935,123,0.0007990301276129333,0.9846802148654936,46.89655172413793,580
353,5.883333333333334,05:53,0.011492707459988483,0.8064399688072894,47.26477024070022,457,-0.066020032269858,0.4681370141630064,47.96747967479675,123,-0.002804129463823,0.9462737580177155,47.41379310344828,580
354,5.9,05:54,0.010914504394466572,0.8159995083697464,47.26477024070022,457,-0.06666807982204173,0.46377132396378146,47.96747967479675,123,-0.0034180345240566977,0.9345355219145643,47.41379310344828,580
355,5.916666666666667,05:55,0.009961965438164948,0.8318070524421005,47.04595185995623,457,-0.06685858019119925,0.46249225569211744,48.78048780487805,123,-0.004420947367380891,0.9153908714014906,47.41379310344828,580
356,5.933333333333334,05:56,0.010822135137082623,0.8175292377455288,47.26477024070022,457,-0.0621125488079461,0.4949308624000203,48.78048780487805,123,-0.0028017147588643605,0.9463199532927554,47.58620689655172,580
357,5.95,05:57,0.006700167996012044,0.8864145191668618,45.951859956236326,457,-0.06473306222243366,0.4768731749640781,48.78048780487805,123,-0.006778162494311322,0.8706054527915849,46.55172413793103,580
358,5.966666666666667,05:58,0.007159320172954953,0.8786888122246043,46.389496717724285,457,-0.060549755688031684,0.5058692004982864,47.96747967479675,123,-0.005645429497738795,0.8920839678644631,46.724137931034484,580
359,5.983333333333333,05:59,0.00922152478281639,0.8441421527507305,46.389496717724285,457,-0.06102683149696313,0.502516773045977,47.15447154471545,123,-0.004074488054902785,0.9219994847568792,46.55172413793103,580
360,6.0,06:00,0.007525683010467684,0.8725325926385185,46.17067833698031,457,-0.06424929390126748,0.4801797233113401,47.15447154471545,123,-0.006076503418098515,0.8838998964706521,46.37931034482759,580
361,6.016666666666667,06:01,0.00568737240290795,0.9034929098693454,45.73304157549234,457,-0.05010149710556817,0.5820965971191019,48.78048780487805,123,-0.00478667950002706,0.9084209667822633,46.37931034482759,580
362,6.033333333333333,06:02,0.005526844821467272,0.9062041244697128,45.73304157549234,457,-0.05530357649445724,0.5434866111799128,48.78048780487805,123,-0.0059825616063123,0.8856823889083181,46.37931034482759,580
363,6.05,06:03,0.005257293119402158,0.9107591267964174,45.951859956236326,457,-0.06288273997924411,0.4895864035888308,48.78048780487805,123,-0.007628434713225208,0.8545442996689044,46.55172413793103,580
364,6.066666666666666,06:04,0.009503072067730097,0.8394471560609144,46.82713347921225,457,-0.05927786938672679,0.5148632654812881,47.96747967479675,123,-0.00332225298131697,0.9363660536222624,47.06896551724138,580
365,6.083333333333333,06:05,0.008111479090308366,0.8627052196361052,45.51422319474836,457,-0.057057264140578344,0.5307605017090316,48.78048780487805,123,-0.004096483398714053,0.921579765216768,46.206896551724135,580
366,6.1,06:06,0.005044244983399251,0.9143613841506282,46.389496717724285,457,-0.05755161804631735,0.5272002689516424,48.78048780487805,123,-0.006558969238948085,0.8747548076227651,46.89655172413793,580
367,6.116666666666666,06:07,0.007190063100481644,0.8781719335378416,47.04595185995623,457,-0.058844902051272116,0.5179435769996165,47.96747967479675,123,-0.005161184929610187,0.9012911499024272,47.241379310344826,580
368,6.133333333333334,06:08,0.011427304378986276,0.8075198740808385,47.70240700218819,457,-0.057436127369524574,0.5280309300244481,46.34146341463415,123,-0.0015201078219310264,0.9708596878310388,47.41379310344828,580
369,6.15,06:09,0.015742231539475213,0.7371501825803611,46.82713347921225,457,-0.05935467463534025,0.5143178239353398,47.96747967479675,123,0.0015000172866111612,0.9712446538803868,47.06896551724138,580
370,6.166666666666667,06:10,0.016601807150653423,0.7233699675536276,46.17067833698031,457,-0.06128092681249091,0.5007359835919037,47.15447154471545,123,0.0019729218362036435,0.9621850302816018,46.37931034482759,580
371,6.183333333333334,06:11,0.015873231007684493,0.7350444999134466,45.951859956236326,457,-0.062059076933075906,0.4953030503218655,46.34146341463415,123,0.0010635216609199,0.9796100893985579,46.03448275862069,580
372,6.2,06:12,0.015539089277692472,0.7404193748213861,45.951859956236326,457,-0.06721784850646902,0.4600853335536446,45.52845528455284,123,-7.878358049170919e-05,0.998489392652462,45.86206896551724,580
373,6.216666666666667,06:13,0.015045994928017961,0.7483741559967305,45.951859956236326,457,-0.06720996973571147,0.4601380431208917,46.34146341463415,123,-0.00040469789763376493,0.9922403835133754,46.03448275862069,580
374,6.233333333333333,06:14,0.007147033965190678,0.8788953938018861,45.951859956236326,457,-0.06678468876397488,0.46298815080457145,46.34146341463415,123,-0.007020729360580763,0.8660177748149027,46.03448275862069,580
375,6.25,06:15,0.009287335632787143,0.8430442102637181,45.73304157549234,457,-0.06826137283607348,0.4531336365942528,47.15447154471545,123,-0.005460952612819682,0.8955898763511501,46.03448275862069,580
376,6.266666666666667,06:16,0.008157586813650121,0.8619325897009097,46.82713347921225,457,-0.05639897092343612,0.5355200234297889,47.15447154471545,123,-0.004178669641886672,0.9200116646184774,46.89655172413793,580
377,6.283333333333333,06:17,0.0052711032894429966,0.9105256841601976,46.389496717724285,457,-0.05550568535550171,0.5420123419493337,47.96747967479675,123,-0.006234026427652813,0.8809123066292947,46.724137931034484,580
378,6.3,06:18,-0.0015334355407403688,0.9739207219052036,45.73304157549234,457,-0.048404319556679815,0.5949612160087172,45.52845528455284,123,-0.010447850991917404,0.8017510160005029,45.689655172413794,580
379,6.316666666666666,06:19,-0.0027087065591345424,0.9539501127463447,45.51422319474836,457,-0.05438296879785365,0.5502267528925927,46.34146341463415,123,-0.012493850928060626,0.763983130528707,45.689655172413794,580
380,6.333333333333333,06:20,-0.0061347192459798305,0.8959435031056112,46.389496717724285,457,-0.06011836917368339,0.5089105443316064,44.71544715447154,123,-0.016174678400733104,0.6974811295621622,46.03448275862069,580
381,6.35,06:21,-0.007164715911019984,0.8785980903232589,45.29540481400438,457,-0.06753025053775527,0.4579980316778964,46.34146341463415,123,-0.018357468188605293,0.6590755998007269,45.51724137931035,580
382,6.366666666666666,06:22,-0.004894111523493269,0.9169009264438733,46.608315098468275,457,-0.06866509449427628,0.45045993748180013,46.34146341463415,123,-0.01671599407520512,0.6878797712944581,46.55172413793103,580
383,6.383333333333334,06:23,-0.0018231440962983639,0.9689958980491229,46.82713347921225,457,-0.06767575462675086,0.4570276457818721,47.15447154471545,123,-0.013976629003923772,0.7369522709367785,46.89655172413793,580
384,6.4,06:24,-0.0008308407731401068,0.985868043106737,46.608315098468275,457,-0.0702937035052863,0.4397643277370033,45.52845528455284,123,-0.013658404192866874,0.7427274681455228,46.37931034482759,580
385,6.416666666666667,06:25,0.0010445006684330904,0.9822343914887162,46.389496717724285,457,-0.07237706968250848,0.42629437879272974,44.71544715447154,123,-0.01235393901704289,0.7665491689088253,46.03448275862069,580
386,6.433333333333334,06:26,0.00021589993433913934,0.9963275311690738,47.26477024070022,457,-0.05914974296977138,0.5157738304332451,43.90243902439025,123,-0.010745675052817878,0.7962222371830666,46.55172413793103,580
387,6.45,06:27,0.0032681962580375437,0.9444524189134335,47.4835886214442,457,-0.05868429571913521,0.519088586648625,45.52845528455284,123,-0.008229765827269,0.8432212796687293,47.06896551724138,580
388,6.466666666666667,06:28,-0.001400379406975117,0.9761829178630137,47.26477024070022,457,-0.05703953551545256,0.5308884029830029,44.71544715447154,123,-0.011745605210473872,0.7777356232812122,46.724137931034484,580
389,6.483333333333333,06:29,-0.0004083687739051371,0.9930536894616939,47.04595185995623,457,-0.05622219859276188,0.5368017112992588,46.34146341463415,123,-0.010719969832519147,0.7966990287860377,46.89655172413793,580
390,6.5,06:30,-0.0022532058872854893,0.9616874048556283,47.04595185995623,457,-0.04889228457831278,0.5912493214232032,44.71544715447154,123,-0.01085584025184673,0.7941797065191772,46.55172413793103,580
391,6.516666666666667,06:31,-0.006883600899593535,0.8833267393041763,46.608315098468275,457,-0.05002364341057557,0.582683911035644,43.90243902439025,123,-0.014826360314372419,0.7216044358200511,46.03448275862069,580
392,6.533333333333333,06:32,-0.007822470136749526,0.8675511136228569,46.608315098468275,457,-0.0484509772373235,0.5946058423188534,43.90243902439025,123,-0.015296282720276,0.7131640126867212,46.03448275862069,580
393,6.55,06:33,-0.0073471850364350555,0.8755310662750674,47.04595185995623,457,-0.03505069690005158,0.7003261568582697,43.08943089430895,123,-0.01246900438177417,0.7644386379136122,46.206896551724135,580
394,6.566666666666666,06:34,-0.008878649233606449,0.84986728705746,46.17067833698031,457,-0.03138227168118586,0.7304120823720889,43.08943089430895,123,-0.013035294508763007,0.75407742049462,45.51724137931035,580
395,6.583333333333333,06:35,-0.014562383785363618,0.7562019733498029,46.17067833698031,457,-0.024233780489183888,0.7901926238148466,44.71544715447154,123,-0.01635928685113161,0.6942011898043036,45.86206896551724,580
396,6.6,06:36,-0.011290575913311496,0.8097786501087334,45.076586433260395,457,-0.02831325355955622,0.7559029976329242,44.71544715447154,123,-0.014448952695068962,0.7284077972899203,45.0,580
397,6.616666666666666,06:37,-0.012246927602276466,0.7940137029333284,46.17067833698031,457,-0.02998269995614783,0.7420022241010784,44.71544715447154,123,-0.015524630351484001,0.7090751254070825,45.86206896551724,580
398,6.633333333333334,06:38,-0.009879072209340842,0.8331859901221097,45.29540481400438,457,-0.026640911251431296,0.7699065568334675,44.71544715447154,123,-0.01299587938308252,0.7547971818796593,45.17241379310345,580
399,6.65,06:39,-0.009905808052356715,0.8327411804288102,45.951859956236326,457,-0.02559221116236112,0.7787262483877084,44.71544715447154,123,-0.012809511221153978,0.7582033263737963,45.689655172413794,580
400,6.666666666666667,06:40,-0.011490688904060117,0.806473292775629,46.17067833698031,457,-0.0364378251328042,0.6890668351175794,45.52845528455284,123,-0.016089022132288827,0.6990049065961159,46.03448275862069,580
401,6.683333333333334,06:41,-0.014653305482703594,0.7547283660213594,46.608315098468275,457,-0.04091506405216405,0.6531971850517672,46.34146341463415,123,-0.019498452291279673,0.6393438344912811,46.55172413793103,580
402,6.7,06:42,-0.011578231104390966,0.8050283972184032,47.04595185995623,457,-0.043406299367046555,0.6335696115584529,43.90243902439025,123,-0.01744286356644968,0.6750660019550656,46.37931034482759,580
403,6.716666666666667,06:43,-0.011297685724403032,0.8096611557892043,47.70240700218819,457,-0.04441467050103351,0.6256958517380341,44.71544715447154,123,-0.017424322786911223,0.6753917064330347,47.06896551724138,580
404,6.733333333333333,06:44,-0.012376396753223749,0.7918857506019984,47.70240700218819,457,-0.03883962410936223,0.6697325465949489,43.08943089430895,123,-0.017232406331275138,0.6787666405749572,46.724137931034484,580
405,6.75,06:45,-0.011299778251518393,0.8096265762121944,46.82713347921225,457,-0.04093321321119342,0.6530533123637106,44.71544715447154,123,-0.016767666620966695,0.6869658402732762,46.37931034482759,580
406,6.766666666666667,06:46,-0.010745918679003267,0.8187919822694002,46.608315098468275,457,-0.04377602943062639,0.6306777906801245,43.08943089430895,123,-0.016791077936165355,0.6865519150005635,45.86206896551724,580
407,6.783333333333333,06:47,-0.005632040206139402,0.9044273124578681,45.951859956236326,457,-0.04112713125499665,0.6515168742245663,43.90243902439025,123,-0.012112472822806464,0.7709837500661904,45.51724137931035,580
408,6.8,06:48,-0.005086806675622928,0.9136416006199376,45.51422319474836,457,-0.036239861419003525,0.6906696217769446,44.71544715447154,123,-0.010755846128782085,0.7960336005812629,45.3448275862069,580
409,6.816666666666666,06:49,-0.006690202956406408,0.8865823132660671,45.51422319474836,457,-0.029869259247410563,0.7429442267939667,45.52845528455284,123,-0.01088361695747566,0.7936649308135283,45.51724137931035,580
410,6.833333333333333,06:50,-0.006776986667008027,0.8851211960061492,45.951859956236326,457,-0.029710350989473267,0.7442644275357021,45.52845528455284,123,-0.010927859655924618,0.7928451819665071,45.86206896551724,580
411,6.85,06:51,-0.006802755575619313,0.8846874174588761,46.82713347921225,457,-0.024177378979753215,0.7906696931643458,45.52845528455284,123,-0.009963247170305854,0.8107682395721666,46.55172413793103,580
412,6.866666666666666,06:52,-0.004866219519140295,0.9173728200577584,46.608315098468275,457,-0.011989162719696985,0.8952901443373854,45.52845528455284,123,-0.006163595423148163,0.8822478985034699,46.37931034482759,580
413,6.883333333333334,06:53,-0.0062727435663971765,0.8936160726087821,46.17067833698031,457,-0.0066237039050516845,0.9420359681142428,47.15447154471545,123,-0.006332563748795074,0.8790442988310622,46.37931034482759,580
414,6.9,06:54,-0.002630677727919764,0.9552752507043565,46.608315098468275,457,-0.010669742904710813,0.906758410175606,46.34146341463415,123,-0.004083061521495564,0.9218358815732013,46.55172413793103,580
415,6.916666666666667,06:55,-0.005167391265611117,0.9122789853710752,46.389496717724285,457,-0.01430507136622341,0.8752140731917277,47.15447154471545,123,-0.006841133290355524,0.869414059443318,46.55172413793103,580
416,6.933333333333334,06:56,-0.009218963494570761,0.8441848896209428,46.389496717724285,457,-0.012412764014569365,0.8916127063627135,46.34146341463415,123,-0.009803118118295356,0.8137534039852508,46.37931034482759,580
417,6.95,06:57,-0.01008852395235187,0.8297027343746665,46.82713347921225,457,-0.013556659769301546,0.8816938411261982,46.34146341463415,123,-0.010727376575809362,0.7965616375206752,46.724137931034484,580
418,6.966666666666667,06:58,-0.009896984932801087,0.8328879665819479,46.82713347921225,457,-0.005907645408483087,0.9482930000670146,46.34146341463415,123,-0.009153875477614433,0.8258839782803281,46.724137931034484,580
419,6.983333333333333,06:59,-0.010656437983182682,0.8202750848254563,46.82713347921225,457,-0.0062640505388572975,0.9451782583354927,44.71544715447154,123,-0.009841573653353291,0.8130362586491143,46.37931034482759,580
420,7.0,07:00,-0.010550418502860228,0.8220331394030602,46.608315098468275,457,-0.00952121541692221,0.9167570350357362,45.52845528455284,123,-0.010354095943455934,0.8034935414969779,46.37931034482759,580
421,7.016666666666667,07:01,-0.011622419920240669,0.8042993066268064,47.70240700218819,457,-0.018893500295531374,0.8356833648934934,43.90243902439025,123,-0.012979395420751497,0.7550982592896829,46.89655172413793,580
422,7.033333333333333,07:02,-0.010607219094713391,0.8210911394334416,47.26477024070022,457,-0.02697979434160412,0.7670627217391155,44.71544715447154,123,-0.013648907707914621,0.7429000359356712,46.724137931034484,580
423,7.05,07:03,-0.011901994300511759,0.7996904431731667,47.04595185995623,457,-0.024328460237829173,0.7893919545256416,44.71544715447154,123,-0.014211292992267125,0.7327030003857654,46.55172413793103,580
424,7.066666666666666,07:04,-0.0077918258614554335,0.8680652290510223,47.4835886214442,457,-0.02056696895593024,0.821361945355725,44.71544715447154,123,-0.010142163819495387,0.8074360778831795,46.89655172413793,580
425,7.083333333333333,07:05,-0.006421825688909798,0.8911032061753119,47.26477024070022,457,-0.023414283988220347,0.797131839128419,44.71544715447154,123,-0.009520560129287228,0.8190274793715979,46.724137931034484,580
426,7.1,07:06,-0.0076565370590948156,0.8703356153523051,47.4835886214442,457,-0.0319552208733413,0.7256846836609447,44.71544715447154,123,-0.012102969122976204,0.7711584415080582,46.89655172413793,580
427,7.116666666666666,07:07,-0.005606492947046567,0.9048587772084727,47.921225382932164,457,-0.0286343910049663,0.7532227971575466,43.90243902439025,123,-0.009797858566501616,0.8138514998549643,47.06896551724138,580
428,7.133333333333334,07:08,-0.006158159412875985,0.8955481805846722,48.57768052516411,457,-0.03425849420439109,0.7067859560279138,47.15447154471545,123,-0.01126656634952522,0.7865770969189636,48.275862068965516,580
429,7.15,07:09,-0.007178968189122741,0.8783584655477465,47.70240700218819,457,-0.027283353103414565,0.7645179475173062,45.52845528455284,123,-0.010808525129133766,0.7950567864823108,47.241379310344826,580
430,7.166666666666667,07:10,-0.0060935700732032885,0.8966375533423122,47.4835886214442,457,-0.027693526277194982,0.7610834000086026,45.52845528455284,123,-0.010029433819083158,0.8095351707033928,47.06896551724138,580
431,7.183333333333334,07:11,-0.006591429016991319,0.8882457691180177,46.82713347921225,457,-0.029160299917112262,0.7488399317436055,45.52845528455284,123,-0.0106932474657037,0.7971947671064754,46.55172413793103,580
432,7.2,07:12,-0.006836859001825263,0.884113393559784,47.04595185995623,457,-0.028104004995165417,0.7576509422809997,46.34146341463415,123,-0.010684349891988004,0.7973598480099128,46.89655172413793,580
433,7.216666666666667,07:13,-0.005408635191331904,0.908201312799324,47.921225382932164,457,-0.02407845715585938,0.7915066054503538,47.15447154471545,123,-0.008786758661448112,0.8327618515010721,47.758620689655174,580
434,7.233333333333333,07:14,-0.006881479491284922,0.8833624395886553,47.921225382932164,457,-0.013876707611988167,0.8789218753889352,48.78048780487805,123,-0.008142664037847457,0.8448594571273615,48.10344827586207,580
435,7.25,07:15,-0.00616125953776165,0.8954958983688202,47.70240700218819,457,-0.005098708935116795,0.9553653847742724,49.59349593495935,123,-0.005962384446985247,0.8860653146239561,48.10344827586207,580
436,7.266666666666667,07:16,-0.00923744772174841,0.8438764777377441,47.921225382932164,457,0.006087482242892486,0.9467212462855571,50.40650406504065,123,-0.006451940735631045,0.8767821261633061,48.44827586206897,580
437,7.283333333333333,07:17,-0.008458397144576545,0.8568951562265216,49.23413566739606,457,0.001400445506494711,0.9877345135888099,49.59349593495935,123,-0.006671746875041972,0.8726194769249196,49.310344827586206,580
438,7.3,07:18,-0.009936984496191112,0.8322225589591071,48.14004376367615,457,0.00657391306722988,0.9424709384619967,48.78048780487805,123,-0.006942630009320473,0.8674943876111957,48.275862068965516,580
439,7.316666666666666,07:19,-0.009398779126283126,0.8411856587731533,48.14004376367615,457,0.006252931967497613,0.9452754149295988,48.78048780487805,123,-0.006578249073540786,0.8743896985053413,48.275862068965516,580
440,7.333333333333333,07:20,-0.004709238124646992,0.9200292616718291,48.14004376367615,457,0.009210495294948823,0.9194643439709761,49.59349593495935,123,-0.0022027585978871556,0.9577836401913604,48.44827586206897,580
441,7.35,07:21,-0.0041541929077349785,0.9294286810556442,47.4835886214442,457,0.01373561250261977,0.880143735367852,48.78048780487805,123,-0.0009324661280360504,0.9821222462002877,47.758620689655174,580
442,7.366666666666666,07:22,-0.004028742962333343,0.9315545220877721,48.14004376367615,457,0.013195861793437237,0.884820462985318,48.78048780487805,123,-0.0009173911564823098,0.9824112247676673,48.275862068965516,580
443,7.383333333333334,07:23,-0.0024720505683220907,0.9579695395688029,47.4835886214442,457,0.022712579513324303,0.8030862652276604,48.78048780487805,123,0.0020932670257809045,0.9598802596079269,47.758620689655174,580
444,7.4,07:24,-0.002825626190568139,0.9519647437407246,47.70240700218819,457,0.014064266814368336,0.8772980854211851,49.59349593495935,123,0.0002340798782513899,0.995511740739803,48.10344827586207,580
445,7.416666666666667,07:25,-0.0018045164542664256,0.9693125202686554,47.70240700218819,457,0.008560432865287106,0.925131294110525,50.40650406504065,123,7.01723591469347e-05,0.9986545052444527,48.275862068965516,580
446,7.433333333333334,07:26,-0.0004006097249315138,0.9931856668515964,47.4835886214442,457,0.0014088893548822243,0.9876605658505925,48.78048780487805,123,-6.860990836153255e-05,0.9986844638697802,47.758620689655174,580
447,7.45,07:27,-0.00010594996779571611,0.9981977808602395,47.26477024070022,457,-0.009845551262683001,0.9139321091740849,48.78048780487805,123,-0.0018434529300806433,0.9646648837154728,47.58620689655172,580
448,7.466666666666667,07:28,-0.002184926857729818,0.9628475439169879,47.4835886214442,457,-0.006256957468899361,0.9452402390939536,49.59349593495935,123,-0.00290399136063995,0.9443634781125443,47.93103448275862,580
449,7.483333333333333,07:29,-0.0024938440128661685,0.9575993479610481,47.70240700218819,457,-0.007954155079122678,0.9304199387108625,50.40650406504065,123,-0.003463315645509484,0.9336702500317101,48.275862068965516,580
450,7.5,07:30,-0.0007512206500203955,0.9872221981076437,48.35886214442014,457,-0.007850589422911013,0.9313236661456882,51.21951219512195,123,-0.0020239440359208355,0.9612078475944256,48.96551724137931,580
451,7.516666666666667,07:31,-0.002217279669396603,0.9622978225987503,47.921225382932164,457,-0.011209873698035172,0.9020611890131688,51.21951219512195,123,-0.0038261683127931052,0.926739447174839,48.62068965517241,580
452,7.533333333333333,07:32,-0.002444854840562758,0.958431509044182,48.14004376367615,457,-0.006294809666759318,0.9449094823108422,51.21951219512195,123,-0.003124399329540374,0.9401483910324343,48.79310344827586,580
453,7.55,07:33,-0.003426569909114642,0.9417652952879448,48.35886214442014,457,-0.0001392232992184772,0.9987805971424553,51.21951219512195,123,-0.002823866444712088,0.9458961802465596,48.96551724137931,580
454,7.566666666666666,07:34,-0.0021809608359497946,0.9629149336109671,47.70240700218819,457,-0.005654009744688547,0.9505100837406257,51.21951219512195,123,-0.002799319514594247,0.9463657764467986,48.44827586206897,580
455,7.583333333333333,07:35,-0.0007632603295886602,0.9870174284243396,47.921225382932164,457,-0.005280997473122989,0.9537713465483252,50.40650406504065,123,-0.0015712641072065658,0.969879484253027,48.44827586206897,580
456,7.6,07:36,-0.0011480578181411322,0.980473352723258,47.4835886214442,457,-0.0021381851323125914,0.9812741568467649,48.78048780487805,123,-0.0013195165416157381,0.9747036192457937,47.758620689655174,580
457,7.616666666666666,07:37,-0.003951236423229313,0.9328681712844114,47.04595185995623,457,-0.0018913912824952929,0.9834352065687643,49.59349593495935,123,-0.003566388013098047,0.9317009447405344,47.58620689655172,580
458,7.633333333333334,07:38,-0.003325467853532122,0.9434806181909627,47.4835886214442,457,-0.0019981715401122054,0.9825001698618041,51.21951219512195,123,-0.0030756990541845643,0.9410795964570936,48.275862068965516,580
459,7.65,07:39,-0.0020099345243273364,0.9658212166230531,46.82713347921225,457,-0.0056317600001661,0.9507045918224237,50.40650406504065,123,-0.002659615162471946,0.9490387462069185,47.58620689655172,580
460,7.666666666666667,07:40,-0.0022631625353624236,0.9615182366761001,46.82713347921225,457,-0.005744260728130064,0.949721136317012,49.59349593495935,123,-0.002887338184917515,0.9446820184539731,47.41379310344828,580
461,7.683333333333334,07:41,-0.0027524498242507446,0.9532072905372279,46.389496717724285,457,-0.005848392914791233,0.9488109040431758,49.59349593495935,123,-0.003307772505450269,0.9366428270891649,47.06896551724138,580
462,7.7,07:42,-0.0005736101727052689,0.990243069916768,46.17067833698031,457,-0.009181417653551408,0.9197177455499274,49.59349593495935,123,-0.002130921167875841,0.9591592004152042,46.89655172413793,580
463,7.716666666666667,07:43,-0.0010495965272598086,0.9821477318881737,45.951859956236326,457,-0.00566935284862854,0.9503759554595034,50.40650406504065,123,-0.0018850256446686954,0.963868559703062,46.89655172413793,580
464,7.733333333333333,07:44,-0.002683591808181729,0.9543766146248208,46.17067833698031,457,-0.0037972222738375527,0.966751099345939,49.59349593495935,123,-0.0028800525095004394,0.9448213809289023,46.89655172413793,580
465,7.75,07:45,0.00030839883896050663,0.9947541393188662,46.82713347921225,457,-0.006015203203553925,0.9473529327190802,51.21951219512195,123,-0.0008498104507888432,0.9837067359268521,47.758620689655174,580
466,7.766666666666667,07:46,-4.911132020011741e-05,0.9991646111652455,47.04595185995623,457,-0.006675198982850725,0.9415861275679318,52.03252032520326,123,-0.0012729612473804212,0.9755958455684138,48.10344827586207,580
467,7.783333333333333,07:47,0.002157964800891865,0.9633056819305019,46.17067833698031,457,-0.014258088538566749,0.8756206134317885,52.03252032520326,123,-0.0008915195708788896,0.9829071735847044,47.41379310344828,580
468,7.8,07:48,-0.0009582867382992022,0.9837005667143953,46.608315098468275,457,-0.019002749083355103,0.8347467246121328,51.21951219512195,123,-0.004292137088688048,0.9178472345489315,47.58620689655172,580
469,7.816666666666666,07:49,0.0012317258239174476,0.9790506072130795,46.389496717724285,457,-0.021387812559410566,0.8143583532006429,49.59349593495935,123,-0.002966959462353577,0.9431591109566247,47.06896551724138,580
470,7.833333333333333,07:50,-0.00030065461881275193,0.9948858665927774,45.73304157549234,457,-0.021038090950983065,0.8173404867996815,49.59349593495935,123,-0.004170525639039822,0.9201670371663239,46.55172413793103,580
471,7.85,07:51,-0.001217466924937561,0.9792930702895074,46.389496717724285,457,-0.02130632868680564,0.8150529438920171,50.40650406504065,123,-0.004968297268856867,0.9049623811357342,47.241379310344826,580
472,7.866666666666666,07:52,-0.004119780708896747,0.930011771610428,45.73304157549234,457,-0.015011457033429198,0.8691057293962253,47.96747967479675,123,-0.006150819420537228,0.8824902073248244,46.206896551724135,580
473,7.883333333333334,07:53,-0.0039425627554962005,0.933015191661341,46.389496717724285,457,-0.01638583443309223,0.8572434433667647,48.78048780487805,123,-0.006253103665534408,0.8805506005765685,46.89655172413793,580
474,7.9,07:54,-0.01074826764223591,0.818753057931953,45.73304157549234,457,-0.013037304574257955,0.8861950597357701,48.78048780487805,123,-0.011164209626769641,0.7884698703927395,46.37931034482759,580
475,7.916666666666667,07:55,-0.014828393396184202,0.7518931498511403,45.951859956236326,457,-0.015689522253790788,0.863249524735969,47.96747967479675,123,-0.01498018893728965,0.7188376886208673,46.37931034482759,580
476,7.933333333333334,07:56,-0.01316000326849718,0.7790399073244074,46.389496717724285,457,-0.030260552135100274,0.7396965758869601,47.96747967479675,123,-0.016344987704125083,0.6944550398268985,46.724137931034484,580
477,7.95,07:57,-0.012772930961320688,0.7853779947083348,46.17067833698031,457,-0.03174449678699392,0.7274221774897669,49.59349593495935,123,-0.016284410971033798,0.6955308258560287,46.89655172413793,580
478,7.966666666666667,07:58,-0.014641311314079926,0.7549227098959078,46.17067833698031,457,-0.028481365186466896,0.754499580540805,47.15447154471545,123,-0.017223132162710764,0.6789298943792467,46.37931034482759,580
479,7.983333333333333,07:59,-0.014108493663439359,0.7635714937100818,46.389496717724285,457,-0.036866021585980194,0.6856047189481084,45.52845528455284,123,-0.01831384791946357,0.6598347837608302,46.206896551724135,580
480,8.0,08:00,-0.01312478280433655,0.7796160239660013,46.17067833698031,457,-0.03498635162116087,0.7008500521958133,46.34146341463415,123,-0.017167302327780184,0.679912987908223,46.206896551724135,580
481,8.016666666666667,08:01,-0.013569622795059938,0.7723485427998967,46.17067833698031,457,-0.044880390284790336,0.6220734398790186,45.52845528455284,123,-0.019331748569233448,0.642211345536013,46.03448275862069,580
482,8.033333333333333,08:02,-0.012242798042268042,0.7940816015438824,46.608315098468275,457,-0.048533472258736395,0.5939777438304648,45.52845528455284,123,-0.018968594114335487,0.648476455720357,46.37931034482759,580
483,8.05,08:03,-0.013348693597101797,0.7759554840319541,46.82713347921225,457,-0.04785324483513223,0.5991657665281833,44.71544715447154,123,-0.019780920477858385,0.6344972985567894,46.37931034482759,580
484,8.066666666666666,08:04,-0.015116994685103143,0.7472270922921698,46.389496717724285,457,-0.05170294074942941,0.5700766473916559,45.52845528455284,123,-0.021964208577073582,0.5975751823812907,46.206896551724135,580
485,8.083333333333334,08:05,-0.014994864215135972,0.749200561878402,46.389496717724285,457,-0.053009314575923706,0.5603588004606622,45.52845528455284,123,-0.022156539404517138,0.5943697984930156,46.206896551724135,580
486,8.1,08:06,-0.012968964053046837,0.7821662637012521,46.17067833698031,457,-0.047991678053090264,0.5981083085413534,46.34146341463415,123,-0.019627369834432952,0.6371299700332548,46.206896551724135,580
487,8.116666666666667,08:07,-0.011685918065791528,0.8032519201236953,46.17067833698031,457,-0.038171758853988845,0.6750878199004275,46.34146341463415,123,-0.016711091257460894,0.6879665109583933,46.206896551724135,580
488,8.133333333333333,08:08,-0.01275627715518576,0.7856510130225732,46.17067833698031,457,-0.03832466166545899,0.6738603228852648,45.52845528455284,123,-0.01761063880998932,0.6721214725235732,46.03448275862069,580
489,8.15,08:09,-0.0136438934651638,0.7711370786271994,46.17067833698031,457,-0.03172873820794746,0.7275521682505802,46.34146341463415,123,-0.017058390953855244,0.6818323425290599,46.206896551724135,580
490,8.166666666666666,08:10,-0.012334831401767877,0.7925687502864986,46.82713347921225,457,-0.02249150791021527,0.8049645621669624,47.15447154471545,123,-0.014228669160710243,0.7323886774439844,46.89655172413793,580
491,8.183333333333334,08:11,-0.012992234998245953,0.7817852459592184,45.951859956236326,457,-0.026706573998346868,0.769355288921568,47.15447154471545,123,-0.015551464004598024,0.7085951766428698,46.206896551724135,580
492,8.2,08:12,-0.016372762273250685,0.7270333677197808,46.17067833698031,457,-0.03317202632929041,0.7156791962670253,47.15447154471545,123,-0.019489200536776156,0.6395028358575087,46.37931034482759,580
493,8.216666666666667,08:13,-0.020617886809589488,0.660227050810116,44.85776805251641,457,-0.027648151223202376,0.7614631166027895,48.78048780487805,123,-0.02190574276751288,0.5985511237894965,45.689655172413794,580
494,8.233333333333333,08:14,-0.019274268190417658,0.6811117401411925,45.51422319474836,457,-0.029565906892531274,0.745465105221323,48.78048780487805,123,-0.021156027274825934,0.6111291325745318,46.206896551724135,580
495,8.25,08:15,-0.01807006237717692,0.7000393589408715,45.51422319474836,457,-0.032580757349403196,0.720535153727555,47.96747967479675,123,-0.020737059465435987,0.6182086714362804,46.03448275862069,580
496,8.266666666666667,08:16,-0.019724545883668693,0.6740846255415109,46.17067833698031,457,-0.04124591719802469,0.6505764382958733,47.96747967479675,123,-0.02370145138678894,0.5689116112797721,46.55172413793103,580
497,8.283333333333333,08:17,-0.020193116649813752,0.6668020033065895,45.51422319474836,457,-0.041809348831867654,0.6461232143019483,48.78048780487805,123,-0.02419577703993626,0.5608768879179042,46.206896551724135,580
498,8.3,08:18,-0.019154106008884425,0.6829917159419097,45.51422319474836,457,-0.03316179215967958,0.7157631512949915,49.59349593495935,123,-0.021755107236855874,0.6010689261797173,46.37931034482759,580
499,8.316666666666666,08:19,-0.019914548450155854,0.6711278489238071,45.076586433260395,457,-0.03488102079487064,0.7017079525859656,48.78048780487805,123,-0.022677382009405923,0.5857290529878078,45.86206896551724,580
500,8.333333333333334,08:20,-0.02178130808577111,0.6423532607893064,45.51422319474836,457,-0.02673665554183643,0.7691027794398239,48.78048780487805,123,-0.02267595814140067,0.5857525953971319,46.206896551724135,580
501,8.35,08:21,-0.019666933180334738,0.6749821761683019,44.42013129102845,457,-0.039775747653750124,0.6622541213151234,48.78048780487805,123,-0.023378002760897004,0.574198425972451,45.3448275862069,580
502,8.366666666666667,08:22,-0.018504513608857052,0.6931885044279661,44.42013129102845,457,-0.0385937249793339,0.6717023769729324,47.96747967479675,123,-0.022258997203085346,0.592665444277545,45.17241379310345,580
503,8.383333333333333,08:23,-0.01859986210720312,0.6916882720051908,44.42013129102845,457,-0.035868132766665645,0.6936829714754621,47.96747967479675,123,-0.021831726234367303,0.5997876792492909,45.17241379310345,580
504,8.4,08:24,-0.01718852816552661,0.7140147567367879,44.42013129102845,457,-0.037281854894617425,0.6822487897944047,47.96747967479675,123,-0.02092120597498915,0.6150926339956514,45.17241379310345,580
505,8.416666666666666,08:25,-0.014766094237967216,0.7529015862004079,43.7636761487965,457,-0.05141344961897217,0.572240803723735,47.15447154471545,123,-0.021606296868798752,0.6035608951309739,44.48275862068966,580
506,8.433333333333334,08:26,-0.017316090600329428,0.7119863871669452,44.85776805251641,457,-0.052561879198120096,0.5636782421672949,47.15447154471545,123,-0.02392392697892077,0.5652887311197543,45.3448275862069,580
507,8.45,08:27,-0.015206945188056112,0.7457746637253979,43.7636761487965,457,-0.054647083259689574,0.5482889122491114,46.34146341463415,123,-0.022590812166946087,0.5871612050936408,44.310344827586206,580
508,8.466666666666667,08:28,-0.01537657724721432,0.7430380716350276,43.32603938730853,457,-0.05471372302546712,0.5478004945449251,46.34146341463415,123,-0.02272660075543801,0.5849155335975338,43.96551724137931,580
509,8.483333333333333,08:29,-0.0121847253284839,0.7950366030140615,43.10722100656455,457,-0.04914230613990982,0.5893515180487476,46.34146341463415,123,-0.01911792815734452,0.6458971194200155,43.79310344827586,580
510,8.5,08:30,-0.00973372251752476,0.8356051304383895,43.98249452954048,457,-0.05004217230308018,0.582544107727603,46.34146341463415,123,-0.017310029145759485,0.6774008310964615,44.48275862068966,580
511,8.516666666666667,08:31,-0.011308275465537157,0.8094861612573859,43.98249452954048,457,-0.048970207167765414,0.5906575478959899,47.15447154471545,123,-0.01844057426442543,0.6576301594091496,44.6551724137931,580
512,8.533333333333333,08:32,-0.013666546928470982,0.7707676777752267,43.7636761487965,457,-0.047750631687985934,0.5999501431395549,47.15447154471545,123,-0.02010730332479519,0.6289166945543164,44.48275862068966,580
513,8.55,08:33,-0.014293242731510454,0.7605692229984117,44.42013129102845,457,-0.04677787204381772,0.6074086094495547,47.96747967479675,123,-0.020471515947511718,0.6227141436751907,45.17241379310345,580
514,8.566666666666666,08:34,-0.011993628763264035,0.7981813262164342,43.544857768052516,457,-0.05632197911901628,0.5360780653205547,46.34146341463415,123,-0.020450390009470944,0.6230731959559743,44.13793103448276,580
515,8.583333333333334,08:35,-0.012855767068574855,0.7840203919182444,43.32603938730853,457,-0.055572689842434436,0.5415240175335455,47.96747967479675,123,-0.021097062107556762,0.6121233320705214,44.310344827586206,580
516,8.6,08:36,-0.012696134861081274,0.7866371892705798,43.544857768052516,457,-0.05212622476987605,0.5669192471502682,46.34146341463415,123,-0.020300393901145145,0.6256250668875484,44.13793103448276,580
517,8.616666666666667,08:37,-0.011671896699650575,0.8034831689318609,43.7636761487965,457,-0.05300368992715368,0.5604004705889064,47.15447154471545,123,-0.01965686275880046,0.6366239491623871,44.48275862068966,580
518,8.633333333333333,08:38,-0.01401016350574737,0.7651708604277271,43.544857768052516,457,-0.05698476414729571,0.5312836427099822,45.52845528455284,123,-0.022313208255325453,0.5917645650488802,43.96551724137931,580
519,8.65,08:39,-0.012897030175212086,0.7833443740617985,43.544857768052516,457,-0.048777840643668115,0.5921189393815322,45.52845528455284,123,-0.019727558477780797,0.6354116853955796,43.96551724137931,580
520,8.666666666666666,08:40,-0.012427035884695493,0.7910538661698364,43.10722100656455,457,-0.047153517674166465,0.6045235670571257,45.52845528455284,123,-0.01908498242089183,0.6464658031401354,43.62068965517241,580
521,8.683333333333334,08:41,-0.01241445787740756,0.791260471791542,43.10722100656455,457,-0.046381813692216806,0.6104569800068179,46.34146341463415,123,-0.01886286896435156,0.6503051169209092,43.79310344827586,580
522,8.7,08:42,-0.015052031310080202,0.7482766112859965,43.544857768052516,457,-0.04851890261856011,0.5940886519903004,47.15447154471545,123,-0.02142284115548209,0.6066393910253218,44.310344827586206,580
523,8.716666666666667,08:43,-0.01522721068686175,0.745447561256475,43.10722100656455,457,-0.050024923281260056,0.582674253719851,46.34146341463415,123,-0.02185437012930939,0.5994092571143557,43.79310344827586,580
524,8.733333333333333,08:44,-0.016084191941671336,0.7316576926533525,43.544857768052516,457,-0.05391403608955717,0.5536755560527449,46.34146341463415,123,-0.023318587612883614,0.5751720918928522,44.13793103448276,580
525,8.75,08:45,-0.014522682801106817,0.7568457020593751,43.32603938730853,457,-0.051024788549244304,0.5751523735986367,46.34146341463415,123,-0.021540078281583212,0.6046712745761769,43.96551724137931,580
526,8.766666666666667,08:46,-0.014335155467522061,0.75988861681091,43.544857768052516,457,-0.04695110168348989,0.6060774129415542,46.34146341463415,123,-0.02063245758846627,0.6199817533844773,44.13793103448276,580
527,8.783333333333333,08:47,-0.01315831021927394,0.7790675985106424,43.7636761487965,457,-0.03793547752579659,0.6769863546534493,47.15447154471545,123,-0.017969818422192477,0.6658346006606416,44.48275862068966,580
528,8.8,08:48,-0.014912899312260924,0.7505259275280379,43.98249452954048,457,-0.03393331865511885,0.7094435905807635,47.96747967479675,123,-0.0185833533332214,0.6551498249751504,44.827586206896555,580
529,8.816666666666666,08:49,-0.014477993508628464,0.7575705145226584,43.544857768052516,457,-0.03244658435389305,0.7216386454227364,47.96747967479675,123,-0.017977203567804856,0.6657055788979802,44.48275862068966,580
530,8.833333333333334,08:50,-0.010270419099688548,0.8266804561614897,44.201312910284464,457,-0.03231633110679957,0.7227104471653758,47.15447154471545,123,-0.014576622470166532,0.7261039297649011,44.827586206896555,580
531,8.85,08:51,-0.008025472643395412,0.8641467842356303,43.98249452954048,457,-0.03768984727184596,0.6789621595304518,45.52845528455284,123,-0.013844913842379345,0.7393408842265885,44.310344827586206,580
532,8.866666666666667,08:52,-0.007960839341448034,0.8652304078991964,43.98249452954048,457,-0.04046086367045479,0.656801874772546,46.34146341463415,123,-0.01432850698342202,0.730583548927192,44.48275862068966,580
533,8.883333333333333,08:53,-0.00967946705070637,0.8365085347838533,45.076586433260395,457,-0.04464171441025463,0.6239287611539941,45.52845528455284,123,-0.016503071910472497,0.6916505069546501,45.17241379310345,580
534,8.9,08:54,-0.006673015606313046,0.8868717305353557,44.85776805251641,457,-0.04653050678298038,0.609311737184747,46.34146341463415,123,-0.01445160515497559,0.7283599072852973,45.17241379310345,580
535,8.916666666666666,08:55,-0.004626146817655892,0.9214356960572061,45.51422319474836,457,-0.037548590694403916,0.6800993901502799,46.34146341463415,123,-0.011019990659860892,0.7911388704495925,45.689655172413794,580
536,8.933333333333334,08:56,-0.0029163854019814694,0.9504237993478565,45.076586433260395,457,-0.03591386803051018,0.6933119676788424,46.34146341463415,123,-0.009283838407089746,0.8234523058732576,45.3448275862069,580
537,8.95,08:57,-0.0024111015326418427,0.9590048904191308,45.076586433260395,457,-0.03400843428292613,0.7088293648089786,45.52845528455284,123,-0.008503985260287707,0.8380683127546337,45.17241379310345,580
538,8.966666666666667,08:58,-0.0021210996440222674,0.9639321124712386,44.85776805251641,457,-0.03469132748733886,0.7032539167332796,46.34146341463415,123,-0.008370893790338006,0.8405684370382488,45.17241379310345,580
539,8.983333333333333,08:59,-0.0009881600358739792,0.9831925276307765,43.98249452954048,457,-0.033226059786860995,0.7152359942933578,44.71544715447154,123,-0.007157746273810382,0.863428346178264,44.13793103448276,580
540,9.0,09:00,-0.0007304199922601173,0.9875759756135978,44.42013129102845,457,-0.029442069192186428,0.746494980687982,46.34146341463415,123,-0.0062306494743428744,0.8809763365347733,44.827586206896555,580
541,9.016666666666667,09:01,-0.0025610098183877217,0.956458502119598,44.201312910284464,457,-0.02231323386267052,0.8064800476281592,45.52845528455284,123,-0.00633741135289383,0.8789524182804311,44.48275862068966,580
542,9.033333333333333,09:02,0.0033512021741622447,0.9430439781331214,43.98249452954048,457,-0.025413367760289712,0.7802331898069543,45.52845528455284,123,-0.002202155288775062,0.957795191981643,44.310344827586206,580
543,9.05,09:03,0.001240481573675064,0.9789017224769517,44.85776805251641,457,-0.014056681263739153,0.8773637473246975,47.15447154471545,123,-0.0016989564794633785,0.9674329769372216,45.3448275862069,580
544,9.066666666666666,09:04,0.0023156882255865423,0.9606258290157201,44.63894967177243,457,-0.017019869915262047,0.8517816150014264,47.15447154471545,123,-0.001400795870083557,0.9731459875363451,45.17241379310345,580
545,9.083333333333334,09:05,0.0009224352479157948,0.9843102823834362,44.42013129102845,457,-0.025480761868261946,0.7796652283765386,45.52845528455284,123,-0.004176038453189082,0.9200618625112731,44.6551724137931,580
546,9.1,09:06,0.0031262697702917307,0.9468610200033788,44.42013129102845,457,-0.026119414579387164,0.7742888097855078,46.34146341463415,123,-0.002566564843042766,0.9508194015134572,44.827586206896555,580
547,9.116666666666667,09:07,0.002233931331381705,0.9620148935932706,44.201312910284464,457,-0.022394156015565245,0.8057920491905197,46.34146341463415,123,-0.0025086485286469843,0.9519278399858462,44.6551724137931,580
548,9.133333333333333,09:08,0.0035679830155852764,0.939366498275638,43.98249452954048,457,-0.021665927837295762,0.811988711348501,46.34146341463415,123,-0.001286755992148985,0.9753314678051528,44.48275862068966,580
549,9.15,09:09,0.001625266067167199,0.9723595570069651,44.63894967177243,457,-0.011387753034279767,0.9005150028108468,47.96747967479675,123,-0.0008816228418778473,0.9830968920063705,45.3448275862069,580
550,9.166666666666666,09:10,-0.0004730986925193664,0.9919526749180544,45.076586433260395,457,-0.00820309889053597,0.9282479871273934,47.96747967479675,123,-0.001955417165087738,0.9625202947638877,45.689655172413794,580
551,9.183333333333334,09:11,-0.0009857030126089739,0.9832343126486043,44.85776805251641,457,-0.011465203077984848,0.8998418974705953,46.34146341463415,123,-0.0030096094965177764,0.942343433273385,45.17241379310345,580
552,9.2,09:12,-0.006000591546141534,0.8982060826329873,44.42013129102845,457,-0.011935210945056774,0.8957586806945576,47.15447154471545,123,-0.0071422210722268745,0.8637216778849511,45.0,580
553,9.216666666666667,09:13,-0.0058372216865113236,0.9009630564168583,44.63894967177243,457,-0.014361747125877226,0.8747237037436819,47.96747967479675,123,-0.007484779372955242,0.8572538381639525,45.3448275862069,580
554,9.233333333333333,09:14,-0.0059057333575692934,0.8998067299977631,44.63894967177243,457,-0.011070064666105085,0.9032767133585831,47.96747967479675,123,-0.006888604438848443,0.8685161112283207,45.3448275862069,580
555,9.25,09:15,-0.004699322091495928,0.9201970911251273,44.42013129102845,457,-0.011082435454550284,0.9031691504744708,47.96747967479675,123,-0.0059260256416003715,0.8867554054283188,45.17241379310345,580
556,9.266666666666667,09:16,-0.0042329646977535655,0.9280940910107249,44.42013129102845,457,-0.009379825523877259,0.9179888509117549,47.96747967479675,123,-0.005211771680573202,0.9003286773756514,45.17241379310345,580
557,9.283333333333333,09:17,-0.003979640032986516,0.9323867405051927,44.85776805251641,457,-0.01095224206290546,0.9043012578007824,47.15447154471545,123,-0.005310750793220907,0.8984459072013997,45.3448275862069,580
558,9.3,09:18,-0.006796425316245858,0.8847939741096671,43.98249452954048,457,-0.0032501954959557773,0.9715387510183334,47.96747967479675,123,-0.00609635738331896,0.8835232534889604,44.827586206896555,580
559,9.316666666666666,09:19,-0.00747629480518245,0.8733620528607405,44.42013129102845,457,-0.0064450774585144005,0.9435965184293613,47.96747967479675,123,-0.007260191468662511,0.8614932288178682,45.17241379310345,580
560,9.333333333333334,09:20,-0.0072527279421773505,0.8771185144460037,43.7636761487965,457,-0.008148758438118773,0.9287220449412762,47.96747967479675,123,-0.007405113013626681,0.8587571815504541,44.6551724137931,580
561,9.35,09:21,-0.007605948786626609,0.8711848511057056,42.88840262582057,457,-0.008387177005388886,0.9266423056033007,47.15447154471545,123,-0.0077363149127692155,0.8525106522981509,43.79310344827586,580
562,9.366666666666667,09:22,-0.006205571175467595,0.8947486520261341,43.7636761487965,457,-0.0077364659631253135,0.932319623582114,47.15447154471545,123,-0.006480116294147482,0.8762483500298305,44.48275862068966,580
563,9.383333333333333,09:23,-0.005513074363438637,0.906436750449884,43.32603938730853,457,-0.006669020326116236,0.9416401008903648,47.96747967479675,123,-0.005715335225841384,0.8907559834927287,44.310344827586206,580
564,9.4,09:24,-0.0053907670390111635,0.9085032514109135,43.10722100656455,457,-0.019576358171955233,0.8298327366084167,47.15447154471545,123,-0.008080695413236357,0.846025347489989,43.96551724137931,580
565,9.416666666666666,09:25,-0.005738425692995805,0.902630883898178,42.88840262582057,457,-0.02226052204878307,0.8069282819485873,46.34146341463415,123,-0.008857106489671456,0.8314428900163677,43.62068965517241,580
566,9.433333333333334,09:26,-0.006632808564961495,0.887548834361023,43.7636761487965,457,-0.025926847942322567,0.7759087955962127,46.34146341463415,123,-0.01025765426425056,0.8052870174716328,44.310344827586206,580
567,9.45,09:27,-0.009872039407281596,0.8333030051377667,44.42013129102845,457,-0.02613547392882574,0.774153752655049,46.34146341463415,123,-0.012932846668727332,0.7559486663727387,44.827586206896555,580
568,9.466666666666667,09:28,-0.011412921889730778,0.8077574001825615,43.32603938730853,457,-0.03176205269057887,0.7272773699208761,46.34146341463415,123,-0.015222286561471673,0.7144907907008029,43.96551724137931,580
569,9.483333333333333,09:29,-0.012360589004695072,0.7921454839711807,43.32603938730853,457,-0.026579878769087406,0.7704190546116197,48.78048780487805,123,-0.015014293099488502,0.718224790320874,44.48275862068966,580
570,9.5,09:30,-0.012814426386590286,0.7846978436531511,43.32603938730853,457,-0.03181539042333257,0.7268374796461282,47.15447154471545,123,-0.016373485355537388,0.6939491603208019,44.13793103448276,580
571,9.516666666666667,09:31,-0.011503026237339896,0.8062696234838043,43.7636761487965,457,-0.0281699384850769,0.7571000385090901,47.15447154471545,123,-0.014662314936489694,0.7245589480975401,44.48275862068966,580
572,9.533333333333333,09:32,-0.01510168430272494,0.7474743979406687,43.32603938730853,457,-0.023179031843527487,0.7991268285174251,46.34146341463415,123,-0.01659860247377168,0.6899577625586613,43.96551724137931,580
573,9.55,09:33,-0.017288590604776607,0.712423493310131,44.201312910284464,457,-0.02578858897344792,0.7770725073482577,46.34146341463415,123,-0.018856910903342825,0.6504082324124457,44.6551724137931,580
574,9.566666666666666,09:34,-0.017176565543527204,0.7142050779318048,43.98249452954048,457,-0.028645681250459444,0.7531286224217443,47.96747967479675,123,-0.019312181129788684,0.6425482800082422,44.827586206896555,580
575,9.583333333333334,09:35,-0.01881806814166569,0.6882595178562783,43.7636761487965,457,-0.02741513110550345,0.7634140140841609,47.15447154471545,123,-0.02041500135892947,0.6236748547600066,44.48275862068966,580
576,9.6,09:36,-0.018050767027227313,0.7003441969544798,43.7636761487965,457,-0.022210174179662735,0.8073564729673368,46.34146341463415,123,-0.018801508395587738,0.6513673968043907,44.310344827586206,580
577,9.616666666666667,09:37,-0.01719992883830546,0.7138333924622651,43.544857768052516,457,-0.019923001384742414,0.826866287852065,47.15447154471545,123,-0.017679706408292035,0.6709107588220578,44.310344827586206,580
578,9.633333333333333,09:38,-0.017431013568178864,0.7101607349163295,43.98249452954048,457,-0.02235108195916724,0.8061582454661181,46.34146341463415,123,-0.0183360442931634,0.6594484258066116,44.48275862068966,580
579,9.65,09:39,-0.014196709575978352,0.7621374930004374,43.98249452954048,457,-0.02032716851804354,0.8234106510577964,46.34146341463415,123,-0.015342666166549095,0.712332781416658,44.48275862068966,580
580,9.666666666666666,09:40,-0.018134992197460013,0.6990139176929282,43.32603938730853,457,-0.02525196756303196,0.7815938545732561,46.34146341463415,123,-0.019461825542078735,0.6399734013652311,43.96551724137931,580
581,9.683333333333334,09:41,-0.016316992645444263,0.7279263069931322,42.88840262582057,457,-0.022023892834274566,0.8089412253942261,47.15447154471545,123,-0.01738004324852499,0.6761698069621835,43.79310344827586,580
582,9.7,09:42,-0.015623984753885291,0.7390525696907411,43.10722100656455,457,-0.025236478533245975,0.7817244677551408,47.15447154471545,123,-0.01744366359733578,0.6750519492381265,43.96551724137931,580
583,9.716666666666667,09:43,-0.014446876461865885,0.7580753252352941,43.32603938730853,457,-0.019031413303075666,0.8345010113046588,46.34146341463415,123,-0.015291386097256308,0.7132517842325811,43.96551724137931,580
584,9.733333333333333,09:44,-0.014474620139114922,0.7576252355971499,42.88840262582057,457,-0.019091079252146183,0.8339895984636034,46.34146341463415,123,-0.015325265427708647,0.7126445777411584,43.62068965517241,580
585,9.75,09:45,-0.013360332791020328,0.7757653388689678,42.669584245076585,457,-0.01620309782404861,0.8588188734273666,47.96747967479675,123,-0.013861464363097882,0.7390406073453991,43.79310344827586,580
586,9.766666666666667,09:46,-0.009183781110206051,0.8447719783151841,42.669584245076585,457,-0.013948938873032361,0.8782964747899457,46.34146341463415,123,-0.010058425169031854,0.8089952050732907,43.44827586206896,580
587,9.783333333333333,09:47,-0.013621585043600906,0.7715009035820997,42.669584245076585,457,-0.012116481650649817,0.8941846048366087,47.15447154471545,123,-0.013290415925473097,0.7494238139294058,43.62068965517241,580
588,9.8,09:48,-0.012789731718903928,0.7851025939697471,43.10722100656455,457,-0.01115945587071574,0.9024995044926616,47.96747967479675,123,-0.012440490476302274,0.7649614785364376,44.13793103448276,580
589,9.816666666666666,09:49,-0.008216370853201642,0.860947732963298,42.669584245076585,457,-0.013363857600591712,0.8833644128174276,46.34146341463415,123,-0.00916537166459382,0.8256688112469545,43.44827586206896,580
590,9.833333333333334,09:50,-0.01012985301318995,0.8290158092663147,42.4507658643326,457,-0.014442375063330964,0.8740261774065925,47.15447154471545,123,-0.010916662067428501,0.7930526344380486,43.44827586206896,580
591,9.85,09:51,-0.007406251092232273,0.8745386539239182,43.544857768052516,457,-0.008601587330868826,0.9247724138158079,46.34146341463415,123,-0.007602213179967617,0.8550387474169353,44.13793103448276,580
592,9.866666666666667,09:52,-0.00783736247418541,0.867301286761687,43.10722100656455,457,-0.0029874116060807834,0.9738390415529975,47.15447154471545,123,-0.006886117426682138,0.8685631505223371,43.96551724137931,580
593,9.883333333333333,09:53,-0.003455200808870136,0.9412795848057022,42.88840262582057,457,-0.006882415578263478,0.9397761531386871,47.15447154471545,123,-0.004085013070184381,0.9217986416043216,43.79310344827586,580
594,9.9,09:54,-0.002312800095475482,0.9606748968691309,42.669584245076585,457,-0.001163861460207534,0.9898064590009517,46.34146341463415,123,-0.0020730984915672025,0.9602664910968387,43.44827586206896,580
595,9.916666666666666,09:55,-0.003767992395803183,0.9359746711138415,42.88840262582057,457,-0.002424121927657258,0.978770522746978,45.52845528455284,123,-0.0034876004779308377,0.933206226020473,43.44827586206896,580
596,9.933333333333334,09:56,-0.0006805922916485671,0.9884234547223804,43.544857768052516,457,0.0037201536941551313,0.9674255461889478,44.71544715447154,123,0.00018209850067326186,0.9965084270146979,43.79310344827586,580
597,9.95,09:57,-0.0007904357703593171,0.9865552343606333,43.544857768052516,457,-0.00561222093316628,0.9508754054543521,44.71544715447154,123,-0.0016947473492350366,0.9675136165372092,43.79310344827586,580
598,9.966666666666667,09:58,-0.002693949608581183,0.954200715563131,43.544857768052516,457,-0.003628772585216447,0.9682252754148964,44.71544715447154,123,-0.002853254899872256,0.9453339876989123,43.79310344827586,580
599,9.983333333333333,09:59,-0.0005285385064050657,0.9910096911815078,43.98249452954048,457,-0.0048865260967312085,0.9572210579820144,45.52845528455284,123,-0.001349995333779084,0.9741195140812292,44.310344827586206,580
600,10.0,10:00,-0.0013391291923643654,0.9772243480460682,43.10722100656455,457,-0.005663789908872032,0.9504245861076278,44.71544715447154,123,-0.0021503149037069465,0.9587878324185156,43.44827586206896,580
601,10.016666666666667,10:01,-0.0010268047972027856,0.9825353270954186,43.544857768052516,457,-0.01281469407508461,0.8881255301950223,44.71544715447154,123,-0.003268766597998407,0.9373884067978221,43.79310344827586,580
602,10.033333333333333,10:02,-0.002299156524827095,0.9609066961605459,43.544857768052516,457,-0.012711891693017981,0.8890172508029588,43.90243902439025,123,-0.004260088241916338,0.9184585163488175,43.62068965517241,580
603,10.05,10:03,-0.0018279845670253272,0.9689136232358331,43.10722100656455,457,-0.014813672404118945,0.8708152751831693,44.71544715447154,123,-0.004281591896536024,0.9180483623243908,43.44827586206896,580
604,10.066666666666666,10:04,-0.0037399419253054643,0.9364502921410565,43.32603938730853,457,-0.013933403074898612,0.8784309822179229,45.52845528455284,123,-0.0056690474028921484,0.8916352695480984,43.79310344827586,580
605,10.083333333333334,10:05,-0.006223565629795452,0.8944452302844623,43.10722100656455,457,-0.018081918828840086,0.8426485478993783,45.52845528455284,123,-0.00846707104857356,0.8387615842495517,43.62068965517241,580
606,10.1,10:06,-0.003723306011470553,0.9367323797536247,43.10722100656455,457,-0.014056427747458005,0.8773659418220482,45.52845528455284,123,-0.0056784531865397316,0.8914565859647302,43.62068965517241,580
607,10.116666666666667,10:07,-0.003315429509962685,0.943650945640848,43.10722100656455,457,-0.011819157326156307,0.896766652996459,44.71544715447154,123,-0.004912831175355067,0.9060184460784616,43.44827586206896,580
608,10.133333333333333,10:08,-0.005505945794301026,0.9065571773575973,43.32603938730853,457,-0.018054865264195325,0.8428809406092022,43.90243902439025,123,-0.007854461712872976,0.8502845913445548,43.44827586206896,580
609,10.15,10:09,-0.0035091902089412,0.9403637380074307,42.88840262582057,457,-0.017275828126715166,0.8495786637091578,44.71544715447154,123,-0.006092957494542344,0.8835877497890212,43.275862068965516,580
610,10.166666666666666,10:10,-0.006228493392880379,0.8943621412309988,42.88840262582057,457,-0.017843038758084954,0.8447010161540145,44.71544715447154,123,-0.008384518047387175,0.840312431111033,43.275862068965516,580
611,10.183333333333334,10:11,-0.004880341922999545,0.9171338851448863,42.88840262582057,457,-0.014132981129085842,0.8767033198758841,44.71544715447154,123,-0.00659471776403771,0.8740778461476593,43.275862068965516,580
612,10.2,10:12,-0.004111027476854597,0.9301600949700097,43.32603938730853,457,-0.014824559697072633,0.8707211555987308,46.34146341463415,123,-0.006114524951103388,0.8831786255986713,43.96551724137931,580
613,10.216666666666667,10:13,-0.0029663936890398507,0.9495748182197971,43.32603938730853,457,-0.020430073989262523,0.8225313443109865,46.34146341463415,123,-0.006257803323660979,0.8804614984714365,43.96551724137931,580
614,10.233333333333333,10:14,-0.0030500623830902185,0.9481545188524283,43.98249452954048,457,-0.012560038986862641,0.8903346934481566,46.34146341463415,123,-0.004835465813966371,0.9074917458062514,44.48275862068966,580
615,10.25,10:15,0.0014416444683526958,0.975481315591392,43.7636761487965,457,-0.011152160594736631,0.9025629295799689,47.15447154471545,123,-0.0009340869158725174,0.9820911767647399,44.48275862068966,580
616,10.266666666666667,10:16,9.84381296370053e-05,0.9983255577555212,43.7636761487965,457,-0.009021810383818246,0.9211088103685474,46.34146341463415,123,-0.0016154760227384928,0.9690323779767056,44.310344827586206,580
617,10.283333333333333,10:17,-0.0017812924336705407,0.9697072759018232,43.98249452954048,457,0.006118864347198279,0.946446991023346,47.15447154471545,123,-0.00023684901349402612,0.9954586457710825,44.6551724137931,580
618,10.3,10:18,-0.0009824192484904036,0.9832901575891159,42.88840262582057,457,-0.001845935461445694,0.9838332539065903,47.15447154471545,123,-0.0011321143931057633,0.9782953385888419,43.79310344827586,580
619,10.316666666666666,10:19,-0.0018443356060847647,0.9686357025679461,42.88840262582057,457,-0.008607460391862644,0.9247212000491618,45.52845528455284,123,-0.003106143262509964,0.9404974585919201,43.44827586206896,580
620,10.333333333333334,10:20,-0.002496526845195801,0.9575537769951792,42.669584245076585,457,-0.005005114037953395,0.9561839025238914,45.52845528455284,123,-0.0029566456899582025,0.9433563697927186,43.275862068965516,580
621,10.35,10:21,-0.001235741797270165,0.9789823186092653,43.10722100656455,457,-0.012147792065341459,0.893912760332094,45.52845528455284,123,-0.003280550677970853,0.9371631538089198,43.62068965517241,580
622,10.366666666666667,10:22,-0.002181375605447497,0.9629078859344468,43.10722100656455,457,-0.012491166443097869,0.8909323161844447,44.71544715447154,123,-0.004106012254075073,0.9213979404529348,43.44827586206896,580
623,10.383333333333333,10:23,0.0028003370402132875,0.9523941446863204,43.10722100656455,457,-0.01335550511315528,0.8834367961924506,46.34146341463415,123,-0.0002379725005573971,0.9954371042104635,43.79310344827586,580
624,10.4,10:24,0.002952192165232608,0.9498159090157064,43.544857768052516,457,-0.023223356973369975,0.7987508423330618,45.52845528455284,123,-0.0019199467598781002,0.9631996746082354,43.96551724137931,580
625,10.416666666666666,10:25,0.0030685129503089555,0.9478413372768867,42.88840262582057,457,-0.030272971386687466,0.7395935733016193,45.52845528455284,123,-0.003212796965529681,0.9384583356839413,43.44827586206896,580
626,10.433333333333334,10:26,0.00399646984865859,0.932101492914989,42.88840262582057,457,-0.030541018918844327,0.7373715719971167,45.52845528455284,123,-0.0025097984678005766,0.9519058308248608,43.44827586206896,580
627,10.45,10:27,0.0005053004940749478,0.9914049484141335,43.10722100656455,457,-0.03240682597599008,0.7219657440580006,45.52845528455284,123,-0.005629872060218477,0.8923795504253121,43.62068965517241,580
628,10.466666666666667,10:28,0.0034129208653515437,0.9419968528550902,43.32603938730853,457,-0.02843821074842357,0.7548597630826774,45.52845528455284,123,-0.0025177983900222644,0.9517527180189259,43.79310344827586,580
629,10.483333333333333,10:29,0.000894747715771433,0.9847811623043304,42.88840262582057,457,-0.02757184611748445,0.7621017961205268,45.52845528455284,123,-0.004429636749046277,0.9152251969352049,43.44827586206896,580
630,10.5,10:30,0.0024963837818199504,0.9575562070862377,43.7636761487965,457,-0.02985532999950611,0.7430599204070302,45.52845528455284,123,-0.003566962583754024,0.9316899681251876,44.13793103448276,580
631,10.516666666666667,10:31,0.003294038670501563,0.9440139072197337,43.7636761487965,457,-0.03276807482212929,0.7189955422205708,45.52845528455284,123,-0.0035106352802920637,0.932766107956436,44.13793103448276,580
632,10.533333333333333,10:32,0.005048463788752806,0.9142900345426188,43.7636761487965,457,-0.03206455465003262,0.72478373683686,45.52845528455284,123,-0.001982434065827425,0.962002846690199,44.13793103448276,580
633,10.55,10:33,0.005269460758849046,0.9105534485617884,44.201312910284464,457,-0.02674452966562112,0.769036686727129,45.52845528455284,123,-0.0007434832271105626,0.9857450969857957,44.48275862068966,580
634,10.566666666666666,10:34,0.003220828592515868,0.9452562292583699,44.201312910284464,457,-0.03220136306754667,0.7236569197687878,45.52845528455284,123,-0.003385223487006624,0.935162552609213,44.48275862068966,580
635,10.583333333333334,10:35,0.0028110269153473373,0.9522126326499551,44.201312910284464,457,-0.028593526764641983,0.7535636862177982,45.52845528455284,123,-0.0030718770154514064,0.9411526816618503,44.48275862068966,580
636,10.6,10:36,0.002453740400197326,0.9582805699266397,43.98249452954048,457,-0.03527839636862773,0.6984733735605652,45.52845528455284,123,-0.0046504104061158465,0.9110171090608487,44.310344827586206,580
637,10.616666666666667,10:37,0.0025134477160507554,0.9572663599040496,44.85776805251641,457,-0.033167481925561446,0.715716475427723,45.52845528455284,123,-0.004250434957885258,0.9186426471331827,45.0,580
638,10.633333333333333,10:38,0.0015191712890215946,0.9741632304085076,44.63894967177243,457,-0.03061252002386582,0.7367792230918221,45.52845528455284,123,-0.004546121957360859,0.9130046110601273,44.827586206896555,580
639,10.65,10:39,0.005586062382401315,0.9052038468423684,44.85776805251641,457,-0.028902804619837873,0.7509848771876036,45.52845528455284,123,-0.0009314623595896888,0.9821414877939967,45.0,580
640,10.666666666666666,10:40,0.007106502605185201,0.8795769505095393,44.85776805251641,457,-0.027210218694127136,0.7651308147483764,45.52845528455284,123,0.0006098697573935462,0.9883066828713151,45.0,580
641,10.683333333333334,10:41,0.00778191966476206,0.8682314360616159,44.42013129102845,457,-0.02455664252505183,0.7874632107052997,45.52845528455284,123,0.0016368106763345429,0.9686236155376932,44.6551724137931,580
642,10.7,10:42,0.006690051654607489,0.8865848609667744,45.29540481400438,457,-0.027960188199058444,0.7588530173761465,45.52845528455284,123,0.00011478012753196598,0.9977991913170051,45.3448275862069,580
643,10.716666666666667,10:43,0.006233642326816818,0.8942753241584825,45.29540481400438,457,-0.027471300107835564,0.7629436181582014,45.52845528455284,123,-0.000149525426742049,0.9971329830828397,45.3448275862069,580
644,10.733333333333333,10:44,0.00701346350163724,0.8811417888760821,44.63894967177243,457,-0.016364786275674774,0.857424877690771,44.71544715447154,123,0.0026022936546744417,0.950135648473494,44.6551724137931,580
645,10.75,10:45,0.009292823418393846,0.8429526695645477,45.076586433260395,457,-0.011857310474812557,0.8964352593379339,44.71544715447154,123,0.005298868185177028,0.8986719070098387,45.0,580
646,10.766666666666667,10:46,0.005745856267792112,0.9025054294411605,44.42013129102845,457,-0.00787513831671062,0.9311094413437395,43.90243902439025,123,0.003154050588341544,0.9395814646617031,44.310344827586206,580
647,10.783333333333333,10:47,0.008029866119228592,0.8640731336816895,44.63894967177243,457,-0.015565372473519395,0.8643212165389211,43.90243902439025,123,0.003558525425293703,0.9318511531587637,44.48275862068966,580
648,10.8,10:48,0.006828568576374493,0.884252931225988,44.63894967177243,457,-0.01908147292873606,0.8340719321581929,43.90243902439025,123,0.0019231132977024744,0.9631390234640952,44.48275862068966,580
649,10.816666666666666,10:49,0.00839503939675973,0.8579556827598198,45.29540481400438,457,-0.02663256280621111,0.7699766539722279,43.90243902439025,123,0.0017405458478347985,0.9666362151023092,45.0,580
650,10.833333333333334,10:50,0.010488590869302948,0.8230588002120035,44.63894967177243,457,-0.02633905813310214,0.7724422212911902,44.71544715447154,123,0.003466181113977479,0.9336154967342025,44.6551724137931,580
651,10.85,10:51,0.010565618317766066,0.8217810354804596,44.85776805251641,457,-0.025304055094907893,0.7811546645870459,43.90243902439025,123,0.00369620385467433,0.9292212721386867,44.6551724137931,580
652,10.866666666666667,10:52,0.011886221307296475,0.7999502820964303,45.076586433260395,457,-0.023919094266318067,0.7928553685927673,44.71544715447154,123,0.005034078842327119,0.9037101286438494,45.0,580
653,10.883333333333333,10:53,0.010984320392088518,0.8148437472709188,44.85776805251641,457,-0.029001594392662342,0.7501617289702857,43.90243902439025,123,0.0033161454007245555,0.9364827903066089,44.6551724137931,580
654,10.9,10:54,0.013844510347782288,0.7678675089648505,44.42013129102845,457,-0.020961921609761458,0.8179903432761135,42.27642276422765,123,0.00721611632592236,0.8623256761966851,43.96551724137931,580
655,10.916666666666666,10:55,0.013951075519369645,0.7661324233195785,44.42013129102845,457,-0.03513723675982054,0.6996217765990549,42.27642276422765,123,0.004769068985566144,0.9087564207097582,43.96551724137931,580
656,10.933333333333334,10:56,0.012734450951187118,0.7860088661131971,44.42013129102845,457,-0.03639994095847956,0.689373452900868,42.27642276422765,123,0.003584145421552918,0.9313617126648329,43.96551724137931,580
657,10.95,10:57,0.009355842381386597,0.8419016142200526,44.42013129102845,457,-0.04328433707153051,0.634524748742125,42.27642276422765,123,-0.00047758238014482604,0.9908429639599109,43.96551724137931,580
658,10.966666666666667,10:58,0.013026578051389992,0.7812230387466331,44.63894967177243,457,-0.03671678946397869,0.6868105767822488,43.90243902439025,123,0.0036758099885371865,0.92961078007518,44.48275862068966,580
659,10.983333333333333,10:59,0.012718751748609113,0.7862662913834941,45.076586433260395,457,-0.040876206711219554,0.6535052592253493,42.27642276422765,123,0.002704553447699031,0.9481788760828014,44.48275862068966,580
660,11.0,11:00,0.011585571811149666,0.8049072679651142,45.076586433260395,457,-0.038354804060655195,0.6736184420956836,43.90243902439025,123,0.002292487914187919,0.9560656584407867,44.827586206896555,580
661,11.016666666666667,11:01,0.0065892746680334905,0.8882820560889091,45.29540481400438,457,-0.03986289245279444,0.6615596213506704,43.08943089430895,123,-0.0020009150154247125,0.9616488947766377,44.827586206896555,580
662,11.033333333333333,11:02,0.008649786025738836,0.8536931256281566,44.63894967177243,457,-0.04367081797922695,0.6315001296383675,42.27642276422765,123,-0.0009745117426833844,0.9813162683406045,44.13793103448276,580
663,11.05,11:03,0.006262512306946992,0.8937885658026886,44.42013129102845,457,-0.04477026695726194,0.6229291780525343,42.27642276422765,123,-0.003125373595636794,0.9401297627696249,43.96551724137931,580
664,11.066666666666666,11:04,0.004143682009338255,0.9296067768602313,43.7636761487965,457,-0.05140620663577829,0.5722949996677981,41.46341463414634,123,-0.006070632091020668,0.8840112844856743,43.275862068965516,580
665,11.083333333333334,11:05,0.0026235654460987773,0.9553960424283876,43.544857768052516,457,-0.04745547789026165,0.6022088574871698,42.27642276422765,123,-0.00656471615674635,0.8746459734009538,43.275862068965516,580
666,11.1,11:06,0.002327294867162478,0.960428639612768,43.98249452954048,457,-0.03722793828146646,0.682683568609508,42.27642276422765,123,-0.00489963930969454,0.9062696414177569,43.62068965517241,580
667,11.116666666666667,11:07,-0.001850024090411559,0.9685390155726915,44.201312910284464,457,-0.03835376935135001,0.6736267446760652,42.27642276422765,123,-0.008484174953543325,0.8384403468915255,43.79310344827586,580
668,11.133333333333333,11:08,-0.0002362055315703361,0.995982134715335,44.42013129102845,457,-0.03564376066468013,0.6955041238822556,42.27642276422765,123,-0.006658300809126678,0.8728740163259666,43.96551724137931,580
669,11.15,11:09,0.0016800327049734838,0.9714285466231454,44.42013129102845,457,-0.042075913339313896,0.6440206979398817,41.46341463414634,123,-0.006361424306732973,0.8784973053960744,43.79310344827586,580
670,11.166666666666666,11:10,-0.0015904803875177419,0.9729509188705494,43.98249452954048,457,-0.03925112030546301,0.6664411820850267,41.46341463414634,123,-0.00854200761937939,0.8373543606328437,43.44827586206896,580
671,11.183333333333334,11:11,-0.0002074909175492235,0.9964705680223556,44.42013129102845,457,-0.038551796287150435,0.6720384789861144,42.27642276422765,123,-0.007258583467734378,0.8615235964459851,43.96551724137931,580
672,11.2,11:12,-0.004531039724139195,0.9230458144774684,43.7636761487965,457,-0.03815379166405919,0.6752321158404129,42.27642276422765,123,-0.010696288205503012,0.7971383528934032,43.44827586206896,580
673,11.216666666666667,11:13,-0.006572851941893075,0.8885586814215416,44.201312910284464,457,-0.03687789721852804,0.6855087927916452,43.08943089430895,123,-0.01213407780058471,0.7705866631377616,43.96551724137931,580
674,11.233333333333333,11:14,-0.011260658282377642,0.8102731054934388,43.98249452954048,457,-0.034971597847110326,0.7009701963391106,43.08943089430895,123,-0.015580187847502973,0.7080815476592425,43.79310344827586,580
675,11.25,11:15,-0.011326178204904483,0.8091903416757983,43.32603938730853,457,-0.038142615611749614,0.6753218775581691,43.08943089430895,123,-0.01621954354720106,0.6966834885926261,43.275862068965516,580
676,11.266666666666667,11:16,-0.016577696223286413,0.723755307982429,43.10722100656455,457,-0.043963071190078494,0.6292169763946746,43.08943089430895,123,-0.02157313743579311,0.6041168113495506,43.103448275862064,580
677,11.283333333333333,11:17,-0.014772600640996938,0.7527962473791338,43.7636761487965,457,-0.032625690188331086,0.7201657366266542,43.08943089430895,123,-0.01802956234571398,0.6647911310904885,43.62068965517241,580
678,11.3,11:18,-0.016186193831179245,0.7300219971520857,44.201312910284464,457,-0.03369157504169996,0.7114216095929896,43.08943089430895,123,-0.019383697544934405,0.6413171852900309,43.96551724137931,580
679,11.316666666666666,11:19,-0.01692724281072644,0.7181757341687557,43.98249452954048,457,-0.037717066801371546,0.6787431029407747,43.08943089430895,123,-0.02073429900702441,0.6182554349036441,43.79310344827586,580
680,11.333333333333334,11:20,-0.017202174861903778,0.7137976641513412,44.201312910284464,457,-0.0364563320611627,0.6889170665420516,43.08943089430895,123,-0.02074089529580027,0.6181436932218684,43.96551724137931,580
681,11.35,11:21,-0.017095981682117144,0.7154876006389279,43.7636761487965,457,-0.03720754922264838,0.6828480112913473,43.08943089430895,123,-0.02080584307638597,0.6170439431100515,43.62068965517241,580
682,11.366666666666667,11:22,-0.016644993991911695,0.7226799309513467,43.544857768052516,457,-0.03417490002495018,0.7074688293230902,43.08943089430895,123,-0.019859588679018374,0.633150290581589,43.44827586206896,580
683,11.383333333333333,11:23,-0.017815890752579607,0.7040587395074305,43.32603938730853,457,-0.034080237210406386,0.7082424019414888,43.08943089430895,123,-0.020792120532521434,0.6172762334357054,43.275862068965516,580
684,11.4,11:24,-0.01727148490132555,0.7126954320751335,43.7636761487965,457,-0.03237511325090493,0.7222266857990637,43.08943089430895,123,-0.020041060306090284,0.6300476448261929,43.62068965517241,580
685,11.416666666666666,11:25,-0.014639531201712627,0.7549515547250607,43.7636761487965,457,-0.030368876603621673,0.7387983116516497,43.08943089430895,123,-0.01753272073455249,0.6734883485644249,43.62068965517241,580
686,11.433333333333334,11:26,-0.015246893926460926,0.7451299007291698,43.98249452954048,457,-0.030664772054864124,0.7363464402380022,43.08943089430895,123,-0.018084884794380425,0.6638254629689835,43.79310344827586,580
687,11.45,11:27,-0.017699075332221304,0.7059087926988751,44.42013129102845,457,-0.03134756758284829,0.7306987527905349,43.90243902439025,123,-0.020203060423078366,0.6272833921723127,44.310344827586206,580
688,11.466666666666667,11:28,-0.01797036916929015,0.7016148817194681,44.42013129102845,457,-0.02788957886723553,0.7594434077521811,43.90243902439025,123,-0.019778786974841814,0.6345338466265079,44.310344827586206,580
689,11.483333333333333,11:29,-0.019425818460399,0.6787435010123142,43.7636761487965,457,-0.03153115645079243,0.7291826541247612,43.90243902439025,123,-0.021656241239951066,0.6027240134621082,43.79310344827586,580
690,11.5,11:30,-0.020287115082657504,0.6653447941321377,43.544857768052516,457,-0.0326534231815178,0.7199377609229128,43.90243902439025,123,-0.022571208092973645,0.5874857458792312,43.62068965517241,580
691,11.516666666666667,11:31,-0.020422930287716908,0.6632415457052857,44.201312910284464,457,-0.0373756174108361,0.6814929452088948,43.90243902439025,123,-0.023596679780775225,0.5706215767681906,44.13793103448276,580
692,11.533333333333333,11:32,-0.0194550215246221,0.6782875140454987,44.42013129102845,457,-0.038311945341371736,0.6739623763417708,43.08943089430895,123,-0.0230113487766323,0.5802193482760848,44.13793103448276,580
693,11.55,11:33,-0.015204647391474743,0.7458117550101014,44.201312910284464,457,-0.040263572660520774,0.6583701104763167,43.08943089430895,123,-0.01995943002217882,0.631442488157468,43.96551724137931,580
694,11.566666666666666,11:34,-0.01720448554272263,0.713760907967363,44.201312910284464,457,-0.04024251785655089,0.6585375596864204,43.08943089430895,123,-0.021622743689813054,0.6032852501264682,43.96551724137931,580
695,11.583333333333334,11:35,-0.020955083468822605,0.6550261574537379,43.98249452954048,457,-0.03915670564692977,0.6671958029458172,43.08943089430895,123,-0.024408320014041803,0.5574391584375833,43.79310344827586,580
696,11.6,11:36,-0.022656611195064708,0.6290399413211173,43.7636761487965,457,-0.03790434695778894,0.6772366421539819,43.08943089430895,123,-0.025527439649810895,0.5395088528039335,43.62068965517241,580
697,11.616666666666667,11:37,-0.02256206569630808,0.6304722982891177,43.7636761487965,457,-0.046680948972492906,0.6081539840157769,43.08943089430895,123,-0.027121223119661857,0.514480922839086,43.62068965517241,580
698,11.633333333333333,11:38,-0.02068032279907627,0.6592627986923297,43.544857768052516,457,-0.043386882570416035,0.633721632223033,42.27642276422765,123,-0.024972906715555007,0.5483573728334048,43.275862068965516,580
699,11.65,11:39,-0.026189188677420903,0.5765552855258081,43.544857768052516,457,-0.04212011552325348,0.6436723262374678,43.08943089430895,123,-0.02919132457129462,0.4828955335392316,43.44827586206896,580
700,11.666666666666666,11:40,-0.029564105497528168,0.5284228812929564,43.32603938730853,457,-0.043615082680355986,0.6319359426824281,43.08943089430895,123,-0.03219176501456783,0.4390440985742489,43.275862068965516,580
701,11.683333333333334,11:41,-0.02876157837177754,0.5396810848341613,43.32603938730853,457,-0.048908974251735356,0.591122551102336,43.08943089430895,123,-0.03257938008837699,0.433550415462066,43.275862068965516,580
702,11.7,11:42,-0.02796345567163899,0.5509949621363767,42.669584245076585,457,-0.047053010697734945,0.6052948880148774,43.08943089430895,123,-0.031581835300018096,0.44776889929475305,42.758620689655174,580
703,11.716666666666667,11:43,-0.025711809812713936,0.5835264142718253,42.669584245076585,457,-0.0481269187332176,0.5970760464328513,43.08943089430895,123,-0.029986198787259097,0.47105260229534385,42.758620689655174,580
704,11.733333333333333,11:44,-0.023508916127281843,0.6161908634999597,42.669584245076585,457,-0.048406352316952506,0.5949457312566884,43.08943089430895,123,-0.028251478288474047,0.4971040034544841,42.758620689655174,580
705,11.75,11:45,-0.024764295517075548,0.5974776114124025,42.88840262582057,457,-0.045137175637927615,0.6200799914021219,43.08943089430895,123,-0.02863795644843161,0.4912345264374729,42.931034482758626,580
706,11.766666666666667,11:46,-0.027063644452568425,0.563888202196715,43.10722100656455,457,-0.03846164258269608,0.6727613737810396,43.08943089430895,123,-0.029179190974166852,0.48307755494889826,43.103448275862064,580
707,11.783333333333333,11:47,-0.025793924038161897,0.582324522400395,42.88840262582057,457,-0.03604729071084861,0.6922300599675951,42.27642276422765,123,-0.02769552041324157,0.5056123122886745,42.758620689655174,580
708,11.8,11:48,-0.02669420972336229,0.569223394072746,43.10722100656455,457,-0.031004778013824404,0.7335323285084453,42.27642276422765,123,-0.027469503028724866,0.5090929887766368,42.931034482758626,580
709,11.816666666666666,11:49,-0.027280931693310875,0.5607615027582316,43.544857768052516,457,-0.029558088128985947,0.7455301153949785,42.27642276422765,123,-0.02766997357477751,0.5060051072216128,43.275862068965516,580
710,11.833333333333334,11:50,-0.02675318631327714,0.5683700743344341,43.7636761487965,457,-0.038835651633623736,0.6697643512301475,42.27642276422765,123,-0.029013209621884514,0.48557124116411926,43.44827586206896,580
711,11.85,11:51,-0.02831226645397418,0.5460360777562148,43.10722100656455,457,-0.027298669959929876,0.7643896105051214,42.27642276422765,123,-0.028072935919747976,0.4998280732542311,42.931034482758626,580
712,11.866666666666667,11:52,-0.025453093859483824,0.5873207082573814,43.544857768052516,457,-0.024972094515727513,0.7839548537561409,42.27642276422765,123,-0.025320271280160483,0.5428062173397202,43.275862068965516,580
713,11.883333333333333,11:53,-0.023012870139817357,0.6236551692468575,42.4507658643326,457,-0.025108878853631684,0.7828006990432408,42.27642276422765,123,-0.023374614117449413,0.5742539364396593,42.41379310344828,580
714,11.9,11:54,-0.026143621387465447,0.5772190084027404,43.7636761487965,457,-0.029679998941767545,0.7445166751897301,41.46341463414634,123,-0.02677708293135196,0.519833709281973,43.275862068965516,580
715,11.916666666666666,11:55,-0.027195066794586418,0.5619960730722535,42.88840262582057,457,-0.032877931743259356,0.7180931225083343,41.46341463414634,123,-0.028238608420484826,0.4973000983625759,42.58620689655173,580
716,11.933333333333334,11:56,-0.024804799378407304,0.5968781513038224,43.32603938730853,457,-0.03284669480115014,0.7183496789297287,41.46341463414634,123,-0.02630154768861839,0.5272770927697767,42.931034482758626,580
717,11.95,11:57,-0.021265850667698982,0.6502476291635957,43.98249452954048,457,-0.028205064177671588,0.7568065973817435,41.46341463414634,123,-0.022556425060522974,0.587730530211099,43.44827586206896,580
718,11.966666666666667,11:58,-0.02009542197001716,0.66831784238957,44.201312910284464,457,-0.03525573406838067,0.6986576967087018,41.46341463414634,123,-0.02295383484211774,0.5811664709321755,43.62068965517241,580
719,11.983333333333333,11:59,-0.01853018064256951,0.6927845359134269,43.7636761487965,457,-0.04113799894838325,0.6514308112130253,40.65040650406504,123,-0.022829842090842656,0.5832107978950386,43.103448275862064,580
720,12.0,12:00,-0.016928264301886882,0.7181594505637282,44.63894967177243,457,-0.04330012996197474,0.6344010341643485,40.65040650406504,123,-0.021992597375625242,0.5971015622337754,43.79310344827586,580
721,12.016666666666667,12:01,-0.017981376815718063,0.7014408570899442,44.201312910284464,457,-0.039638302905337396,0.6633500694889358,40.65040650406504,123,-0.022140579832913683,0.5946354821211665,43.44827586206896,580
722,12.033333333333333,12:02,-0.020309906810533886,0.6649916551725961,44.63894967177243,457,-0.03694450490255814,0.6849708579204571,40.65040650406504,123,-0.023497680584649724,0.5722395718637313,43.79310344827586,580
723,12.05,12:03,-0.018602552430086794,0.6916459593825057,44.85776805251641,457,-0.033719881363411114,0.7111898992590432,41.46341463414634,123,-0.021500193262521866,0.6053405230800297,44.13793103448276,580
724,12.066666666666666,12:04,-0.0181805638305631,0.69829452826085,45.076586433260395,457,-0.03622728860728373,0.6907714622200549,40.65040650406504,123,-0.02166694596968534,0.6025447098871634,44.13793103448276,580
725,12.083333333333334,12:05,-0.01742038414462472,0.7103295232674698,44.201312910284464,457,-0.02741598769517874,0.7634068397943289,41.46341463414634,123,-0.019335627207582445,0.6421445674392742,43.62068965517241,580
726,12.1,12:06,-0.01729881085642967,0.7122610337428221,45.076586433260395,457,-0.02769960119368514,0.7610325669894559,41.46341463414634,123,-0.019285350237566667,0.6430104041603205,44.310344827586206,580
727,12.116666666666667,12:07,-0.01868185770637821,0.6903991004265259,44.201312910284464,457,-0.029086138558554915,0.7494575027161211,40.65040650406504,123,-0.020678146357988113,0.619207021842682,43.44827586206896,580
728,12.133333333333333,12:08,-0.01616988017740052,0.7302835198199544,44.42013129102845,457,-0.03028910759381928,0.739459749981284,41.46341463414634,123,-0.01890623606972683,0.6495547685950054,43.79310344827586,580
729,12.15,12:09,-0.017478385454151285,0.7094086725040213,44.201312910284464,457,-0.029889240542948572,0.7427782760662369,40.65040650406504,123,-0.019883682164692475,0.6327379885778913,43.44827586206896,580
730,12.166666666666666,12:10,-0.01624649472176525,0.7290555909725749,43.544857768052516,457,-0.029724156172058345,0.7441497053612707,40.65040650406504,123,-0.018886763643342346,0.6498916415049673,42.931034482758626,580
731,12.183333333333334,12:11,-0.011863369085411241,0.8003267809711851,43.98249452954048,457,-0.02666211422754101,0.7697285358679645,39.83739837398374,123,-0.014765944093510326,0.7226920730900086,43.103448275862064,580
732,12.2,12:12,-0.011316619948125418,0.8093482761112013,44.63894967177243,457,-0.028930465930161308,0.7507543659791337,40.65040650406504,123,-0.014800545675683964,0.7220690928543141,43.79310344827586,580
733,12.216666666666667,12:13,-0.013563921702094639,0.7724415589368124,44.201312910284464,457,-0.028347241252199333,0.7556191997648065,41.46341463414634,123,-0.016480861971576034,0.6920442744437242,43.62068965517241,580
734,12.233333333333333,12:14,-0.01846707831385119,0.6937778472168321,43.7636761487965,457,-0.02959708010537224,0.7452059290989402,41.46341463414634,123,-0.020650456854829857,0.6196764946242075,43.275862068965516,580
735,12.25,12:15,-0.015462223479266046,0.7416576083362839,44.42013129102845,457,-0.029838499281855356,0.7431997207065212,43.08943089430895,123,-0.018324077012605966,0.6596567212880325,44.13793103448276,580
736,12.266666666666667,12:16,-0.021419001954951385,0.6478979367067915,43.98249452954048,457,-0.025212879625442268,0.7819234801847994,43.08943089430895,123,-0.022129711328686824,0.5948164442423804,43.79310344827586,580
737,12.283333333333333,12:17,-0.01753612459564357,0.7084924040758938,43.98249452954048,457,-0.026659839844838523,0.7697476310949491,42.27642276422765,123,-0.019347954207734552,0.6419323539731773,43.62068965517241,580
738,12.3,12:18,-0.01205242818100199,0.797213361023803,43.544857768052516,457,-0.031578926663577936,0.7287883331613293,43.08943089430895,123,-0.01603661447249605,0.6999378066780587,43.44827586206896,580
739,12.316666666666666,12:19,-0.014878526452255044,0.7510819525393458,44.201312910284464,457,-0.029297827338294318,0.7476951077117204,43.90243902439025,123,-0.017817308486983055,0.6685012175069056,44.13793103448276,580
740,12.333333333333334,12:20,-0.015444614087874547,0.7419413725775365,43.544857768052516,457,-0.02316513379546943,0.7992447276437177,43.90243902439025,123,-0.01698164640148999,0.68318605370453,43.62068965517241,580
741,12.35,12:21,-0.01734974801480278,0.7114515386176182,43.544857768052516,457,-0.026025847569715044,0.7750758307293641,43.90243902439025,123,-0.019080252506720914,0.646547464168699,43.62068965517241,580
742,12.366666666666667,12:22,-0.01582971502632413,0.7357437556310383,43.7636761487965,457,-0.028234905099674558,0.7565573325901923,43.08943089430895,123,-0.01833006960459585,0.6595524144481612,43.62068965517241,580
743,12.383333333333333,12:23,-0.018022754654742384,0.7007868366623398,43.98249452954048,457,-0.024225429946339375,0.790263251572064,42.27642276422765,123,-0.01924438389473557,0.64371625722908,43.62068965517241,580
744,12.4,12:24,-0.017374948121120004,0.7110511774193385,43.544857768052516,457,-0.026533598540396518,0.7708077417955621,42.27642276422765,123,-0.019197932368777204,0.6445170083836663,43.275862068965516,580
745,12.416666666666666,12:25,-0.01581409494961646,0.735994806983152,43.32603938730853,457,-0.023534914544838408,0.7961093722785647,42.27642276422765,123,-0.017349482584849342,0.6767070344035545,43.103448275862064,580
746,12.433333333333334,12:26,-0.018259727525148556,0.6970455000838683,43.10722100656455,457,-0.02483050797459437,0.7851500228670598,42.27642276422765,123,-0.01954714761948894,0.638507225384575,42.931034482758626,580
747,12.45,12:27,-0.016953086540353986,0.7177637981460894,43.98249452954048,457,-0.02908194205718459,0.7494924533902575,43.08943089430895,123,-0.019388877203524866,0.6412280599804789,43.79310344827586,580
748,12.466666666666667,12:28,-0.0170302795278165,0.7165338681696585,43.98249452954048,457,-0.028733576320598364,0.752395591999533,43.90243902439025,123,-0.019366758263141888,0.6416086919929429,43.96551724137931,580
749,12.483333333333333,12:29,-0.020185018906596568,0.6669275971760269,44.201312910284464,457,-0.028817478428336683,0.7516960678764857,44.71544715447154,123,-0.021877837397951464,0.5990171887148622,44.310344827586206,580
750,12.5,12:30,-0.015175323039308006,0.7462851634569291,44.63894967177243,457,-0.028524622810027177,0.7541385896847336,43.08943089430895,123,-0.017838591971633105,0.668128826950079,44.310344827586206,580
751,12.516666666666667,12:31,-0.01139457226674238,0.8080604689455058,44.201312910284464,457,-0.03428406249765405,0.7065771374511031,43.08943089430895,123,-0.016025895776641923,0.7001286641072186,43.96551724137931,580
752,12.533333333333333,12:32,-0.013285428388441182,0.7769892579519296,44.201312910284464,457,-0.038735055323227324,0.6705699452442356,42.27642276422765,123,-0.018440676479538398,0.6576283823952965,43.79310344827586,580
753,12.55,12:33,-0.0161484300311112,0.7306274326925205,44.201312910284464,457,-0.03906089876649957,0.6679618912717986,43.08943089430895,123,-0.02076642846208565,0.6177112423203562,43.96551724137931,580
754,12.566666666666666,12:34,-0.014812346167685467,0.7521528660189144,43.7636761487965,457,-0.041662373467031825,0.6472836726954361,43.08943089430895,123,-0.020224318228801226,0.6269210502493588,43.62068965517241,580
755,12.583333333333334,12:35,-0.014573356124793862,0.756024092874117,43.544857768052516,457,-0.041632183243055364,0.6475221475519615,41.46341463414634,123,-0.020025453717619216,0.6303142182121907,43.103448275862064,580
756,12.6,12:36,-0.013600960404791532,0.771837312525626,43.32603938730853,457,-0.037996708127832554,0.6764941678634088,41.46341463414634,123,-0.01848552521855016,0.6568488715841856,42.931034482758626,580
757,12.616666666666667,12:37,-0.01298625535526943,0.7818831463316825,43.98249452954048,457,-0.035103160399498054,0.6998991064061406,43.08943089430895,123,-0.017425695376875248,0.6753675921696732,43.79310344827586,580
758,12.633333333333333,12:38,-0.015759721092301015,0.73686894169963,44.201312910284464,457,-0.03134768280189149,0.7306978009713915,43.08943089430895,123,-0.01886575050935454,0.6502552487412602,43.96551724137931,580
759,12.65,12:39,-0.01674475907344184,0.7210867508694486,44.63894967177243,457,-0.03216067217547941,0.7239920070075777,41.46341463414634,123,-0.01980701599260707,0.6340503401038782,43.96551724137931,580
760,12.666666666666666,12:40,-0.018284098828481726,0.6966611392850997,43.7636761487965,457,-0.03571760611513833,0.6949045532223352,43.08943089430895,123,-0.02173739808069468,0.6013652395514928,43.62068965517241,580
761,12.683333333333334,12:41,-0.01750173724073907,0.7090380500374924,43.7636761487965,457,-0.033942894117006524,0.7093652809732818,42.27642276422765,123,-0.02075162895810223,0.6179618829185897,43.44827586206896,580
762,12.7,12:42,-0.014581880868608307,0.7558859010243464,43.544857768052516,457,-0.03381312085702576,0.7104268443741619,40.65040650406504,123,-0.018406123825890637,0.6582291915577199,42.931034482758626,580
763,12.716666666666667,12:43,-0.013108553395579318,0.7798815361844017,43.98249452954048,457,-0.031095158253086543,0.732784875235527,43.08943089430895,123,-0.016686349207039878,0.6884043047818595,43.79310344827586,580
764,12.733333333333333,12:44,-0.014159260106762082,0.7627461566938357,43.98249452954048,457,-0.03273094219311391,0.7193006557983734,42.27642276422765,123,-0.017871472901784674,0.6675536796244311,43.62068965517241,580
765,12.75,12:45,-0.012718590876178885,0.7862689293851267,43.7636761487965,457,-0.02854555451973948,0.7539639307095104,40.65040650406504,123,-0.015887305914516998,0.7025980967127631,43.103448275862064,580
766,12.766666666666667,12:46,-0.011099167361733008,0.8129434005619487,44.201312910284464,457,-0.030083813469066807,0.7411629070327592,43.08943089430895,123,-0.014937666646081687,0.7196021248616913,43.96551724137931,580
767,12.783333333333333,12:47,-0.011528755035195888,0.8058449250530656,43.98249452954048,457,-0.03434871783337287,0.7060491887697693,42.27642276422765,123,-0.016147079818072643,0.6979719603882955,43.62068965517241,580
768,12.8,12:48,-0.014218102197654526,0.7617898659351743,44.85776805251641,457,-0.03591975751937196,0.6932641975056805,42.27642276422765,123,-0.018616403940489287,0.6545762144967675,44.310344827586206,580
769,12.816666666666666,12:49,-0.014844927079468679,0.7516255899487081,44.63894967177243,457,-0.038105991454155316,0.6756160605395335,43.08943089430895,123,-0.019525770978427552,0.6388744299008582,44.310344827586206,580
770,12.833333333333334,12:50,-0.011930655518872567,0.7992183445964565,45.29540481400438,457,-0.037106139966993766,0.6836661221409277,43.08943089430895,123,-0.017013406537424162,0.6826257073129622,44.827586206896555,580
771,12.85,12:51,-0.010787755253309076,0.8180987810399338,44.63894967177243,457,-0.03564936104407832,0.6954586463322437,43.08943089430895,123,-0.015821191930602465,0.7037772398183204,44.310344827586206,580
772,12.866666666666667,12:52,-0.016100189952007363,0.7314010690219873,43.98249452954048,457,-0.03546850345140156,0.696927835564594,42.27642276422765,123,-0.020010440855594863,0.6305706955679989,43.62068965517241,580
773,12.883333333333333,12:53,-0.014754689011733374,0.7530862481501917,44.201312910284464,457,-0.03671920659114232,0.6867910391036116,43.08943089430895,123,-0.019191960600676766,0.6446199821345944,43.96551724137931,580
774,12.9,12:54,-0.015502393282497563,0.7410104283464003,44.42013129102845,457,-0.03569525857552199,0.6950859789167949,43.08943089430895,123,-0.0195356977632374,0.6387038981918768,44.13793103448276,580
775,12.916666666666666,12:55,-0.015504853607875645,0.7409707957111477,45.076586433260395,457,-0.03095361233319132,0.7339555842677364,42.27642276422765,123,-0.01856837071227913,0.6554099230534822,44.48275862068966,580
776,12.933333333333334,12:56,-0.011882167301201781,0.8000170699800289,45.29540481400438,457,-0.031160874594402713,0.7322415518192802,42.27642276422765,123,-0.015714813856433734,0.7056759840011326,44.6551724137931,580
777,12.95,12:57,-0.012340442146043235,0.7924765455549289,45.29540481400438,457,-0.026704914194416878,0.7693692222954602,43.08943089430895,123,-0.015186352973283274,0.7151354039020521,44.827586206896555,580
778,12.966666666666667,12:58,-0.015436070380105499,0.7420790616440993,45.29540481400438,457,-0.029464314936240705,0.7463099446787754,42.27642276422765,123,-0.01823151597782055,0.6612686725010792,44.6551724137931,580
779,12.983333333333333,12:59,-0.01415308981956521,0.7628464559978112,45.076586433260395,457,-0.02982374969969592,0.7433222414311687,42.27642276422765,123,-0.017282237237800053,0.6778897213609132,44.48275862068966,580
780,13.0,13:00,-0.011159784386454942,0.8119408261148762,44.63894967177243,457,-0.03564577619334164,0.6954877567762436,43.08943089430895,123,-0.01609344890095584,0.6989261271542233,44.310344827586206,580
781,13.016666666666667,13:01,-0.010513106181536828,0.82265207867414,44.85776805251641,457,-0.03534531881923807,0.6979291643036938,43.90243902439025,123,-0.015516101643541676,0.7092276946627408,44.6551724137931,580
782,13.033333333333333,13:02,-0.008906004057696456,0.8494102383618557,45.29540481400438,457,-0.0365262852717771,0.68835107423974,43.08943089430895,123,-0.014461786187126915,0.728176099181944,44.827586206896555,580
783,13.05,13:03,-0.0075515539118493815,0.8720981542231235,44.201312910284464,457,-0.038902803083121676,0.6692267985624102,41.46341463414634,123,-0.013848152824534662,0.7392821160987253,43.62068965517241,580
784,13.066666666666666,13:04,-0.009280741414859276,0.8431542099440191,44.201312910284464,457,-0.04003650557649402,0.660176869998469,43.08943089430895,123,-0.015451149245615818,0.710390003249657,43.96551724137931,580
785,13.083333333333334,13:05,-0.006932645835130054,0.8825014487899093,43.98249452954048,457,-0.03694287076074756,0.684984053638597,43.08943089430895,123,-0.012864099943606391,0.7572051512624095,43.79310344827586,580
786,13.1,13:06,-0.005195325543906417,0.911806700836518,44.42013129102845,457,-0.03130000490099006,0.7310917008474561,42.27642276422765,123,-0.010374011376839834,0.803123312677921,43.96551724137931,580
787,13.116666666666667,13:07,-0.006090026734521765,0.8966973214227646,45.076586433260395,457,-0.026041309974960417,0.7749457559117339,42.27642276422765,123,-0.01001963991907887,0.8097176031295972,44.48275862068966,580
788,13.133333333333333,13:08,-0.007483440964739806,0.8732420266285029,45.076586433260395,457,-0.026368101194729057,0.7721981452878411,43.08943089430895,123,-0.011205697353363561,0.7877025313928575,44.6551724137931,580
789,13.15,13:09,-0.006130825416047786,0.8960091757265266,44.85776805251641,457,-0.02446007116887906,0.7882793377059029,42.27642276422765,123,-0.009722300633853494,0.8152610510977731,44.310344827586206,580
790,13.166666666666666,13:10,-0.007948640814232494,0.8654349533558939,44.85776805251641,457,-0.02392257322976089,0.7928259179363949,43.90243902439025,123,-0.011081595223524223,0.7899984797407804,44.6551724137931,580
791,13.183333333333334,13:11,-0.006878494950174963,0.8834126655702266,44.85776805251641,457,-0.015951130298053486,0.8609920746338386,43.90243902439025,123,-0.008655866122726947,0.8352172217658509,44.6551724137931,580
792,13.2,13:12,-0.008864895785170296,0.8500971008420983,44.85776805251641,457,-0.017082117027721708,0.8512457680254173,43.90243902439025,123,-0.010476414680648992,0.8012203280385216,44.6551724137931,580
793,13.216666666666667,13:13,-0.01255733696724436,0.7889144115002328,45.29540481400438,457,-0.020168086957282064,0.8247704018703488,43.90243902439025,123,-0.014044225084712005,0.7357274189367623,45.0,580
794,13.233333333333333,13:14,-0.016442636420882492,0.7259151194490154,44.85776805251641,457,-0.02529223051218172,0.7812543606830983,42.27642276422765,123,-0.01816794526551142,0.6623766657176798,44.310344827586206,580
795,13.25,13:15,-0.018120879495603235,0.6992367541235459,45.51422319474836,457,-0.02721659003101922,0.765077417087224,43.08943089430895,123,-0.019884782052241496,0.632719169365729,45.0,580
796,13.266666666666667,13:16,-0.016896349115937195,0.7186682712419858,45.076586433260395,457,-0.028638469355771353,0.7531887782043007,43.08943089430895,123,-0.019195430333695356,0.644560151216611,44.6551724137931,580
797,13.283333333333333,13:17,-0.014212913732632153,0.761874173357404,44.63894967177243,457,-0.031605069169290206,0.7285725688848602,43.08943089430895,123,-0.017636266620628456,0.6716721331382121,44.310344827586206,580
798,13.3,13:18,-0.01549798259251678,0.7410814805279912,44.85776805251641,457,-0.03139640514111413,0.7302953447151359,43.08943089430895,123,-0.01860793737047147,0.6547231368629657,44.48275862068966,580
799,13.316666666666666,13:19,-0.019213202440974672,0.6820668875384696,44.42013129102845,457,-0.03670950921292038,0.6868694244196707,43.08943089430895,123,-0.022644393649661622,0.5862745990571002,44.13793103448276,580
800,13.333333333333334,13:20,-0.018858266405079604,0.6876285607558215,44.201312910284464,457,-0.03674149269606257,0.6866109098877469,44.71544715447154,123,-0.022351672192646714,0.5911257520287486,44.310344827586206,580
801,13.35,13:21,-0.02014094307076699,0.6676113648633161,44.42013129102845,457,-0.04185737100613107,0.645744234586325,44.71544715447154,123,-0.024369703652157702,0.5580629890329442,44.48275862068966,580
802,13.366666666666667,13:22,-0.018442828693508096,0.6941597068720524,43.98249452954048,457,-0.04357700074264799,0.6322337908134247,45.52845528455284,123,-0.02334494235309411,0.5747401074451574,44.310344827586206,580
803,13.383333333333333,13:23,-0.017578592546047846,0.7078187439518692,44.85776805251641,457,-0.03974266477694333,0.6625178502892074,44.71544715447154,123,-0.021914770458330995,0.598400381847991,44.827586206896555,580
804,13.4,13:24,-0.017815752044206393,0.7040609352559953,44.42013129102845,457,-0.04283145812141431,0.6380766828590819,43.08943089430895,123,-0.022687181386752315,0.5855670407567756,44.13793103448276,580
805,13.416666666666666,13:25,-0.020462904291920207,0.662623006745283,44.63894967177243,457,-0.04491377950404515,0.6218140809753541,44.71544715447154,123,-0.025246426161159317,0.5439839785942077,44.6551724137931,580
806,13.433333333333334,13:26,-0.02055094105676792,0.661261576141059,45.29540481400438,457,-0.044857201998781925,0.6222535878180676,44.71544715447154,123,-0.025297717433022972,0.543165795864105,45.17241379310345,580
807,13.45,13:27,-0.0192070509168443,0.6821631335271106,45.076586433260395,457,-0.04020765781018024,0.6588148393985647,45.52845528455284,123,-0.02331289325981858,0.5752654489846422,45.17241379310345,580
808,13.466666666666667,13:28,-0.02044798212466527,0.6628538785537069,44.42013129102845,457,-0.038482884830038526,0.6725910165249938,45.52845528455284,123,-0.023959443613480125,0.564711389569201,44.6551724137931,580
809,13.483333333333333,13:29,-0.018032988844709018,0.7006251085558172,44.85776805251641,457,-0.03379861310266169,0.7105455543631927,45.52845528455284,123,-0.021085835092879632,0.6123127092863621,45.0,580
810,13.5,13:30,-0.019606580557384262,0.6759229064909115,45.51422319474836,457,-0.03645292841205141,0.6889446099004086,45.52845528455284,123,-0.022868776449859733,0.5825685086739405,45.51724137931035,580
811,13.516666666666667,13:31,-0.018981857164589108,0.6856900234313679,45.076586433260395,457,-0.04154019787228096,0.6482489671460515,45.52845528455284,123,-0.023377289646050018,0.5742101075274771,45.17241379310345,580
812,13.533333333333333,13:32,-0.018900074650604913,0.6869725630822912,45.951859956236326,457,-0.03616976232420668,0.691237498647555,44.71544715447154,123,-0.022251434695034086,0.5927911678654353,45.689655172413794,580
813,13.55,13:33,-0.0180826202218165,0.6998409894228135,45.29540481400438,457,-0.03493806444560716,0.7012432957529504,44.71544715447154,123,-0.021362722277010034,0.6076497421656382,45.17241379310345,580
814,13.566666666666666,13:34,-0.01687519601090078,0.7190055816524233,45.951859956236326,457,-0.03293543185952134,0.7176209424856549,44.71544715447154,123,-0.01999940615018509,0.6307592390402788,45.689655172413794,580
815,13.583333333333334,13:35,-0.018092306393332126,0.6996879961236405,45.73304157549234,457,-0.03145577345138913,0.7298050497312744,43.90243902439025,123,-0.020680677518882105,0.619164113983929,45.3448275862069,580
816,13.6,13:36,-0.019307510230000706,0.6805920056017586,46.608315098468275,457,-0.03204107057184523,0.7249772217988592,43.90243902439025,123,-0.021762068584588137,0.600952465435909,46.03448275862069,580
817,13.616666666666667,13:37,-0.0220030631428883,0.6389693057678446,45.951859956236326,457,-0.0317579961021288,0.7273108293045443,44.71544715447154,123,-0.023865676582060576,0.5662362340392325,45.689655172413794,580
818,13.633333333333333,13:38,-0.02158974745569999,0.6452824246917587,45.951859956236326,457,-0.02858013957452897,0.7536753723357025,44.71544715447154,123,-0.022907060547756077,0.5819372679097838,45.689655172413794,580
819,13.65,13:39,-0.022596557900309584,0.6299495833136496,46.17067833698031,457,-0.029976738343120295,0.7420517193778298,45.52845528455284,123,-0.02398917889835167,0.5642282445929085,46.03448275862069,580
820,13.666666666666666,13:40,-0.02243821515540138,0.6323507198634085,46.608315098468275,457,-0.03269963585699702,0.7195579298758422,43.90243902439025,123,-0.024401075328514665,0.5575561673860158,46.03448275862069,580
821,13.683333333333334,13:41,-0.021953111991416273,0.6397309040784667,46.17067833698031,457,-0.0316417699348413,0.7282696990138002,43.90243902439025,123,-0.02379783492423901,0.5673407059583954,45.689655172413794,580
822,13.7,13:42,-0.021989682567820048,0.6391732803853546,47.04595185995623,457,-0.03412654199296756,0.70786396788053,44.71544715447154,123,-0.02431383688016775,0.5589660914293704,46.55172413793103,580
823,13.716666666666667,13:43,-0.020520676177818387,0.6617294769016162,46.82713347921225,457,-0.03326827062450808,0.7148898316628242,44.71544715447154,123,-0.022966183137219483,0.5809630620060606,46.37931034482759,580
824,13.733333333333333,13:44,-0.02095040680632623,0.655098176694497,46.608315098468275,457,-0.034457719874159624,0.7051594396135407,43.08943089430895,123,-0.02354622432803241,0.5714459247278212,45.86206896551724,580
825,13.75,13:45,-0.025001365104342303,0.5939728463724961,46.608315098468275,457,-0.03876271223325188,0.6703484262200167,43.08943089430895,123,-0.027628731921938144,0.5066395552637638,45.86206896551724,580
826,13.766666666666667,13:46,-0.024848179772896554,0.5962364210010792,46.17067833698031,457,-0.03714469113123751,0.6833550705102074,43.90243902439025,123,-0.027190568338902144,0.513405791231805,45.689655172413794,580
827,13.783333333333333,13:47,-0.02609973120509964,0.5778586418869562,46.82713347921225,457,-0.039429187764097366,0.6650188632685003,45.52845528455284,123,-0.02863232335746945,0.49131980923597307,46.55172413793103,580
828,13.8,13:48,-0.02453978718830109,0.600805285565484,45.73304157549234,457,-0.043251119389036696,0.6347849944035083,44.71544715447154,123,-0.028126471548811677,0.4990104368825129,45.51724137931035,580
829,13.816666666666666,13:49,-0.022168793385050872,0.6364451601055884,45.73304157549234,457,-0.04338875336204502,0.6337069844981396,43.90243902439025,123,-0.026243742609004975,0.5281855778629568,45.3448275862069,580
830,13.833333333333334,13:50,-0.020381330593883095,0.6638854828574191,45.51422319474836,457,-0.04479454502484126,0.6227404765740943,42.27642276422765,123,-0.025069024190111606,0.5468185460764426,44.827586206896555,580
831,13.85,13:51,-0.02029189169061831,0.6652707784132723,45.51422319474836,457,-0.043697272417672996,0.6312933177354019,43.90243902439025,123,-0.024780516195475326,0.551443911452979,45.17241379310345,580
832,13.866666666666667,13:52,-0.019656430446493223,0.6751458483937894,45.29540481400438,457,-0.04829208508218627,0.5958164550670622,43.08943089430895,123,-0.02515294873119723,0.5454766726573153,44.827586206896555,580
833,13.883333333333333,13:53,-0.01908355651315666,0.6840964001013161,45.51422319474836,457,-0.0457064259800484,0.6156706823559971,44.71544715447154,123,-0.02418845087199105,0.5609955656739694,45.3448275862069,580
834,13.9,13:54,-0.018585637706237862,0.6919120052275449,44.85776805251641,457,-0.047485846530234584,0.6019762817494578,44.71544715447154,123,-0.02414723695469031,0.561663422283167,44.827586206896555,580
835,13.916666666666666,13:55,-0.021183034860190394,0.6515196609541026,44.63894967177243,457,-0.04389477256495615,0.6297502296068284,44.71544715447154,123,-0.025544319946815785,0.5392406215474718,44.6551724137931,580
836,13.933333333333334,13:56,-0.018967473721857704,0.6859155239284979,45.73304157549234,457,-0.04421826131041589,0.6272262266075829,43.90243902439025,123,-0.023859693605819493,0.5663335963614462,45.3448275862069,580
837,13.95,13:57,-0.018972131856388928,0.6858424916517045,45.51422319474836,457,-0.04565993511651885,0.6160302815907005,42.27642276422765,123,-0.024149050484745062,0.5616340266226029,44.827586206896555,580
838,13.966666666666667,13:58,-0.017984515797947805,0.701391234425828,45.73304157549234,457,-0.04859793695520745,0.5934871328880215,41.46341463414634,123,-0.023915223022736274,0.5654302616544495,44.827586206896555,580
839,13.983333333333333,13:59,-0.01739301724004927,0.7107641571165038,44.85776805251641,457,-0.050986483122149366,0.5754397043509415,41.46341463414634,123,-0.02390906680993256,0.5655303749026258,44.13793103448276,580
840,14.0,14:00,-0.019222952338836526,0.6819143523980397,45.29540481400438,457,-0.05020250838921406,0.5813349939032731,41.46341463414634,123,-0.025213795996041535,0.5445048030180858,44.48275862068966,580
841,14.016666666666667,14:01,-0.018834195267327904,0.688006358416108,45.951859956236326,457,-0.04773942048495432,0.6000358695616727,43.90243902439025,123,-0.02437450823960298,0.5579853545624082,45.51724137931035,580
842,14.033333333333333,14:02,-0.018895202379535826,0.6870489999987041,45.29540481400438,457,-0.041790473518881446,0.6462721986774513,42.27642276422765,123,-0.023269036290560423,0.5759847091892927,44.6551724137931,580
843,14.05,14:03,-0.02043534322159691,0.6630494492790582,45.076586433260395,457,-0.04352994109980606,0.6326019371793057,42.27642276422765,123,-0.02484705151168444,0.5503755164807537,44.48275862068966,580
844,14.066666666666666,14:04,-0.022394592726200896,0.6330128986354234,45.951859956236326,457,-0.044513778709378345,0.6249242271748694,43.08943089430895,123,-0.026592025163399875,0.5227239142883744,45.3448275862069,580
845,14.083333333333334,14:05,-0.022240366187567626,0.6353563713551927,45.73304157549234,457,-0.04345493540873917,0.6331888906082143,43.08943089430895,123,-0.026278050861980873,0.5276462812804094,45.17241379310345,580
846,14.1,14:06,-0.021375817130279758,0.6485601385808039,45.29540481400438,457,-0.04436451444247121,0.6260865050659119,43.90243902439025,123,-0.02577755045888353,0.5355413774160835,45.0,580
847,14.116666666666667,14:07,-0.019882458151812284,0.6716268763766996,45.29540481400438,457,-0.04412973469626597,0.6279165241647786,43.08943089430895,123,-0.02451734773818292,0.5556796925495735,44.827586206896555,580
848,14.133333333333333,14:08,-0.018413381630391582,0.6946235148978189,45.51422319474836,457,-0.04452482383377078,0.624838258515743,43.90243902439025,123,-0.023424870265693017,0.573430934206971,45.17241379310345,580
849,14.15,14:09,-0.022827733137621965,0.6264509947414074,45.51422319474836,457,-0.044951834795411386,0.6215185337675859,43.90243902439025,123,-0.027018722754005235,0.5160722287486238,45.17241379310345,580
850,14.166666666666666,14:10,-0.023447009215442644,0.617120278288362,45.73304157549234,457,-0.04258287519439854,0.6400298213210432,43.08943089430895,123,-0.02706502771700916,0.5153530345734144,45.17241379310345,580
851,14.183333333333334,14:11,-0.02398921579727415,0.609000990890224,46.17067833698031,457,-0.039915153876145915,0.6611432621165149,43.08943089430895,123,-0.027000601608252576,0.5163538219873666,45.51724137931035,580
852,14.2,14:12,-0.02568381402458885,0.5839364470277312,45.51422319474836,457,-0.04246385508776928,0.6409658468460095,40.65040650406504,123,-0.028862198789974293,0.48784603516718517,44.48275862068966,580
853,14.216666666666667,14:13,-0.02319341373567301,0.6209339048716969,45.51422319474836,457,-0.04345097892098975,0.6332198582498572,39.02439024390244,123,-0.027050488852405498,0.5155787917528867,44.13793103448276,580
854,14.233333333333333,14:14,-0.02578749820685031,0.5824185346294812,46.17067833698031,457,-0.04083031776471711,0.6538691574701844,39.02439024390244,123,-0.028634429826134997,0.49128791719428916,44.6551724137931,580
855,14.25,14:15,-0.028942340570664808,0.5371348660830605,45.951859956236326,457,-0.04106654203347804,0.651996774030677,38.21138211382114,123,-0.03122087146618754,0.45297829119294514,44.310344827586206,580
856,14.266666666666667,14:16,-0.025480759306810884,0.5869144274113919,46.17067833698031,457,-0.03753125270894313,0.6802390246585795,39.83739837398374,123,-0.02774898631521549,0.5047907668001348,44.827586206896555,580
857,14.283333333333333,14:17,-0.024843970954555348,0.596298668726126,45.73304157549234,457,-0.035823582395786334,0.6940444331689547,40.65040650406504,123,-0.026900726206169942,0.5179072585823274,44.6551724137931,580
858,14.3,14:18,-0.024204169241702288,0.6057953312198657,45.51422319474836,457,-0.035148306365016424,0.6995316953402158,41.46341463414634,123,-0.026255632294303763,0.5279986504039504,44.6551724137931,580
859,14.316666666666666,14:19,-0.027360030696870527,0.5596253723246363,45.951859956236326,457,-0.03864185597079871,0.6713166369944605,41.46341463414634,123,-0.02947092837774304,0.47871138555389176,45.0,580
860,14.333333333333334,14:20,-0.026574441738124142,0.5709581654185785,45.73304157549234,457,-0.03855562114950021,0.672007816057101,41.46341463414634,123,-0.028815753871066302,0.48854682267318067,44.827586206896555,580
861,14.35,14:21,-0.024647801262782425,0.5992032533411776,45.29540481400438,457,-0.03506582360056009,0.7002030166118545,41.46341463414634,123,-0.02659622733739135,0.5226581941297551,44.48275862068966,580
862,14.366666666666667,14:22,-0.024889016690834133,0.5956326030249379,45.51422319474836,457,-0.03672212085379631,0.6867674833453794,41.46341463414634,123,-0.027114584154862155,0.5145839148633496,44.6551724137931,580
863,14.383333333333333,14:23,-0.022955467976747,0.6245214461577225,45.51422319474836,457,-0.03840100153668505,0.673247790320741,40.65040650406504,123,-0.02589440045082693,0.533692839406026,44.48275862068966,580
864,14.4,14:24,-0.023894995933866466,0.6104084850986793,46.17067833698031,457,-0.04024178760001587,0.6585433677324188,40.65040650406504,123,-0.027030055236957843,0.515896168203387,45.0,580
865,14.416666666666666,14:25,-0.024104990535458982,0.6072734752343332,45.51422319474836,457,-0.03798456182880462,0.676591791989462,40.65040650406504,123,-0.026762110644253836,0.5200672382142707,44.48275862068966,580
866,14.433333333333334,14:26,-0.024242841041994003,0.605219408044946,45.951859956236326,457,-0.03855980188198071,0.6719743008260267,39.83739837398374,123,-0.026981522792543525,0.5166503827586187,44.6551724137931,580
867,14.45,14:27,-0.0217409976095187,0.6429691920082321,46.17067833698031,457,-0.038607993105730196,0.6715880178988021,39.83739837398374,123,-0.024997969530325306,0.5479559152838354,44.827586206896555,580
868,14.466666666666667,14:28,-0.02172724115364217,0.6431794422844234,46.389496717724285,457,-0.04269226622685401,0.6391700215911343,39.83739837398374,123,-0.02579619207302997,0.5352462561083412,45.0,580
869,14.483333333333333,14:29,-0.021147444378712875,0.6520666335889267,46.17067833698031,457,-0.03935026360588723,0.6656491256590542,39.83739837398374,123,-0.02467073496413432,0.5532089501880749,44.827586206896555,580
870,14.5,14:30,-0.022573535888386738,0.6302984518336051,46.389496717724285,457,-0.03756906619639396,0.6799345010526301,41.46341463414634,123,-0.025455313010457038,0.5406557095831297,45.3448275862069,580
871,14.516666666666667,14:31,-0.022367046177276723,0.6334312002084113,45.951859956236326,457,-0.03742644984568218,0.6810833033097011,42.27642276422765,123,-0.02527674303726752,0.5435002991532516,45.17241379310345,580
872,14.533333333333333,14:32,-0.021928407895066296,0.640107703990754,45.73304157549234,457,-0.03789488335200409,0.6773127358330967,40.65040650406504,123,-0.0250245276380094,0.5475306642214764,44.6551724137931,580
873,14.55,14:33,-0.020512086950499914,0.6618622919839452,45.51422319474836,457,-0.03831078329251124,0.673971702532246,40.65040650406504,123,-0.023988604302759307,0.5642375788582445,44.48275862068966,580
874,14.566666666666666,14:34,-0.020153622035322963,0.667414642338508,45.73304157549234,457,-0.04040971174755954,0.6572083305126728,42.27642276422765,123,-0.024122498291053715,0.5620644874276288,45.0,580
875,14.583333333333334,14:35,-0.022761476940234462,0.6274528594171223,46.608315098468275,457,-0.039021653894560374,0.6682757987397142,40.65040650406504,123,-0.025934723232172392,0.5330556900590423,45.3448275862069,580
876,14.6,14:36,-0.020953764392227348,0.6550464705254079,46.608315098468275,457,-0.039444775864725654,0.6648944094465384,40.65040650406504,123,-0.024599390799561624,0.5543574848612371,45.3448275862069,580
877,14.616666666666667,14:37,-0.019634155443081617,0.6754930276729503,46.82713347921225,457,-0.04055560648032509,0.6560493085569231,40.65040650406504,123,-0.023803364177703783,0.5672506504085686,45.51724137931035,580
878,14.633333333333333,14:38,-0.01878569985815901,0.6887677318302282,46.17067833698031,457,-0.037589311236232936,0.6797714827257025,40.65040650406504,123,-0.022525703215304192,0.5882393872684923,45.0,580
879,14.65,14:39,-0.020188115592609805,0.6668795672908825,45.73304157549234,457,-0.039858833968932805,0.6615919590351583,40.65040650406504,123,-0.02409833983935215,0.5624562792792296,44.6551724137931,580
880,14.666666666666666,14:40,-0.020741443512601997,0.658319405870778,46.17067833698031,457,-0.03981845462725631,0.6619137324499318,40.65040650406504,123,-0.024534247164646153,0.5554072155058177,45.0,580
881,14.683333333333334,14:41,-0.02274791708076022,0.6276579835113855,45.951859956236326,457,-0.03967307827234587,0.6630727125332895,40.65040650406504,123,-0.026083296421135403,0.5307113679881236,44.827586206896555,580
882,14.7,14:42,-0.02330069047030941,0.6193194056708322,45.951859956236326,457,-0.04294353841962195,0.6371968675694277,41.46341463414634,123,-0.02716879669708551,0.5137432141162455,45.0,580
883,14.716666666666667,14:43,-0.02510224383966022,0.5924843339802336,46.17067833698031,457,-0.041470957881244525,0.6487962832898229,40.65040650406504,123,-0.02830442393444747,0.4962977165122043,45.0,580
884,14.733333333333333,14:44,-0.025264242983251396,0.5900975367011024,45.51422319474836,457,-0.03996467332366236,0.6607488433113543,39.83739837398374,123,-0.0281130594382018,0.4992152101466232,44.310344827586206,580
885,14.75,14:45,-0.027875015531320477,0.55225577490423,45.73304157549234,457,-0.03626668051689342,0.6904524041365018,40.65040650406504,123,-0.02944024825541161,0.4791695332533247,44.6551724137931,580
886,14.766666666666667,14:46,-0.024674321782697392,0.5988102041704619,45.51422319474836,457,-0.03937009127421652,0.6654907664543646,39.83739837398374,123,-0.027502105344683225,0.5085901402697687,44.310344827586206,580
887,14.783333333333333,14:47,-0.024785724481697163,0.5971604271875764,45.29540481400438,457,-0.036929486535325344,0.6850921350198493,41.46341463414634,123,-0.027092897236940614,0.5149204242501483,44.48275862068966,580
888,14.8,14:48,-0.02557114854052972,0.5855879219686454,45.29540481400438,457,-0.03268043805830577,0.7197157120531573,40.65040650406504,123,-0.02688012152957664,0.5182280382391456,44.310344827586206,580
889,14.816666666666666,14:49,-0.02764662639721556,0.5555182312149713,45.51422319474836,457,-0.030500974514365085,0.7377033860833435,39.83739837398374,123,-0.028113195208957734,0.4992131370044349,44.310344827586206,580
890,14.833333333333334,14:50,-0.027919943718690172,0.5516150971434999,45.51422319474836,457,-0.03129146853464307,0.7311622330250206,39.83739837398374,123,-0.028486584408415,0.49352899417723023,44.310344827586206,580
891,14.85,14:51,-0.02997201462936945,0.5227466013802997,45.29540481400438,457,-0.03325471619428386,0.715000982523313,40.65040650406504,123,-0.030515144409560824,0.4632612077635391,44.310344827586206,580
892,14.866666666666667,14:52,-0.03230970035123007,0.4908290625844152,45.29540481400438,457,-0.032553748499958006,0.720757239053528,41.46341463414634,123,-0.032248969897657666,0.43823083180594297,44.48275862068966,580
893,14.883333333333333,14:53,-0.030156055939374895,0.520195822514916,45.73304157549234,457,-0.029307930185226542,0.7476110298793067,41.46341463414634,123,-0.029890529491079364,0.4724694766732949,44.827586206896555,580
894,14.9,14:54,-0.031962604268342784,0.49550120776308887,46.17067833698031,457,-0.028025149038720287,0.7583099786810454,41.46341463414634,123,-0.03107694998890492,0.45506482959583544,45.17241379310345,580
895,14.916666666666666,14:55,-0.033333542595348015,0.4771860220118069,46.82713347921225,457,-0.02194357094771128,0.8096247875331916,42.27642276422765,123,-0.030948455286269147,0.456932267007589,45.86206896551724,580
896,14.933333333333334,14:56,-0.030513965725061633,0.5152536352645194,46.389496717724285,457,-0.024072408740375688,0.7915577848135433,41.46341463414634,123,-0.029111280906286587,0.484096989345001,45.3448275862069,580
897,14.95,14:57,-0.03222618034791324,0.4919511374539376,45.951859956236326,457,-0.027985474549150572,0.7586416227166719,40.65040650406504,123,-0.031264086570435626,0.4523528225603885,44.827586206896555,580
898,14.966666666666667,14:58,-0.031005733622167617,0.5085029212406493,46.389496717724285,457,-0.028873340616413876,0.7512304349993537,42.27642276422765,123,-0.03045113226407966,0.4642002829793868,45.51724137931035,580
899,14.983333333333333,14:59,-0.03253321917684868,0.4878328864917329,46.608315098468275,457,-0.026457279792387815,0.771448833340264,43.08943089430895,123,-0.031189232290196094,0.45343652566443443,45.86206896551724,580
900,15.0,15:00,-0.030371658492191488,0.517215766364165,46.17067833698031,457,-0.031253335284049145,0.7314773384182675,41.46341463414634,123,-0.03042499585189372,0.464584014751836,45.17241379310345,580
901,15.016666666666667,15:01,-0.02961222849544519,0.5277515990921312,46.389496717724285,457,-0.03222589185349747,0.7234549518387711,43.08943089430895,123,-0.030012459085002833,0.4706640933669211,45.689655172413794,580
902,15.033333333333333,15:02,-0.026792606230497437,0.5678000560727302,47.70240700218819,457,-0.0375852968145474,0.6798038067185254,43.90243902439025,123,-0.0288316914802494,0.4883062859281456,46.89655172413793,580
903,15.05,15:03,-0.025537794986613682,0.5860772398677622,47.4835886214442,457,-0.03714925389989824,0.6833182591380049,43.08943089430895,123,-0.02775884110771002,0.5046394168214722,46.55172413793103,580
904,15.066666666666666,15:04,-0.02236069959621214,0.6335275912699109,47.26477024070022,457,-0.03226916176620107,0.7230987174409582,43.90243902439025,123,-0.024258093825074774,0.5598678988429195,46.55172413793103,580
905,15.083333333333334,15:05,-0.020423251948763186,0.6632365675594001,47.4835886214442,457,-0.027157011635569724,0.765576781841888,44.71544715447154,123,-0.021691831574568245,0.6021279701369611,46.89655172413793,580
906,15.1,15:06,-0.020471289339336386,0.6624932895366961,47.26477024070022,457,-0.024625320805101956,0.7868829489575293,43.90243902439025,123,-0.021214781501829098,0.6101392003048662,46.55172413793103,580
907,15.116666666666667,15:07,-0.020581036634728437,0.6607964235707598,47.04595185995623,457,-0.022180693070889414,0.8076072259599262,44.71544715447154,123,-0.02080279950136354,0.6170954603646783,46.55172413793103,580
908,15.133333333333333,15:08,-0.02199058332063389,0.6391595483791983,47.26477024070022,457,-0.021753783522161403,0.8112405016430787,43.90243902439025,123,-0.02183123337133331,0.5997959171181633,46.55172413793103,580
909,15.15,15:09,-0.020637067174464074,0.6599307721697186,47.04595185995623,457,-0.02784260693212339,0.7598362339540621,44.71544715447154,123,-0.022005159554476447,0.5968920374253868,46.55172413793103,580
910,15.166666666666666,15:10,-0.020274857742924306,0.6655347420729375,47.04595185995623,457,-0.029449486525195058,0.7464332830710984,44.71544715447154,123,-0.022040526358906687,0.596302333148185,46.55172413793103,580
911,15.183333333333334,15:11,-0.02094888521414811,0.6551216094605389,47.4835886214442,457,-0.03360601356511855,0.7121221600618699,44.71544715447154,123,-0.02341669259797692,0.5735648149191586,46.89655172413793,580
912,15.2,15:12,-0.022414506832742112,0.6327105705220114,47.26477024070022,457,-0.03017370009195909,0.7404170367168349,44.71544715447154,123,-0.02388187798520024,0.5659726251770818,46.724137931034484,580
913,15.216666666666667,15:13,-0.023226490143903072,0.6204359152052089,47.70240700218819,457,-0.030103759042047477,0.7409973798737868,45.52845528455284,123,-0.024511112406667913,0.555780244036624,47.241379310344826,580
914,15.233333333333333,15:14,-0.026384579438016812,0.5737133426660777,47.921225382932164,457,-0.034929878116156485,0.7013099718388954,45.52845528455284,123,-0.027979105225298888,0.501262835215875,47.41379310344828,580
915,15.25,15:15,-0.025925442463897982,0.5804019138473567,47.70240700218819,457,-0.03468294361269675,0.7033222717293736,43.90243902439025,123,-0.02757641063164933,0.5074450486522109,46.89655172413793,580
916,15.266666666666667,15:16,-0.022148313891976842,0.6367568450228718,48.14004376367615,457,-0.03294113684039033,0.7175741000730371,43.90243902439025,123,-0.024218283117920243,0.5605123842332085,47.241379310344826,580
917,15.283333333333333,15:17,-0.02249482911663032,0.6314917705087315,49.01531728665208,457,-0.031611226700079,0.7285217514754505,44.71544715447154,123,-0.02423194983927475,0.5602910967657014,48.10344827586207,580
918,15.3,15:18,-0.023176336866274284,0.6211910775068041,47.921225382932164,457,-0.03597037623928509,0.6928536741878938,44.71544715447154,123,-0.02566457912822309,0.5373316099788585,47.241379310344826,580
919,15.316666666666666,15:19,-0.02539298821601467,0.5882038363823195,47.921225382932164,457,-0.036916407434782604,0.6851977585819846,44.71544715447154,123,-0.027606412765037794,0.5069830797075323,47.241379310344826,580
920,15.333333333333334,15:20,-0.02405029913390612,0.6080892732317781,47.921225382932164,457,-0.03844938440752137,0.672859688681759,45.52845528455284,123,-0.026839440115746613,0.518861679144185,47.41379310344828,580
921,15.35,15:21,-0.02349475595023442,0.6164033976670185,47.26477024070022,457,-0.041876074348474214,0.6455966567674712,47.15447154471545,123,-0.027079273095969147,0.5151318842526424,47.241379310344826,580
922,15.366666666666667,15:22,-0.02518353673907857,0.5912860619087394,46.608315098468275,457,-0.04082733672242557,0.6538927998764442,45.52845528455284,123,-0.028218162504889274,0.4976117120631526,46.37931034482759,580
923,15.383333333333333,15:23,-0.02388645202001838,0.6105361886459437,46.82713347921225,457,-0.040425792689321886,0.65708053974568,44.71544715447154,123,-0.02710411512610727,0.514746345400742,46.37931034482759,580
924,15.4,15:24,-0.02274155913878302,0.6277541718989581,46.82713347921225,457,-0.0421966459841539,0.6430693477743008,46.34146341463415,123,-0.02656780529099472,0.5231027849723044,46.724137931034484,580
925,15.416666666666666,15:25,-0.021683257841837673,0.6438518634135334,46.82713347921225,457,-0.04461060897421459,0.6241707298499736,45.52845528455284,123,-0.026202092150272402,0.5288406638923142,46.55172413793103,580
926,15.433333333333334,15:26,-0.01963725695062101,0.6754446833013275,47.26477024070022,457,-0.04174275443868167,0.6466489117156298,44.71544715447154,123,-0.024012491914672123,0.5638495888195882,46.724137931034484,580
927,15.45,15:27,-0.019543384187483158,0.6769085037560305,46.608315098468275,457,-0.04131221263528302,0.6500518117242436,45.52845528455284,123,-0.023864138102104956,0.5662612693054913,46.37931034482759,580
928,15.466666666666667,15:28,-0.018692081310382233,0.6902384229963627,46.82713347921225,457,-0.04546828772705651,0.6175136032330627,44.71544715447154,123,-0.024019326672047894,0.5637386001518685,46.37931034482759,580
929,15.483333333333333,15:29,-0.01767948469726302,0.70621922759225,46.608315098468275,457,-0.04651749607520449,0.6094119087351216,43.08943089430895,123,-0.023461880460777365,0.5728252065420179,45.86206896551724,580
930,15.5,15:30,-0.01775972344910164,0.7049480668098812,46.389496717724285,457,-0.044221869530503735,0.627198097880162,45.52845528455284,123,-0.023063894465846238,0.5793546724431335,46.206896551724135,580
931,15.516666666666667,15:31,-0.021864539736050913,0.6410822834577194,46.608315098468275,457,-0.041165929080259706,0.651209649049535,45.52845528455284,123,-0.02568079808094084,0.5370744074275013,46.37931034482759,580
932,15.533333333333333,15:32,-0.020420731083121632,0.6632755818098802,46.82713347921225,457,-0.040417858083335076,0.6571435926130341,47.15447154471545,123,-0.024388439731599983,0.5577602734969557,46.89655172413793,580
933,15.55,15:33,-0.022101759474539566,0.6374656121126507,45.73304157549234,457,-0.043493865502556094,0.6328842165361781,47.96747967479675,123,-0.026364954841189565,0.5262814787634951,46.206896551724135,580
934,15.566666666666666,15:34,-0.019222542987917757,0.6819207563482076,46.17067833698031,457,-0.04769705391539458,0.6003598747859457,46.34146341463415,123,-0.024914568413745116,0.549292399788532,46.206896551724135,580
935,15.583333333333334,15:35,-0.019896951031776595,0.6714014836825858,46.82713347921225,457,-0.04452424231652964,0.6248427845733286,46.34146341463415,123,-0.024775351927219882,0.5515268795135694,46.724137931034484,580
936,15.6,15:36,-0.021296939252634484,0.6497703774665627,45.51422319474836,457,-0.0409146307843658,0.6532006198240209,46.34146341463415,123,-0.025180229596496316,0.5450408288535387,45.689655172413794,580
937,15.616666666666667,15:37,-0.019463676150911283,0.6781524001943902,46.608315098468275,457,-0.04216260728030883,0.6433375078438377,45.52845528455284,123,-0.02397059707177917,0.5645301426392316,46.37931034482759,580
938,15.633333333333333,15:38,-0.020715890427478328,0.6587137496464361,46.389496717724285,457,-0.04371460860892518,0.631157804680702,47.15447154471545,123,-0.025292190273511355,0.5432539340361892,46.55172413793103,580
939,15.65,15:39,-0.02231554683318307,0.6342135445445509,46.17067833698031,457,-0.04572657940999083,0.6155148271716206,47.15447154471545,123,-0.02697711660296251,0.5167188850021932,46.37931034482759,580
940,15.666666666666666,15:40,-0.023318217041889213,0.6190558068907867,46.17067833698031,457,-0.05091251010778834,0.5759947687836277,47.15447154471545,123,-0.02883722256968969,0.4882228234141716,46.37931034482759,580
941,15.683333333333334,15:41,-0.02506713411309297,0.5930022007487554,46.17067833698031,457,-0.05509621623405654,0.5450012319768233,45.52845528455284,123,-0.03108245800291706,0.4549848765360544,46.03448275862069,580
942,15.7,15:42,-0.024578875766672614,0.600225312846157,45.951859956236326,457,-0.05311101847941551,0.5596055844604854,44.71544715447154,123,-0.030321659633733504,0.4661029076436477,45.689655172413794,580
943,15.716666666666667,15:43,-0.024601868590857164,0.5998842771412787,46.608315098468275,457,-0.05597965593565302,0.5385627423620448,45.52845528455284,123,-0.03094032391626636,0.4570505860169193,46.37931034482759,580
944,15.733333333333333,15:44,-0.023894725725309138,0.610412523651276,46.389496717724285,457,-0.05821070102942082,0.5224724810402159,45.52845528455284,123,-0.03078542580101238,0.45930777325774735,46.206896551724135,580
945,15.75,15:45,-0.026028045623354673,0.578904065847886,46.17067833698031,457,-0.06339333258569178,0.48606031799024396,44.71544715447154,123,-0.03358260400159371,0.4195172029676372,45.86206896551724,580
946,15.766666666666667,15:46,-0.023036821752366557,0.6232938600113377,46.82713347921225,457,-0.06474938996032227,0.4767617903485315,45.52845528455284,123,-0.03149827368844678,0.4489718219280957,46.55172413793103,580
947,15.783333333333333,15:47,-0.022040962837556518,0.638391707374669,46.82713347921225,457,-0.06572543695680692,0.470129015295149,45.52845528455284,123,-0.030920367745534992,0.4573410396418125,46.55172413793103,580
948,15.8,15:48,-0.02550610907853225,0.5865422673713774,46.82713347921225,457,-0.07612249254946432,0.4026856868552765,46.34146341463415,123,-0.035819864014581794,0.38919845207493586,46.724137931034484,580
949,15.816666666666666,15:49,-0.024951777791507566,0.5947051545975034,47.26477024070022,457,-0.0696576400692066,0.4439243356273946,45.52845528455284,123,-0.034002664448687034,0.4137213788092229,46.89655172413793,580
950,15.833333333333334,15:50,-0.02564626940855315,0.5844865439265974,47.26477024070022,457,-0.06987337160716646,0.4425109185949732,45.52845528455284,123,-0.03463517363545367,0.40508402295068396,46.89655172413793,580
951,15.85,15:51,-0.027918333202730638,0.5516380568738705,47.04595185995623,457,-0.07256806714433395,0.42507149872835176,45.52845528455284,123,-0.03700137193325087,0.37373804855708803,46.724137931034484,580
952,15.866666666666667,15:52,-0.031349608914463235,0.5038100026996973,46.608315098468275,457,-0.07220377286342464,0.4274056800896034,44.71544715447154,123,-0.03964513421123528,0.3405413138352196,46.206896551724135,580
953,15.883333333333333,15:53,-0.031214442361106737,0.5056519193040647,47.4835886214442,457,-0.07640867786683758,0.4009141748125733,44.71544715447154,123,-0.04039289996011968,0.33150466432359793,46.89655172413793,580
954,15.9,15:54,-0.030777463982349762,0.5116307201885871,47.26477024070022,457,-0.07310666664666977,0.4216339808487399,45.52845528455284,123,-0.039388577085155044,0.3436777019997279,46.89655172413793,580
955,15.916666666666666,15:55,-0.029056608630397184,0.5355283951156501,47.04595185995623,457,-0.07973947950433788,0.38063814527952644,47.15447154471545,123,-0.039366759827404056,0.3439452622410191,47.06896551724138,580
956,15.933333333333334,15:56,-0.030652310630515937,0.5133498363965288,47.4835886214442,457,-0.07945545451796475,0.3823424680795339,46.34146341463415,123,-0.040617157840850675,0.3288249585770401,47.241379310344826,580
957,15.95,15:57,-0.030563860301167048,0.514566602484056,47.04595185995623,457,-0.07527547487367962,0.40795588154765955,46.34146341463415,123,-0.039688403983689585,0.3400141527723627,46.89655172413793,580
958,15.966666666666667,15:58,-0.027782638204436112,0.5535742220727865,47.4835886214442,457,-0.07340679137902506,0.4197254933429055,47.15447154471545,123,-0.037134688884916944,0.37201767446984585,47.41379310344828,580
959,15.983333333333333,15:59,-0.02769798136590307,0.554783827204514,47.70240700218819,457,-0.07552245443707761,0.4064149838703581,47.96747967479675,123,-0.037447783641328065,0.36799667219173093,47.758620689655174,580
960,16.0,16:00,-0.0277271143739989,0.5543674197559397,47.04595185995623,457,-0.07766870971105902,0.39316961820996477,47.96747967479675,123,-0.03787168025880222,0.36259586135712113,47.241379310344826,580
961,16.016666666666666,16:01,-0.02499460019570062,0.5940727267021797,47.4835886214442,457,-0.08039097946475293,0.3767461951969311,47.15447154471545,123,-0.036255584486906564,0.38345228067922194,47.41379310344828,580
962,16.033333333333335,16:02,-0.02412343034426405,0.6069985297628806,47.26477024070022,457,-0.07866512593398227,0.3871091804505001,47.15447154471545,123,-0.03521579103697384,0.3972507249288069,47.241379310344826,580
963,16.05,16:03,-0.023516526094878303,0.616076656555054,46.608315098468275,457,-0.0780546718296993,0.39081540079774674,46.34146341463415,123,-0.03465346153244035,0.4048358988455069,46.55172413793103,580
964,16.066666666666666,16:04,-0.022635943727434035,0.6293529332960179,47.26477024070022,457,-0.07418899897055864,0.41477507882653064,47.15447154471545,123,-0.03318665526695544,0.42502368810265206,47.241379310344826,580
965,16.083333333333332,16:05,-0.025732894390251372,0.5832176930023948,46.608315098468275,457,-0.07566896889377814,0.40550250834397783,47.96747967479675,123,-0.03598377426555278,0.38703073993740544,46.89655172413793,580
966,16.1,16:06,-0.03002109511133042,0.5220657293387564,46.82713347921225,457,-0.07028284628169709,0.4398351507254005,49.59349593495935,123,-0.03825217506126603,0.35779042129945265,47.41379310344828,580
967,16.116666666666667,16:07,-0.029952573309358205,0.5230164279389183,46.389496717724285,457,-0.07078565360324779,0.43656206569899736,46.34146341463415,123,-0.03831152881841525,0.357044436784513,46.37931034482759,580
968,16.133333333333333,16:08,-0.03262351349925441,0.4866253241857297,46.82713347921225,457,-0.07597681374167004,0.4035892281925832,47.15447154471545,123,-0.04147153970403229,0.31874448315094056,46.89655172413793,580
969,16.15,16:09,-0.03032176574114636,0.5179045990811558,46.608315098468275,457,-0.07621907106904532,0.4020873400593101,47.96747967479675,123,-0.03971436368954893,0.3396981329565772,46.89655172413793,580
970,16.166666666666668,16:10,-0.029217481381730817,0.5332708155981238,47.26477024070022,457,-0.07625424589228137,0.40186954731946267,46.34146341463415,123,-0.03883643116287691,0.3504898192750168,47.06896551724138,580
971,16.183333333333334,16:11,-0.02944271943557955,0.530118055363378,47.4835886214442,457,-0.07299929197499368,0.42231799314967344,45.52845528455284,123,-0.03831287761949911,0.35702749581298326,47.06896551724138,580
972,16.2,16:12,-0.028189429846630618,0.5477798719933981,47.26477024070022,457,-0.0663553092250307,0.4658755589210345,45.52845528455284,123,-0.03594326483851819,0.3875657923666658,46.89655172413793,580
973,16.216666666666665,16:13,-0.02746670409309808,0.5580949446959822,47.4835886214442,457,-0.06829949211462974,0.45288080911198486,46.34146341463415,123,-0.035762077064005825,0.38996443767417344,47.241379310344826,580
974,16.233333333333334,16:14,-0.013481723631702603,0.7737830225081992,47.4835886214442,457,-0.07031381070863348,0.43963318307733545,46.34146341463415,123,-0.02510999294055525,0.5461632911848516,47.241379310344826,580
975,16.25,16:15,-0.016810542601355075,0.7200368920835818,47.70240700218819,457,-0.07488542970255871,0.4103963499906926,45.52845528455284,123,-0.028662163703373107,0.49086812832455906,47.241379310344826,580
976,16.266666666666666,16:16,-0.01743958283808293,0.710024670785442,46.389496717724285,457,-0.06433243856287407,0.4796105540405718,44.71544715447154,123,-0.026936330185245244,0.517353206920447,46.03448275862069,580
977,16.283333333333335,16:17,-0.012778865820139457,0.7852807064810703,47.4835886214442,457,-0.06950155444810752,0.4449485533203935,44.71544715447154,123,-0.024314293010549225,0.5589587150856629,46.89655172413793,580
978,16.3,16:18,-0.012163147361818694,0.7953915291757475,46.608315098468275,457,-0.06812543299652676,0.4540359028053628,44.71544715447154,123,-0.023469165207541033,0.5727060163586003,46.206896551724135,580
979,16.316666666666666,16:19,-0.013228714051298204,0.7779163232747275,46.82713347921225,457,-0.07249429528477483,0.4255435902974314,43.08943089430895,123,-0.025235982906248955,0.5441506410897798,46.03448275862069,580
980,16.333333333333332,16:20,-0.010929081381345268,0.8157581622327921,46.82713347921225,457,-0.0745835513700389,0.4122910355907432,44.71544715447154,123,-0.023919590813204036,0.5653592371475006,46.37931034482759,580
981,16.35,16:21,-0.011592890531051721,0.8047865061639079,47.26477024070022,457,-0.06963692954486134,0.44406015939985516,45.52845528455284,123,-0.023465083944168363,0.5727727909505965,46.89655172413793,580
982,16.366666666666667,16:22,-0.008332745850017425,0.858998645133107,46.82713347921225,457,-0.06951686371166169,0.44484803669201217,44.71544715447154,123,-0.020923673930219683,0.6150509192844291,46.37931034482759,580
983,16.383333333333333,16:23,-0.008732170756842865,0.8523155244263634,46.608315098468275,457,-0.06661637734640681,0.4641188030034788,43.90243902439025,123,-0.02071327188503664,0.6186116948767185,46.03448275862069,580
984,16.4,16:24,-0.00945394781696557,0.8402659320429023,46.82713347921225,457,-0.06875152351666823,0.4498886990220073,42.27642276422765,123,-0.021749240417883616,0.6011670837596664,45.86206896551724,580
985,16.416666666666668,16:25,-0.00903216464234827,0.8473029826114618,47.04595185995623,457,-0.07621412286999177,0.40211798354263045,42.27642276422765,123,-0.02301218338055422,0.5802056095751834,46.03448275862069,580
986,16.433333333333334,16:26,-0.008299358267585289,0.8595577446000251,46.608315098468275,457,-0.06686152315358164,0.46247251114461463,44.71544715447154,123,-0.020545796318331706,0.6214523999287298,46.206896551724135,580
987,16.45,16:27,-0.006973925545917243,0.8818069239957095,46.389496717724285,457,-0.07119645677263556,0.43389821074485446,43.90243902439025,123,-0.02040675466412706,0.6238150966349829,45.86206896551724,580
988,16.466666666666665,16:28,-0.006769198459355661,0.8852523048410702,47.26477024070022,457,-0.05894445095190694,0.5172345118951996,45.52845528455284,123,-0.017635145750483545,0.6716917832140958,46.89655172413793,580
989,16.483333333333334,16:29,-0.006810063655984494,0.884564403826137,47.26477024070022,457,-0.059143811736545385,0.5158160023168642,44.71544715447154,123,-0.017746566739221613,0.6697395483081803,46.724137931034484,580
990,16.5,16:30,-0.005669859686770114,0.9037886352228118,46.389496717724285,457,-0.06622669487486664,0.46674235817040505,45.52845528455284,123,-0.018326506211772845,0.6596144379394917,46.206896551724135,580
991,16.516666666666666,16:31,-0.0065287522167398575,0.8893015665412565,46.608315098468275,457,-0.06097841272972429,0.5028564835407594,45.52845528455284,123,-0.01790204810692227,0.6670190383218003,46.37931034482759,580
992,16.533333333333335,16:32,-0.00840348215008183,0.8578143472179438,46.608315098468275,457,-0.06409621072879963,0.4812286091486993,45.52845528455284,123,-0.020017920826577676,0.6304429033772524,46.37931034482759,580
993,16.55,16:33,-0.010542192122147999,0.8221695896821911,47.04595185995623,457,-0.06740339682783174,0.4588449663939786,44.71544715447154,123,-0.02245896811372305,0.5893454440278267,46.55172413793103,580
994,16.566666666666666,16:34,-0.015652638042738327,0.7385914409639283,45.29540481400438,457,-0.06898115727757145,0.44837294384022197,44.71544715447154,123,-0.026729039244882957,0.5205832576025485,45.17241379310345,580
995,16.583333333333332,16:35,-0.013822092654337198,0.7682326600468674,45.73304157549234,457,-0.07782154461968413,0.3922363723381477,45.52845528455284,123,-0.027053712441942587,0.5155287319499756,45.689655172413794,580
996,16.6,16:36,-0.011381706061507856,0.8082729887970933,45.73304157549234,457,-0.08110023963546284,0.37253686748135517,44.71544715447154,123,-0.025823278102671682,0.5348175943429081,45.51724137931035,580
997,16.616666666666667,16:37,-0.013345258701148104,0.7760116012024947,46.17067833698031,457,-0.08683932142298309,0.3395439401610427,44.71544715447154,123,-0.028541094544086917,0.4927020814222848,45.86206896551724,580
998,16.633333333333333,16:38,-0.009248243583575386,0.8436963583249729,47.70240700218819,457,-0.08847272466156675,0.3305029928101008,43.90243902439025,123,-0.025628362319661827,0.5379061642195133,46.89655172413793,580
999,16.65,16:39,-0.00929643225887983,0.8428924723411788,47.26477024070022,457,-0.08360171588038667,0.3579221659950657,44.71544715447154,123,-0.024664747174193185,0.5533052999414846,46.724137931034484,580
1000,16.666666666666668,16:40,-0.009372327321197138,0.8416267180788295,47.4835886214442,457,-0.0860467283756784,0.34398687440930786,43.90243902439025,123,-0.025190153256329704,0.5448823295421187,46.724137931034484,580
1001,16.683333333333334,16:41,-0.00904367319340272,0.8471108096021327,47.26477024070022,457,-0.07971934010941278,0.3807588418913975,44.71544715447154,123,-0.02366770980795619,0.569462037146752,46.724137931034484,580
1002,16.7,16:42,-0.01000927365748171,0.8310203060994722,48.35886214442014,457,-0.08225294682908604,0.3657574487960351,44.71544715447154,123,-0.024871063548548046,0.5499901914849028,47.58620689655172,580
1003,16.716666666666665,16:43,-0.00825209545748326,0.8603493148344353,48.14004376367615,457,-0.07619685337766641,0.40222494185686253,43.90243902439025,123,-0.022192795314109157,0.593766437050154,47.241379310344826,580
1004,16.733333333333334,16:44,-0.01262937185255192,0.7877323274917787,47.921225382932164,457,-0.07711509263241358,0.39656123991227804,43.90243902439025,123,-0.025806382905136326,0.5350849563866522,47.06896551724138,580
1005,16.75,16:45,-0.009864549874842954,0.8334276234917571,47.04595185995623,457,-0.07875253255790106,0.3865802509653707,44.71544715447154,123,-0.023929530947834864,0.5651976168640254,46.55172413793103,580
1006,16.766666666666666,16:46,-0.014654411104826789,0.7547104521873716,48.35886214442014,457,-0.07803780209956747,0.390918122469438,43.90243902439025,123,-0.027484043999035663,0.5088686810497254,47.41379310344828,580
1007,16.783333333333335,16:47,-0.015617384875600257,0.7391587974070489,47.921225382932164,457,-0.08033382624573734,0.3770866456115145,43.90243902439025,123,-0.02855042743087176,0.4925605768615912,47.06896551724138,580
1008,16.8,16:48,-0.0158431615213907,0.7355276613718503,47.04595185995623,457,-0.08228777348035274,0.36555381339041,43.90243902439025,123,-0.02906600314624637,0.484777324054738,46.37931034482759,580
1009,16.816666666666666,16:49,-0.01724180482855474,0.7131673588693632,47.26477024070022,457,-0.08966011865133763,0.3240282233627415,44.71544715447154,123,-0.03171737274924458,0.44582164150198217,46.724137931034484,580
1010,16.833333333333332,16:50,-0.018191055109205156,0.6981289521602887,47.04595185995623,457,-0.08895067920887337,0.3278868663131837,45.52845528455284,123,-0.032394279350507066,0.4361688945496498,46.724137931034484,580
1011,16.85,16:51,-0.01764735918012679,0.7067283967541306,47.921225382932164,457,-0.09138293798976513,0.31477992877960526,46.34146341463415,123,-0.03248777508199624,0.4348451469020204,47.58620689655172,580
1012,16.866666666666667,16:52,-0.017020821612440916,0.7166845235488756,47.921225382932164,457,-0.08756008692938817,0.335535340865159,47.15447154471545,123,-0.031262325768296725,0.4523782978031762,47.758620689655174,580
1013,16.883333333333333,16:53,-0.01786091660946153,0.7033461118474377,48.14004376367615,457,-0.07885959093185882,0.3859329953308207,47.96747967479675,123,-0.030183288486953966,0.4681410632890905,48.10344827586207,580
1014,16.9,16:54,-0.014029420853294956,0.7648575556045917,48.14004376367615,457,-0.07857365092991295,0.3876631957383925,47.15447154471545,123,-0.02716043537447026,0.5138728307748981,47.93103448275862,580
1015,16.916666666666668,16:55,-0.014357402256910106,0.7595274342492735,48.796498905908095,457,-0.07647254365998965,0.40051947181794756,47.15447154471545,123,-0.026951600084208674,0.5171156780503918,48.44827586206897,580
1016,16.933333333333334,16:56,-0.014284033155569328,0.7607187988418121,48.14004376367615,457,-0.07162408969959812,0.43113510535962757,46.34146341463415,123,-0.02596357328386922,0.5326000594930097,47.758620689655174,580
1017,16.95,16:57,-0.014533368120272686,0.7566724291729964,47.921225382932164,457,-0.07159569943409295,0.4313182332058598,45.52845528455284,123,-0.0262149335141563,0.5286386486026774,47.41379310344828,580
1018,16.966666666666665,16:58,-0.01399303067319484,0.765449632938069,47.4835886214442,457,-0.06686963092022465,0.4624181179538489,46.34146341463415,123,-0.024836287633318754,0.5505482891818645,47.241379310344826,580
1019,16.983333333333334,16:59,-0.017530570131330508,0.7085805301939565,48.14004376367615,457,-0.06068977087633224,0.5048841055929977,47.15447154471545,123,-0.02642962331195137,0.5252670473475937,47.93103448275862,580
1020,17.0,17:00,-0.013437708490273027,0.7745016220361429,48.14004376367615,457,-0.05908724920498824,0.5162182584336965,46.34146341463415,123,-0.02289896625919597,0.5820707026185918,47.758620689655174,580
1021,17.016666666666666,17:01,-0.013544090417561352,0.7727651414791019,47.921225382932164,457,-0.0685214111660792,0.45141048613557744,47.96747967479675,123,-0.02494472219690789,0.548809007036327,47.93103448275862,580
1022,17.033333333333335,17:02,-0.012766532295215198,0.7854828897222557,48.35886214442014,457,-0.06534367058850456,0.4727173156220093,47.15447154471545,123,-0.023657358713412888,0.569630945197378,48.10344827586207,580
1023,17.05,17:03,-0.010188792824615328,0.828036403591603,48.57768052516411,457,-0.06384002355232968,0.4829866885829754,47.96747967479675,123,-0.021289101521858173,0.6088880230710955,48.44827586206897,580
1024,17.066666666666666,17:04,-0.007048151964749981,0.8805583041015659,47.921225382932164,457,-0.057568356006993934,0.5270799366347354,50.40650406504065,123,-0.01740206787169707,0.6757827369156195,48.44827586206897,580
1025,17.083333333333332,17:05,-0.0061133248505439415,0.8963043458149985,47.26477024070022,457,-0.05634923942556026,0.5358804476896836,49.59349593495935,123,-0.016355926601312482,0.6942608406026711,47.758620689655174,580
1026,17.1,17:06,-0.0035431891015916313,0.9397870395542431,47.04595185995623,457,-0.05871558042006515,0.5188654476553863,49.59349593495935,123,-0.01481788680770683,0.7217569455315991,47.58620689655172,580
1027,17.116666666666667,17:07,-0.0033679004467875888,0.9427606638694019,46.608315098468275,457,-0.06351169493135618,0.48524486424768193,49.59349593495935,123,-0.015666686763437267,0.7065356071231502,47.241379310344826,580
1028,17.133333333333333,17:08,-0.0053664766528007096,0.9089137349775512,47.26477024070022,457,-0.060079119120345456,0.5091877323303798,50.40650406504065,123,-0.016538591766588857,0.6910209363181135,47.93103448275862,580
1029,17.15,17:09,-0.00551811062844172,0.9063516712990723,47.26477024070022,457,-0.05134351384053904,0.572764201886884,50.40650406504065,123,-0.014838866227027172,0.7213793693505539,47.93103448275862,580
1030,17.166666666666668,17:10,-0.01031279340844339,0.8259767515935327,48.35886214442014,457,-0.051976363642544966,0.5680361585307098,50.40650406504065,123,-0.0188314652930358,0.6508486918417961,48.79310344827586,580
1031,17.183333333333334,17:11,-0.014206108465257493,0.7619847564882032,48.35886214442014,457,-0.05383120526663173,0.5542858267079744,49.59349593495935,123,-0.022329458737499943,0.5914946367949981,48.62068965517241,580
1032,17.2,17:12,-0.013211812746961015,0.7781926568164566,48.14004376367615,457,-0.05651280227333615,0.5346954959295503,49.59349593495935,123,-0.022059043699629705,0.5959936815769594,48.44827586206897,580
1033,17.216666666666665,17:13,-0.011389819674637213,0.8081389690944352,48.57768052516411,457,-0.057428407535824455,0.5280864780278123,51.21951219512195,123,-0.020816354928107735,0.6168660280829156,49.137931034482754,580
1034,17.233333333333334,17:14,-0.01479014133421489,0.7525122859941752,48.14004376367615,457,-0.07811327414536742,0.3904586905879388,48.78048780487805,123,-0.02779530569291304,0.5040796010009516,48.275862068965516,580
